[2026-09-17 13:46:08,672] [basehttp.py:154] [basehttp:log_message] [INFO]- "GET / HTTP/1.1" 302 0
[2026-09-17 13:46:08,684] [basehttp.py:154] [basehttp:log_message] [INFO]- "GET /login/ HTTP/1.1" 200 4823
[2026-09-17 13:46:08,736] [basehttp.py:154] [basehttp:log_message] [INFO]- "GET /static/vendor/fontawesome-free/css/all.min.css HTTP/1.1" 200 54645
[2026-09-17 13:46:08,771] [basehttp.py:154] [basehttp:log_message] [INFO]- "GET /static/css/test1.css HTTP/1.1" 200 29532
[2026-09-17 13:46:08,778] [basehttp.py:154] [basehttp:log_message] [INFO]- "GET /static/css/bootstrap.min.css HTTP/1.1" 200 144883
[2026-09-17 13:46:08,808] [basehttp.py:154] [basehttp:log_message] [INFO]- "GET /static/css/sb-admin.css HTTP/1.1" 200 225559
[2026-09-17 13:46:08,827] [basehttp.py:154] [basehttp:log_message] [INFO]- "GET /static/vendor/jquery-easing/jquery.easing.min.js HTTP/1.1" 200 2532
[2026-09-17 13:46:08,833] [basehttp.py:154] [basehttp:log_message] [INFO]- "GET /static/src/yellow.jpg HTTP/1.1" 200 81394
[2026-09-17 13:46:08,887] [basehttp.py:154] [basehttp:log_message] [INFO]- "GET /static/vendor/bootstrap/js/bootstrap.bundle.min.js HTTP/1.1" 200 76314
[2026-09-17 13:46:08,887] [basehttp.py:154] [basehttp:log_message] [INFO]- "GET /static/vendor/jquery/jquery.min.js HTTP/1.1" 200 86929
[2026-09-17 13:46:09,117] [basehttp.py:154] [basehttp:log_message] [INFO]- "GET /favicon.ico HTTP/1.1" 302 0
[2026-09-17 13:46:09,122] [basehttp.py:154] [basehttp:log_message] [INFO]- "GET /login/ HTTP/1.1" 200 4823
[2026-09-17 13:46:10,651] [UserIP.py:90] [UserIP:process_response] [CRITICAL]- 系统错误Expecting value: line 1 column 1 (char 0)
[2026-09-17 13:46:10,703] [basehttp.py:154] [basehttp:log_message] [INFO]- "POST /login/ HTTP/1.1" 302 0
[2026-09-17 13:46:10,736] [basehttp.py:154] [basehttp:log_message] [INFO]- "GET /login/ HTTP/1.1" 302 0
[2026-09-17 13:46:11,098] [basehttp.py:154] [basehttp:log_message] [INFO]- "GET /index/ HTTP/1.1" 200 47351
[2026-09-17 13:46:11,149] [basehttp.py:154] [basehttp:log_message] [INFO]- "GET /static/css/lib/calendar2/pignose.calendar.min.css HTTP/1.1" 200 14709
[2026-09-17 13:46:11,161] [basehttp.py:154] [basehttp:log_message] [INFO]- "GET /static/css/lib/chartist/chartist.min.css HTTP/1.1" 200 11508
[2026-09-17 13:46:11,186] [basehttp.py:154] [basehttp:log_message] [INFO]- "GET /static/css/lib/font-awesome.min.css HTTP/1.1" 200 41765
[2026-09-17 13:46:11,192] [basehttp.py:154] [basehttp:log_message] [INFO]- "GET /static/css/lib/owl.carousel.min.css HTTP/1.1" 200 3016
[2026-09-17 13:46:11,205] [basehttp.py:154] [basehttp:log_message] [INFO]- "GET /static/download_UPK/element-ui@2.12.0/lib/theme-chalk/index.css HTTP/1.1" 200 232694
[2026-09-17 13:46:11,207] [basehttp.py:154] [basehttp:log_message] [INFO]- "GET /static/css/lib/themify-icons.css HTTP/1.1" 200 18695
[2026-09-17 13:46:11,209] [basehttp.py:154] [basehttp:log_message] [INFO]- "GET /static/css/lib/owl.theme.default.min.css HTTP/1.1" 200 1008
[2026-09-17 13:46:11,215] [basehttp.py:154] [basehttp:log_message] [INFO]- "GET /static/css/lib/weather-icons.css HTTP/1.1" 200 32590
[2026-09-17 13:46:11,230] [basehttp.py:154] [basehttp:log_message] [INFO]- "GET /static/css/lib/menubar/sidebar.css HTTP/1.1" 200 17496
[2026-09-17 13:46:11,231] [basehttp.py:154] [basehttp:log_message] [INFO]- "GET /static/css/lib/helper.css HTTP/1.1" 200 55773
[2026-09-17 13:46:11,231] [basehttp.py:154] [basehttp:log_message] [INFO]- "GET /static/css/bootstrap-icons/font/bootstrap-icons.css HTTP/1.1" 200 73271
[2026-09-17 13:46:11,241] [basehttp.py:154] [basehttp:log_message] [INFO]- "GET /static/css/uploadbutton.css HTTP/1.1" 200 175
[2026-09-17 13:46:11,244] [basehttp.py:154] [basehttp:log_message] [INFO]- "GET /static/css/home_zerogrid.css HTTP/1.1" 200 4828
[2026-09-17 13:46:11,247] [basehttp.py:154] [basehttp:log_message] [INFO]- "GET /static/css/style.css HTTP/1.1" 200 91486
[2026-09-17 13:46:11,287] [basehttp.py:154] [basehttp:log_message] [INFO]- "GET /static/css/home_menu.css HTTP/1.1" 200 8597
[2026-09-17 13:46:11,291] [basehttp.py:154] [basehttp:log_message] [INFO]- "GET /static/css/home_style.css HTTP/1.1" 200 23905
[2026-09-17 13:46:11,309] [basehttp.py:154] [basehttp:log_message] [INFO]- "GET /static/css/ElementUI.css HTTP/1.1" 200 232696
[2026-09-17 13:46:11,352] [basehttp.py:154] [basehttp:log_message] [INFO]- "GET /static/js/lib/menubar/sidebar.js HTTP/1.1" 200 7681
[2026-09-17 13:46:11,403] [basehttp.py:154] [basehttp:log_message] [INFO]- "GET /static/js/scripts.js HTTP/1.1" 200 1906
[2026-09-17 13:46:11,404] [basehttp.py:154] [basehttp:log_message] [INFO]- "GET /static/js/lib/preloader/pace.min.js HTTP/1.1" 200 27501
[2026-09-17 13:46:11,418] [basehttp.py:154] [basehttp:log_message] [INFO]- "GET /static/js/lib/jquery.nanoscroller.min.js HTTP/1.1" 200 12440
[2026-09-17 13:46:11,422] [basehttp.py:154] [basehttp:log_message] [INFO]- "GET /static/js/lib/calendar-2/pignose.init.js HTTP/1.1" 200 258
[2026-09-17 13:46:11,437] [basehttp.py:154] [basehttp:log_message] [INFO]- "GET /static/js/lib/bootstrap.min.js HTTP/1.1" 200 69811
[2026-09-17 13:46:11,441] [basehttp.py:154] [basehttp:log_message] [INFO]- "GET /static/js/lib/jquery.min.js HTTP/1.1" 200 97367
[2026-09-17 13:46:11,442] [basehttp.py:154] [basehttp:log_message] [INFO]- "GET /static/js/lib/calendar-2/moment.latest.min.js HTTP/1.1" 200 61867
[2026-09-17 13:46:11,445] [basehttp.py:154] [basehttp:log_message] [INFO]- "GET /static/js/lib/circle-progress/circle-progress-init.js HTTP/1.1" 200 1252
[2026-09-17 13:46:11,452] [basehttp.py:154] [basehttp:log_message] [INFO]- "GET /static/js/lib/calendar-2/pignose.calendar.min.js HTTP/1.1" 200 24271
[2026-09-17 13:46:11,459] [basehttp.py:154] [basehttp:log_message] [INFO]- "GET /static/js/lib/circle-progress/circle-progress.min.js HTTP/1.1" 200 4462
[2026-09-17 13:46:11,469] [basehttp.py:154] [basehttp:log_message] [INFO]- "GET /static/js/lib/owl-carousel/owl.carousel-init.js HTTP/1.1" 200 1044
[2026-09-17 13:46:11,529] [basehttp.py:154] [basehttp:log_message] [INFO]- "GET /static/js/lib/sparklinechart/sparkline.init.js HTTP/1.1" 200 9974
[2026-09-17 13:46:11,538] [basehttp.py:154] [basehttp:log_message] [INFO]- "GET /static/js/lib/owl-carousel/owl.carousel.min.js HTTP/1.1" 200 42860
[2026-09-17 13:46:11,542] [basehttp.py:154] [basehttp:log_message] [INFO]- "GET /static/js/date.js HTTP/1.1" 200 764
[2026-09-17 13:46:11,551] [basehttp.py:154] [basehttp:log_message] [INFO]- "GET /static/js/lib/sparklinechart/jquery.sparkline.min.js HTTP/1.1" 200 43251
[2026-09-17 13:46:11,733] [basehttp.py:154] [basehttp:log_message] [INFO]- "GET /static/vendor/datatables/jquery.dataTables.js HTTP/1.1" 200 462902
[2026-09-17 13:46:11,757] [basehttp.py:154] [basehttp:log_message] [INFO]- "GET /static/js/datapicker.js HTTP/1.1" 200 11813
[2026-09-17 13:46:11,765] [basehttp.py:154] [basehttp:log_message] [INFO]- "GET /static/js/lib/calendar-2/prism.min.js HTTP/1.1" 200 8828
[2026-09-17 13:46:11,797] [basehttp.py:154] [basehttp:log_message] [INFO]- "GET /static/js/vue-router.min.js HTTP/1.1" 200 27797
[2026-09-17 13:46:11,854] [basehttp.py:154] [basehttp:log_message] [INFO]- "GET /static/js/lib/calendar-2/semantic.ui.min.js HTTP/1.1" 200 287792
[2026-09-17 13:46:11,874] [basehttp.py:154] [basehttp:log_message] [INFO]- "GET /static/js/qs.js HTTP/1.1" 200 26204
[2026-09-17 13:46:11,923] [basehttp.py:154] [basehttp:log_message] [INFO]- "GET /static/js/es6/polyfill.min.js HTTP/1.1" 200 97799
[2026-09-17 13:46:11,943] [basehttp.py:154] [basehttp:log_message] [INFO]- "GET /static/js/axios.min.js HTTP/1.1" 200 13704
[2026-09-17 13:46:11,950] [basehttp.py:154] [basehttp:log_message] [INFO]- "GET /static/js/xlsx/FileSaver.min.js HTTP/1.1" 200 2613
[2026-09-17 13:46:11,959] [basehttp.py:154] [basehttp:log_message] [INFO]- "GET /static/js/vue.min.js HTTP/1.1" 200 93680
[2026-09-17 13:46:11,977] [basehttp.py:154] [basehttp:log_message] [INFO]- "GET /static/js/Element/table.js HTTP/1.1" 200 29314
[2026-09-17 13:46:11,979] [basehttp.py:154] [basehttp:log_message] [INFO]- "GET /static/js/Element/input.js HTTP/1.1" 200 30197
[2026-09-17 13:46:11,983] [basehttp.py:154] [basehttp:log_message] [INFO]- "GET /static/css/admin/assets/fonts/themify.woff?-fvbane HTTP/1.1" 200 0
[2026-09-17 13:46:11,986] [basehttp.py:154] [basehttp:log_message] [INFO]- "GET /static/js/Element/main.js HTTP/1.1" 200 8989
[2026-09-17 13:46:11,994] [basehttp.py:154] [basehttp:log_message] [INFO]- "GET /static/js/Element/table-column.js HTTP/1.1" 200 29272
[2026-09-17 13:46:12,009] [basehttp.py:154] [basehttp:log_message] [INFO]- "GET /static/css/bootstrap-icons/font/fonts/bootstrap-icons.woff2?30af91bf14e37666a085fb8a161ff36d HTTP/1.1" 200 92064
[2026-09-17 13:46:12,019] [basehttp.py:154] [basehttp:log_message] [INFO]- "GET /static/js/Element/icon.js HTTP/1.1" 200 8963
[2026-09-17 13:46:12,021] [basehttp.py:154] [basehttp:log_message] [INFO]- "GET /static/js/Element/dialog.js HTTP/1.1" 200 12452
[2026-09-17 13:46:12,063] [basehttp.py:154] [basehttp:log_message] [INFO]- "GET /static/js/Element/date-picker.js HTTP/1.1" 200 192225
[2026-09-17 13:46:12,063] [basehttp.py:154] [basehttp:log_message] [INFO]- "GET /static/js/Element/form.js HTTP/1.1" 200 10523
[2026-09-17 13:46:12,088] [basehttp.py:154] [basehttp:log_message] [INFO]- "GET /static/js/Element/message.js HTTP/1.1" 200 11465
[2026-09-17 13:46:12,101] [basehttp.py:154] [basehttp:log_message] [INFO]- "GET /static/js/Element/tooltip.js HTTP/1.1" 200 8774
[2026-09-17 13:46:12,148] [basehttp.py:154] [basehttp:log_message] [INFO]- "GET /static/js/xlsx/xlsx.core.min.js HTTP/1.1" 200 480575
[2026-09-17 13:46:12,205] [basehttp.py:154] [basehttp:log_message] [INFO]- "GET /static/js/Element/pagination.js HTTP/1.1" 200 23027
[2026-09-17 13:46:12,234] [basehttp.py:154] [basehttp:log_message] [INFO]- "GET /static/js/xlsx/xlsx.js HTTP/1.1" 200 5900
[2026-09-17 13:46:12,235] [basehttp.py:154] [basehttp:log_message] [INFO]- "GET /static/css/admin/assets/fonts/themify.ttf?-fvbane HTTP/1.1" 200 0
[2026-09-17 13:46:12,239] [basehttp.py:154] [basehttp:log_message] [INFO]- "GET /static/js/Element/index.js HTTP/1.1" 200 563790
[2026-09-17 13:46:12,255] [basehttp.py:154] [basehttp:log_message] [INFO]- "GET /static/js/es6/babel.min.js HTTP/1.1" 200 791258
[2026-09-17 13:46:12,291] [basehttp.py:154] [basehttp:log_message] [INFO]- "GET /static/fonts/themify.woff?-fvbane HTTP/1.1" 200 56108
[2026-09-17 13:46:12,614] [basehttp.py:154] [basehttp:log_message] [INFO]- "GET /static/src/jinqiu5.jpg HTTP/1.1" 200 76515
[2026-09-17 13:46:12,639] [basehttp.py:154] [basehttp:log_message] [INFO]- "GET /static/css/fonts/element-icons.ttf HTTP/1.1" 200 55956
[2026-09-17 13:46:12,649] [basehttp.py:154] [basehttp:log_message] [INFO]- "GET /static/src/qiu1.jpg HTTP/1.1" 200 611283
[2026-09-17 13:46:12,678] [basehttp.py:154] [basehttp:log_message] [INFO]- "GET /static/src/lu.jpg HTTP/1.1" 200 680519
[2026-09-17 13:46:12,737] [UserIP.py:88] [UserIP:process_response] [INFO]- 2026-09-17 13:46:12: C1010S3/AnonymousUser/Cao.Edwin> None/EDWIN/bxbei > 127.0.0.1/127.0.0.1 > <WSGIRequest: POST '/index/'>
[2026-09-17 13:46:12,752] [basehttp.py:154] [basehttp:log_message] [INFO]- "POST /index/ HTTP/1.1" 200 1621
[2026-09-17 13:46:12,949] [log.py:228] [log:log_response] [WARNING]- Not Found: /media/img/UserInfo/Jully_Li.jpg
[2026-09-17 13:46:12,951] [basehttp.py:154] [basehttp:log_message] [WARNING]- "GET /media/img/UserInfo/Jully_Li.jpg HTTP/1.1" 404 1803
[2026-09-17 13:46:12,986] [basehttp.py:154] [basehttp:log_message] [INFO]- "GET /favicon.ico HTTP/1.1" 200 38274
[2026-09-17 13:46:29,694] [basehttp.py:154] [basehttp:log_message] [INFO]- "GET /DeviceLNV/M_edit/ HTTP/1.1" 200 135297
[2026-09-17 13:46:29,715] [basehttp.py:154] [basehttp:log_message] [INFO]- "GET /static/src/back/document_save_2_24px_539656_easyicon.net.png HTTP/1.1" 200 2187
[2026-09-17 13:46:29,771] [basehttp.py:154] [basehttp:log_message] [INFO]- "GET /static/css/index.css HTTP/1.1" 200 232694
[2026-09-17 13:46:29,772] [basehttp.py:154] [basehttp:log_message] [INFO]- "GET /static/js/Element/image.js HTTP/1.1" 200 26016
[2026-09-17 13:46:30,273] [basehttp.py:154] [basehttp:log_message] [INFO]- "GET /static/css/fonts/element-icons.woff HTTP/1.1" 200 28200
[2026-09-17 13:46:30,368] [basehttp.py:154] [basehttp:log_message] [INFO]- "GET /favicon.ico HTTP/1.1" 200 38274
[2026-09-17 13:46:33,693] [UserIP.py:88] [UserIP:process_response] [INFO]- 2026-09-17 13:46:33: C1010S3/AnonymousUser/Cao.Edwin> None/EDWIN/bxbei > 127.0.0.1/127.0.0.1 > <WSGIRequest: POST '/DeviceLNV/M_edit/'>
[2026-09-17 13:46:33,726] [basehttp.py:154] [basehttp:log_message] [INFO]- "POST /DeviceLNV/M_edit/ HTTP/1.1" 200 37082
[2026-09-17 13:47:03,427] [UserIP.py:88] [UserIP:process_response] [INFO]- 2026-09-17 13:47:03: C1010S3/AnonymousUser/Cao.Edwin> None/EDWIN/bxbei > 127.0.0.1/127.0.0.1 > <WSGIRequest: POST '/DeviceLNV/M_edit/'>
[2026-09-17 13:47:03,466] [basehttp.py:154] [basehttp:log_message] [INFO]- "POST /DeviceLNV/M_edit/ HTTP/1.1" 200 216179
[2026-09-17 13:47:03,989] [log.py:228] [log:log_response] [WARNING]- Not Found: /media/DeviceLNV/Zaihuo/1459.jpg
[2026-09-17 13:47:03,992] [basehttp.py:154] [basehttp:log_message] [WARNING]- "GET /media/DeviceLNV/Zaihuo/1459.jpg HTTP/1.1" 404 1803
[2026-09-17 13:47:04,009] [log.py:228] [log:log_response] [WARNING]- Not Found: /media/DeviceLNV/Device/202.jpg
[2026-09-17 13:47:04,012] [basehttp.py:154] [basehttp:log_message] [WARNING]- "GET /media/DeviceLNV/Device/202.jpg HTTP/1.1" 404 1800
[2026-09-17 13:47:04,017] [log.py:228] [log:log_response] [WARNING]- Not Found: /media/DeviceLNV/Zaihuo/2048.jpg
[2026-09-17 13:47:04,025] [basehttp.py:154] [basehttp:log_message] [WARNING]- "GET /media/DeviceLNV/Zaihuo/2048.jpg HTTP/1.1" 404 1803
[2026-09-17 13:47:04,039] [log.py:228] [log:log_response] [WARNING]- Not Found: /media/DeviceLNV/Device/2048.jpg
[2026-09-17 13:47:04,042] [basehttp.py:154] [basehttp:log_message] [WARNING]- "GET /media/DeviceLNV/Device/2048.jpg HTTP/1.1" 404 1803
[2026-09-17 13:47:04,048] [log.py:228] [log:log_response] [WARNING]- Not Found: /media/DeviceLNV/Device/1459.jpg
[2026-09-17 13:47:04,053] [log.py:228] [log:log_response] [WARNING]- Not Found: /media/DeviceLNV/Zaihuo/202.jpg
[2026-09-17 13:47:04,056] [basehttp.py:154] [basehttp:log_message] [WARNING]- "GET /media/DeviceLNV/Device/1459.jpg HTTP/1.1" 404 1803
[2026-09-17 13:47:04,059] [log.py:228] [log:log_response] [WARNING]- Not Found: /media/DeviceLNV/Device/2216.jpg
[2026-09-17 13:47:04,065] [basehttp.py:154] [basehttp:log_message] [WARNING]- "GET /media/DeviceLNV/Zaihuo/202.jpg HTTP/1.1" 404 1800
[2026-09-17 13:47:04,072] [log.py:228] [log:log_response] [WARNING]- Not Found: /media/DeviceLNV/Zaihuo/2216.jpg
[2026-09-17 13:47:04,085] [basehttp.py:154] [basehttp:log_message] [WARNING]- "GET /media/DeviceLNV/Device/2216.jpg HTTP/1.1" 404 1803
[2026-09-17 13:47:04,093] [basehttp.py:154] [basehttp:log_message] [WARNING]- "GET /media/DeviceLNV/Zaihuo/2216.jpg HTTP/1.1" 404 1803
[2026-09-17 13:47:04,101] [log.py:228] [log:log_response] [WARNING]- Not Found: /media/DeviceLNV/Device/247.jpg
[2026-09-17 13:47:04,113] [basehttp.py:154] [basehttp:log_message] [WARNING]- "GET /media/DeviceLNV/Device/247.jpg HTTP/1.1" 404 1800
[2026-09-17 13:47:04,129] [log.py:228] [log:log_response] [WARNING]- Not Found: /media/DeviceLNV/Zaihuo/247.jpg
[2026-09-17 13:47:04,149] [basehttp.py:154] [basehttp:log_message] [WARNING]- "GET /media/DeviceLNV/Zaihuo/247.jpg HTTP/1.1" 404 1800
[2026-09-17 13:47:04,152] [log.py:228] [log:log_response] [WARNING]- Not Found: /media/DeviceLNV/Device/2217.jpg
[2026-09-17 13:47:04,166] [basehttp.py:154] [basehttp:log_message] [WARNING]- "GET /media/DeviceLNV/Device/2217.jpg HTTP/1.1" 404 1803
[2026-09-17 13:47:04,172] [log.py:228] [log:log_response] [WARNING]- Not Found: /media/DeviceLNV/Zaihuo/2217.jpg
[2026-09-17 13:47:04,184] [basehttp.py:154] [basehttp:log_message] [WARNING]- "GET /media/DeviceLNV/Zaihuo/2217.jpg HTTP/1.1" 404 1803
[2026-09-17 13:47:04,186] [log.py:228] [log:log_response] [WARNING]- Not Found: /media/DeviceLNV/Device/1299.jpg
[2026-09-17 13:47:04,198] [log.py:228] [log:log_response] [WARNING]- Not Found: /media/DeviceLNV/Device/1300.jpg
[2026-09-17 13:47:04,204] [basehttp.py:154] [basehttp:log_message] [WARNING]- "GET /media/DeviceLNV/Device/1299.jpg HTTP/1.1" 404 1803
[2026-09-17 13:47:04,204] [basehttp.py:154] [basehttp:log_message] [WARNING]- "GET /media/DeviceLNV/Device/1300.jpg HTTP/1.1" 404 1803
[2026-09-17 13:47:04,219] [log.py:228] [log:log_response] [WARNING]- Not Found: /media/DeviceLNV/Zaihuo/1299.jpg
[2026-09-17 13:47:04,236] [basehttp.py:154] [basehttp:log_message] [WARNING]- "GET /media/DeviceLNV/Zaihuo/1299.jpg HTTP/1.1" 404 1803
[2026-09-17 13:47:04,238] [log.py:228] [log:log_response] [WARNING]- Not Found: /media/DeviceLNV/Zaihuo/1300.jpg
[2026-09-17 13:47:04,245] [basehttp.py:154] [basehttp:log_message] [WARNING]- "GET /media/DeviceLNV/Zaihuo/1300.jpg HTTP/1.1" 404 1803
[2026-09-17 13:47:04,269] [log.py:228] [log:log_response] [WARNING]- Not Found: /media/DeviceLNV/Zaihuo/227.jpg
[2026-09-17 13:47:04,278] [basehttp.py:154] [basehttp:log_message] [WARNING]- "GET /media/DeviceLNV/Zaihuo/227.jpg HTTP/1.1" 404 1800
[2026-09-17 13:47:04,285] [log.py:228] [log:log_response] [WARNING]- Not Found: /media/DeviceLNV/Device/227.jpg
[2026-09-17 13:47:04,289] [basehttp.py:154] [basehttp:log_message] [WARNING]- "GET /media/DeviceLNV/Device/227.jpg HTTP/1.1" 404 1800
[2026-09-17 13:47:04,290] [log.py:228] [log:log_response] [WARNING]- Not Found: /media/DeviceLNV/Device/2011.jpg
[2026-09-17 13:47:04,305] [basehttp.py:154] [basehttp:log_message] [WARNING]- "GET /media/DeviceLNV/Device/2011.jpg HTTP/1.1" 404 1803
[2026-09-17 13:47:04,307] [log.py:228] [log:log_response] [WARNING]- Not Found: /media/DeviceLNV/Zaihuo/2011.jpg
[2026-09-17 13:47:04,315] [basehttp.py:154] [basehttp:log_message] [WARNING]- "GET /media/DeviceLNV/Zaihuo/2011.jpg HTTP/1.1" 404 1803
[2026-09-17 13:47:04,315] [log.py:228] [log:log_response] [WARNING]- Not Found: /media/DeviceLNV/Device/46.jpg
[2026-09-17 13:47:04,325] [log.py:228] [log:log_response] [WARNING]- Not Found: /media/DeviceLNV/Zaihuo/46.jpg
[2026-09-17 13:47:04,326] [basehttp.py:154] [basehttp:log_message] [WARNING]- "GET /media/DeviceLNV/Device/46.jpg HTTP/1.1" 404 1797
[2026-09-17 13:47:04,337] [basehttp.py:154] [basehttp:log_message] [WARNING]- "GET /media/DeviceLNV/Zaihuo/46.jpg HTTP/1.1" 404 1797
[2026-09-17 13:47:04,344] [log.py:228] [log:log_response] [WARNING]- Not Found: /media/DeviceLNV/Zaihuo/21.jpg
[2026-09-17 13:47:04,352] [log.py:228] [log:log_response] [WARNING]- Not Found: /media/DeviceLNV/Device/21.jpg
[2026-09-17 13:47:04,352] [basehttp.py:154] [basehttp:log_message] [WARNING]- "GET /media/DeviceLNV/Zaihuo/21.jpg HTTP/1.1" 404 1797
[2026-09-17 13:47:04,361] [basehttp.py:154] [basehttp:log_message] [WARNING]- "GET /media/DeviceLNV/Device/21.jpg HTTP/1.1" 404 1797
[2026-09-17 13:47:04,366] [log.py:228] [log:log_response] [WARNING]- Not Found: /media/DeviceLNV/Device/41.jpg
[2026-09-17 13:47:04,381] [basehttp.py:154] [basehttp:log_message] [WARNING]- "GET /media/DeviceLNV/Device/41.jpg HTTP/1.1" 404 1797
[2026-09-17 13:47:04,386] [log.py:228] [log:log_response] [WARNING]- Not Found: /media/DeviceLNV/Zaihuo/41.jpg
[2026-09-17 13:47:04,388] [basehttp.py:154] [basehttp:log_message] [WARNING]- "GET /media/DeviceLNV/Zaihuo/41.jpg HTTP/1.1" 404 1797
[2026-09-17 13:47:04,393] [log.py:228] [log:log_response] [WARNING]- Not Found: /media/DeviceLNV/Device/111.jpg
[2026-09-17 13:47:04,403] [basehttp.py:154] [basehttp:log_message] [WARNING]- "GET /media/DeviceLNV/Device/111.jpg HTTP/1.1" 404 1800
[2026-09-17 13:47:04,403] [log.py:228] [log:log_response] [WARNING]- Not Found: /media/DeviceLNV/Zaihuo/111.jpg
[2026-09-17 13:47:04,410] [log.py:228] [log:log_response] [WARNING]- Not Found: /media/DeviceLNV/Zaihuo/115.jpg
[2026-09-17 13:47:04,416] [basehttp.py:154] [basehttp:log_message] [WARNING]- "GET /media/DeviceLNV/Zaihuo/111.jpg HTTP/1.1" 404 1800
[2026-09-17 13:47:04,417] [log.py:228] [log:log_response] [WARNING]- Not Found: /media/DeviceLNV/Device/115.jpg
[2026-09-17 13:47:04,419] [basehttp.py:154] [basehttp:log_message] [WARNING]- "GET /media/DeviceLNV/Zaihuo/115.jpg HTTP/1.1" 404 1800
[2026-09-17 13:47:04,426] [basehttp.py:154] [basehttp:log_message] [WARNING]- "GET /media/DeviceLNV/Device/115.jpg HTTP/1.1" 404 1800
[2026-09-17 13:47:04,439] [log.py:228] [log:log_response] [WARNING]- Not Found: /media/DeviceLNV/Device/114.jpg
[2026-09-17 13:47:04,450] [basehttp.py:154] [basehttp:log_message] [WARNING]- "GET /media/DeviceLNV/Device/114.jpg HTTP/1.1" 404 1800
[2026-09-17 13:47:04,456] [log.py:228] [log:log_response] [WARNING]- Not Found: /media/DeviceLNV/Zaihuo/114.jpg
[2026-09-17 13:47:04,459] [basehttp.py:154] [basehttp:log_message] [WARNING]- "GET /media/DeviceLNV/Zaihuo/114.jpg HTTP/1.1" 404 1800
[2026-09-17 13:47:04,471] [log.py:228] [log:log_response] [WARNING]- Not Found: /media/DeviceLNV/Device/18.jpg
[2026-09-17 13:47:04,475] [basehttp.py:154] [basehttp:log_message] [WARNING]- "GET /media/DeviceLNV/Device/18.jpg HTTP/1.1" 404 1797
[2026-09-17 13:47:04,491] [log.py:228] [log:log_response] [WARNING]- Not Found: /media/DeviceLNV/Device/31.jpg
[2026-09-17 13:47:04,497] [basehttp.py:154] [basehttp:log_message] [WARNING]- "GET /media/DeviceLNV/Device/31.jpg HTTP/1.1" 404 1797
[2026-09-17 13:47:04,499] [log.py:228] [log:log_response] [WARNING]- Not Found: /media/DeviceLNV/Zaihuo/18.jpg
[2026-09-17 13:47:04,515] [log.py:228] [log:log_response] [WARNING]- Not Found: /media/DeviceLNV/Zaihuo/31.jpg
[2026-09-17 13:47:04,515] [basehttp.py:154] [basehttp:log_message] [WARNING]- "GET /media/DeviceLNV/Zaihuo/18.jpg HTTP/1.1" 404 1797
[2026-09-17 13:47:04,524] [basehttp.py:154] [basehttp:log_message] [WARNING]- "GET /media/DeviceLNV/Zaihuo/31.jpg HTTP/1.1" 404 1797
[2026-09-17 13:47:04,536] [log.py:228] [log:log_response] [WARNING]- Not Found: /media/DeviceLNV/Device/53.jpg
[2026-09-17 13:47:04,542] [basehttp.py:154] [basehttp:log_message] [WARNING]- "GET /media/DeviceLNV/Device/53.jpg HTTP/1.1" 404 1797
[2026-09-17 13:47:04,552] [log.py:228] [log:log_response] [WARNING]- Not Found: /media/DeviceLNV/Zaihuo/53.jpg
[2026-09-17 13:47:04,560] [log.py:228] [log:log_response] [WARNING]- Not Found: /media/DeviceLNV/Device/65.jpg
[2026-09-17 13:47:04,562] [basehttp.py:154] [basehttp:log_message] [WARNING]- "GET /media/DeviceLNV/Zaihuo/53.jpg HTTP/1.1" 404 1797
[2026-09-17 13:47:04,565] [basehttp.py:154] [basehttp:log_message] [WARNING]- "GET /media/DeviceLNV/Device/65.jpg HTTP/1.1" 404 1797
[2026-09-17 13:47:04,566] [log.py:228] [log:log_response] [WARNING]- Not Found: /media/DeviceLNV/Zaihuo/65.jpg
[2026-09-17 13:47:04,579] [basehttp.py:154] [basehttp:log_message] [WARNING]- "GET /media/DeviceLNV/Zaihuo/65.jpg HTTP/1.1" 404 1797
[2026-09-17 13:47:04,589] [log.py:228] [log:log_response] [WARNING]- Not Found: /media/DeviceLNV/Zaihuo/1072.jpg
[2026-09-17 13:47:04,595] [log.py:228] [log:log_response] [WARNING]- Not Found: /media/DeviceLNV/Device/1072.jpg
[2026-09-17 13:47:04,596] [basehttp.py:154] [basehttp:log_message] [WARNING]- "GET /media/DeviceLNV/Zaihuo/1072.jpg HTTP/1.1" 404 1803
[2026-09-17 13:47:04,604] [log.py:228] [log:log_response] [WARNING]- Not Found: /media/DeviceLNV/Device/1156.jpg
[2026-09-17 13:47:04,604] [basehttp.py:154] [basehttp:log_message] [WARNING]- "GET /media/DeviceLNV/Device/1072.jpg HTTP/1.1" 404 1803
[2026-09-17 13:47:04,609] [basehttp.py:154] [basehttp:log_message] [WARNING]- "GET /media/DeviceLNV/Device/1156.jpg HTTP/1.1" 404 1803
[2026-09-17 13:47:04,611] [log.py:228] [log:log_response] [WARNING]- Not Found: /media/DeviceLNV/Zaihuo/1156.jpg
[2026-09-17 13:47:04,622] [basehttp.py:154] [basehttp:log_message] [WARNING]- "GET /media/DeviceLNV/Zaihuo/1156.jpg HTTP/1.1" 404 1803
[2026-09-17 13:47:04,625] [log.py:228] [log:log_response] [WARNING]- Not Found: /media/DeviceLNV/Zaihuo/461.jpg
[2026-09-17 13:47:04,633] [basehttp.py:154] [basehttp:log_message] [WARNING]- "GET /media/DeviceLNV/Zaihuo/461.jpg HTTP/1.1" 404 1800
[2026-09-17 13:47:04,641] [log.py:228] [log:log_response] [WARNING]- Not Found: /media/DeviceLNV/Device/461.jpg
[2026-09-17 13:47:04,645] [basehttp.py:154] [basehttp:log_message] [WARNING]- "GET /media/DeviceLNV/Device/461.jpg HTTP/1.1" 404 1800
[2026-09-17 13:47:04,655] [log.py:228] [log:log_response] [WARNING]- Not Found: /media/DeviceLNV/Device/2068.jpg
[2026-09-17 13:47:04,669] [basehttp.py:154] [basehttp:log_message] [WARNING]- "GET /media/DeviceLNV/Device/2068.jpg HTTP/1.1" 404 1803
[2026-09-17 13:47:04,669] [log.py:228] [log:log_response] [WARNING]- Not Found: /media/DeviceLNV/Zaihuo/2068.jpg
[2026-09-17 13:47:04,674] [log.py:228] [log:log_response] [WARNING]- Not Found: /media/DeviceLNV/Device/1992.jpg
[2026-09-17 13:47:04,680] [log.py:228] [log:log_response] [WARNING]- Not Found: /media/DeviceLNV/Zaihuo/1992.jpg
[2026-09-17 13:47:04,684] [basehttp.py:154] [basehttp:log_message] [WARNING]- "GET /media/DeviceLNV/Zaihuo/2068.jpg HTTP/1.1" 404 1803
[2026-09-17 13:47:04,687] [basehttp.py:154] [basehttp:log_message] [WARNING]- "GET /media/DeviceLNV/Zaihuo/1992.jpg HTTP/1.1" 404 1803
[2026-09-17 13:47:04,687] [basehttp.py:154] [basehttp:log_message] [WARNING]- "GET /media/DeviceLNV/Device/1992.jpg HTTP/1.1" 404 1803
[2026-09-17 13:47:04,694] [log.py:228] [log:log_response] [WARNING]- Not Found: /media/DeviceLNV/Device/437.jpg
[2026-09-17 13:47:04,700] [basehttp.py:154] [basehttp:log_message] [WARNING]- "GET /media/DeviceLNV/Device/437.jpg HTTP/1.1" 404 1800
[2026-09-17 13:47:04,712] [log.py:228] [log:log_response] [WARNING]- Not Found: /media/DeviceLNV/Zaihuo/437.jpg
[2026-09-17 13:47:04,717] [basehttp.py:154] [basehttp:log_message] [WARNING]- "GET /media/DeviceLNV/Zaihuo/437.jpg HTTP/1.1" 404 1800
[2026-09-17 13:47:04,733] [log.py:228] [log:log_response] [WARNING]- Not Found: /media/DeviceLNV/Device/270.jpg
[2026-09-17 13:47:04,741] [basehttp.py:154] [basehttp:log_message] [WARNING]- "GET /media/DeviceLNV/Device/270.jpg HTTP/1.1" 404 1800
[2026-09-17 13:47:04,752] [log.py:228] [log:log_response] [WARNING]- Not Found: /media/DeviceLNV/Zaihuo/270.jpg
[2026-09-17 13:47:04,759] [basehttp.py:154] [basehttp:log_message] [WARNING]- "GET /media/DeviceLNV/Zaihuo/270.jpg HTTP/1.1" 404 1800
[2026-09-17 13:47:04,763] [log.py:228] [log:log_response] [WARNING]- Not Found: /media/DeviceLNV/Zaihuo/759.jpg
[2026-09-17 13:47:04,769] [basehttp.py:154] [basehttp:log_message] [WARNING]- "GET /media/DeviceLNV/Zaihuo/759.jpg HTTP/1.1" 404 1800
[2026-09-17 13:47:04,775] [log.py:228] [log:log_response] [WARNING]- Not Found: /media/DeviceLNV/Device/759.jpg
[2026-09-17 13:47:04,779] [log.py:228] [log:log_response] [WARNING]- Not Found: /media/DeviceLNV/Device/762.jpg
[2026-09-17 13:47:04,781] [basehttp.py:154] [basehttp:log_message] [WARNING]- "GET /media/DeviceLNV/Device/759.jpg HTTP/1.1" 404 1800
[2026-09-17 13:47:04,791] [basehttp.py:154] [basehttp:log_message] [WARNING]- "GET /media/DeviceLNV/Device/762.jpg HTTP/1.1" 404 1800
[2026-09-17 13:47:04,791] [log.py:228] [log:log_response] [WARNING]- Not Found: /media/DeviceLNV/Zaihuo/762.jpg
[2026-09-17 13:47:04,801] [log.py:228] [log:log_response] [WARNING]- Not Found: /media/DeviceLNV/Device/763.jpg
[2026-09-17 13:47:04,806] [basehttp.py:154] [basehttp:log_message] [WARNING]- "GET /media/DeviceLNV/Zaihuo/762.jpg HTTP/1.1" 404 1800
[2026-09-17 13:47:04,809] [basehttp.py:154] [basehttp:log_message] [WARNING]- "GET /media/DeviceLNV/Device/763.jpg HTTP/1.1" 404 1800
[2026-09-17 13:47:04,816] [log.py:228] [log:log_response] [WARNING]- Not Found: /media/DeviceLNV/Zaihuo/763.jpg
[2026-09-17 13:47:04,831] [basehttp.py:154] [basehttp:log_message] [WARNING]- "GET /media/DeviceLNV/Zaihuo/763.jpg HTTP/1.1" 404 1800
[2026-09-17 13:47:04,832] [log.py:228] [log:log_response] [WARNING]- Not Found: /media/DeviceLNV/Device/765.jpg
[2026-09-17 13:47:04,841] [log.py:228] [log:log_response] [WARNING]- Not Found: /media/DeviceLNV/Zaihuo/765.jpg
[2026-09-17 13:47:04,842] [basehttp.py:154] [basehttp:log_message] [WARNING]- "GET /media/DeviceLNV/Device/765.jpg HTTP/1.1" 404 1800
[2026-09-17 13:47:04,846] [basehttp.py:154] [basehttp:log_message] [WARNING]- "GET /media/DeviceLNV/Zaihuo/765.jpg HTTP/1.1" 404 1800
[2026-09-17 13:47:04,851] [log.py:228] [log:log_response] [WARNING]- Not Found: /media/DeviceLNV/Device/1572.jpg
[2026-09-17 13:47:04,861] [basehttp.py:154] [basehttp:log_message] [WARNING]- "GET /media/DeviceLNV/Device/1572.jpg HTTP/1.1" 404 1803
[2026-09-17 13:47:04,872] [log.py:228] [log:log_response] [WARNING]- Not Found: /media/DeviceLNV/Zaihuo/1572.jpg
[2026-09-17 13:47:04,875] [log.py:228] [log:log_response] [WARNING]- Not Found: /media/DeviceLNV/Device/1576.jpg
[2026-09-17 13:47:04,876] [basehttp.py:154] [basehttp:log_message] [WARNING]- "GET /media/DeviceLNV/Zaihuo/1572.jpg HTTP/1.1" 404 1803
[2026-09-17 13:47:04,886] [basehttp.py:154] [basehttp:log_message] [WARNING]- "GET /media/DeviceLNV/Device/1576.jpg HTTP/1.1" 404 1803
[2026-09-17 13:47:04,896] [log.py:228] [log:log_response] [WARNING]- Not Found: /media/DeviceLNV/Zaihuo/1576.jpg
[2026-09-17 13:47:04,906] [basehttp.py:154] [basehttp:log_message] [WARNING]- "GET /media/DeviceLNV/Zaihuo/1576.jpg HTTP/1.1" 404 1803
[2026-09-17 13:47:04,909] [log.py:228] [log:log_response] [WARNING]- Not Found: /media/DeviceLNV/Device/1580.jpg
[2026-09-17 13:47:04,918] [log.py:228] [log:log_response] [WARNING]- Not Found: /media/DeviceLNV/Zaihuo/1580.jpg
[2026-09-17 13:47:04,921] [basehttp.py:154] [basehttp:log_message] [WARNING]- "GET /media/DeviceLNV/Device/1580.jpg HTTP/1.1" 404 1803
[2026-09-17 13:47:04,925] [basehttp.py:154] [basehttp:log_message] [WARNING]- "GET /media/DeviceLNV/Zaihuo/1580.jpg HTTP/1.1" 404 1803
[2026-09-17 13:47:04,929] [log.py:228] [log:log_response] [WARNING]- Not Found: /media/DeviceLNV/Device/1586.jpg
[2026-09-17 13:47:04,935] [log.py:228] [log:log_response] [WARNING]- Not Found: /media/DeviceLNV/Zaihuo/1586.jpg
[2026-09-17 13:47:04,950] [basehttp.py:154] [basehttp:log_message] [WARNING]- "GET /media/DeviceLNV/Zaihuo/1586.jpg HTTP/1.1" 404 1803
[2026-09-17 13:47:04,950] [basehttp.py:154] [basehttp:log_message] [WARNING]- "GET /media/DeviceLNV/Device/1586.jpg HTTP/1.1" 404 1803
[2026-09-17 13:47:04,968] [log.py:228] [log:log_response] [WARNING]- Not Found: /media/DeviceLNV/Device/1594.jpg
[2026-09-17 13:47:04,971] [log.py:228] [log:log_response] [WARNING]- Not Found: /media/DeviceLNV/Zaihuo/1594.jpg
[2026-09-17 13:47:04,973] [basehttp.py:154] [basehttp:log_message] [WARNING]- "GET /media/DeviceLNV/Device/1594.jpg HTTP/1.1" 404 1803
[2026-09-17 13:47:04,981] [basehttp.py:154] [basehttp:log_message] [WARNING]- "GET /media/DeviceLNV/Zaihuo/1594.jpg HTTP/1.1" 404 1803
[2026-09-17 13:47:04,988] [log.py:228] [log:log_response] [WARNING]- Not Found: /media/DeviceLNV/Device/1600.jpg
[2026-09-17 13:47:04,992] [log.py:228] [log:log_response] [WARNING]- Not Found: /media/DeviceLNV/Zaihuo/1600.jpg
[2026-09-17 13:47:04,992] [basehttp.py:154] [basehttp:log_message] [WARNING]- "GET /media/DeviceLNV/Device/1600.jpg HTTP/1.1" 404 1803
[2026-09-17 13:47:05,001] [basehttp.py:154] [basehttp:log_message] [WARNING]- "GET /media/DeviceLNV/Zaihuo/1600.jpg HTTP/1.1" 404 1803
[2026-09-17 13:47:05,008] [log.py:228] [log:log_response] [WARNING]- Not Found: /media/DeviceLNV/Device/1614.jpg
[2026-09-17 13:47:05,019] [basehttp.py:154] [basehttp:log_message] [WARNING]- "GET /media/DeviceLNV/Device/1614.jpg HTTP/1.1" 404 1803
[2026-09-17 13:47:05,020] [log.py:228] [log:log_response] [WARNING]- Not Found: /media/DeviceLNV/Zaihuo/1614.jpg
[2026-09-17 13:47:05,030] [basehttp.py:154] [basehttp:log_message] [WARNING]- "GET /media/DeviceLNV/Zaihuo/1614.jpg HTTP/1.1" 404 1803
[2026-09-17 13:47:05,043] [log.py:228] [log:log_response] [WARNING]- Not Found: /media/DeviceLNV/Device/1616.jpg
[2026-09-17 13:47:05,050] [log.py:228] [log:log_response] [WARNING]- Not Found: /media/DeviceLNV/Zaihuo/1616.jpg
[2026-09-17 13:47:05,052] [basehttp.py:154] [basehttp:log_message] [WARNING]- "GET /media/DeviceLNV/Device/1616.jpg HTTP/1.1" 404 1803
[2026-09-17 13:47:05,056] [basehttp.py:154] [basehttp:log_message] [WARNING]- "GET /media/DeviceLNV/Zaihuo/1616.jpg HTTP/1.1" 404 1803
[2026-09-17 13:47:05,064] [log.py:228] [log:log_response] [WARNING]- Not Found: /media/DeviceLNV/Device/1617.jpg
[2026-09-17 13:47:05,076] [log.py:228] [log:log_response] [WARNING]- Not Found: /media/DeviceLNV/Zaihuo/1617.jpg
[2026-09-17 13:47:05,083] [basehttp.py:154] [basehttp:log_message] [WARNING]- "GET /media/DeviceLNV/Device/1617.jpg HTTP/1.1" 404 1803
[2026-09-17 13:47:05,094] [log.py:228] [log:log_response] [WARNING]- Not Found: /media/DeviceLNV/Device/1619.jpg
[2026-09-17 13:47:05,095] [basehttp.py:154] [basehttp:log_message] [WARNING]- "GET /media/DeviceLNV/Device/1619.jpg HTTP/1.1" 404 1803
[2026-09-17 13:47:05,099] [basehttp.py:154] [basehttp:log_message] [WARNING]- "GET /media/DeviceLNV/Zaihuo/1617.jpg HTTP/1.1" 404 1803
[2026-09-17 13:47:05,127] [log.py:228] [log:log_response] [WARNING]- Not Found: /media/DeviceLNV/Zaihuo/1619.jpg
[2026-09-17 13:47:05,134] [basehttp.py:154] [basehttp:log_message] [WARNING]- "GET /media/DeviceLNV/Zaihuo/1619.jpg HTTP/1.1" 404 1803
[2026-09-17 13:47:05,143] [log.py:228] [log:log_response] [WARNING]- Not Found: /media/DeviceLNV/Device/1628.jpg
[2026-09-17 13:47:05,160] [basehttp.py:154] [basehttp:log_message] [WARNING]- "GET /media/DeviceLNV/Device/1628.jpg HTTP/1.1" 404 1803
[2026-09-17 13:47:05,160] [log.py:228] [log:log_response] [WARNING]- Not Found: /media/DeviceLNV/Zaihuo/1628.jpg
[2026-09-17 13:47:05,168] [basehttp.py:154] [basehttp:log_message] [WARNING]- "GET /media/DeviceLNV/Zaihuo/1628.jpg HTTP/1.1" 404 1803
[2026-09-17 13:47:05,174] [log.py:228] [log:log_response] [WARNING]- Not Found: /media/DeviceLNV/Device/1629.jpg
[2026-09-17 13:47:05,175] [log.py:228] [log:log_response] [WARNING]- Not Found: /media/DeviceLNV/Zaihuo/1629.jpg
[2026-09-17 13:47:05,178] [log.py:228] [log:log_response] [WARNING]- Not Found: /media/DeviceLNV/Device/1630.jpg
[2026-09-17 13:47:05,180] [basehttp.py:154] [basehttp:log_message] [WARNING]- "GET /media/DeviceLNV/Device/1629.jpg HTTP/1.1" 404 1803
[2026-09-17 13:47:05,180] [basehttp.py:154] [basehttp:log_message] [WARNING]- "GET /media/DeviceLNV/Zaihuo/1629.jpg HTTP/1.1" 404 1803
[2026-09-17 13:47:05,183] [basehttp.py:154] [basehttp:log_message] [WARNING]- "GET /media/DeviceLNV/Device/1630.jpg HTTP/1.1" 404 1803
[2026-09-17 13:47:05,194] [log.py:228] [log:log_response] [WARNING]- Not Found: /media/DeviceLNV/Zaihuo/1630.jpg
[2026-09-17 13:47:05,206] [log.py:228] [log:log_response] [WARNING]- Not Found: /media/DeviceLNV/Device/1632.jpg
[2026-09-17 13:47:05,214] [basehttp.py:154] [basehttp:log_message] [WARNING]- "GET /media/DeviceLNV/Zaihuo/1630.jpg HTTP/1.1" 404 1803
[2026-09-17 13:47:05,215] [basehttp.py:154] [basehttp:log_message] [WARNING]- "GET /media/DeviceLNV/Device/1632.jpg HTTP/1.1" 404 1803
[2026-09-17 13:47:05,236] [log.py:228] [log:log_response] [WARNING]- Not Found: /media/DeviceLNV/Zaihuo/1632.jpg
[2026-09-17 13:47:05,258] [basehttp.py:154] [basehttp:log_message] [WARNING]- "GET /media/DeviceLNV/Zaihuo/1632.jpg HTTP/1.1" 404 1803
[2026-09-17 13:47:05,261] [log.py:228] [log:log_response] [WARNING]- Not Found: /media/DeviceLNV/Device/1634.jpg
[2026-09-17 13:47:05,267] [basehttp.py:154] [basehttp:log_message] [WARNING]- "GET /media/DeviceLNV/Device/1634.jpg HTTP/1.1" 404 1803
[2026-09-17 13:47:05,284] [log.py:228] [log:log_response] [WARNING]- Not Found: /media/DeviceLNV/Zaihuo/1634.jpg
[2026-09-17 13:47:05,303] [basehttp.py:154] [basehttp:log_message] [WARNING]- "GET /media/DeviceLNV/Zaihuo/1634.jpg HTTP/1.1" 404 1803
[2026-09-17 13:47:05,304] [log.py:228] [log:log_response] [WARNING]- Not Found: /media/DeviceLNV/Device/1636.jpg
[2026-09-17 13:47:05,308] [basehttp.py:154] [basehttp:log_message] [WARNING]- "GET /media/DeviceLNV/Device/1636.jpg HTTP/1.1" 404 1803
[2026-09-17 13:47:05,309] [log.py:228] [log:log_response] [WARNING]- Not Found: /media/DeviceLNV/Zaihuo/1636.jpg
[2026-09-17 13:47:05,321] [log.py:228] [log:log_response] [WARNING]- Not Found: /media/DeviceLNV/Device/1637.jpg
[2026-09-17 13:47:05,331] [basehttp.py:154] [basehttp:log_message] [WARNING]- "GET /media/DeviceLNV/Zaihuo/1636.jpg HTTP/1.1" 404 1803
[2026-09-17 13:47:05,331] [basehttp.py:154] [basehttp:log_message] [WARNING]- "GET /media/DeviceLNV/Device/1637.jpg HTTP/1.1" 404 1803
[2026-09-17 13:47:05,345] [log.py:228] [log:log_response] [WARNING]- Not Found: /media/DeviceLNV/Zaihuo/1637.jpg
[2026-09-17 13:47:05,358] [log.py:228] [log:log_response] [WARNING]- Not Found: /media/DeviceLNV/Device/1638.jpg
[2026-09-17 13:47:05,359] [basehttp.py:154] [basehttp:log_message] [WARNING]- "GET /media/DeviceLNV/Zaihuo/1637.jpg HTTP/1.1" 404 1803
[2026-09-17 13:47:05,363] [basehttp.py:154] [basehttp:log_message] [WARNING]- "GET /media/DeviceLNV/Device/1638.jpg HTTP/1.1" 404 1803
[2026-09-17 13:47:05,368] [log.py:228] [log:log_response] [WARNING]- Not Found: /media/DeviceLNV/Zaihuo/1638.jpg
[2026-09-17 13:47:05,380] [basehttp.py:154] [basehttp:log_message] [WARNING]- "GET /media/DeviceLNV/Zaihuo/1638.jpg HTTP/1.1" 404 1803
[2026-09-17 13:47:05,389] [log.py:228] [log:log_response] [WARNING]- Not Found: /media/DeviceLNV/Device/1644.jpg
[2026-09-17 13:47:05,393] [basehttp.py:154] [basehttp:log_message] [WARNING]- "GET /media/DeviceLNV/Device/1644.jpg HTTP/1.1" 404 1803
[2026-09-17 13:47:05,393] [log.py:228] [log:log_response] [WARNING]- Not Found: /media/DeviceLNV/Zaihuo/1644.jpg
[2026-09-17 13:47:05,401] [log.py:228] [log:log_response] [WARNING]- Not Found: /media/DeviceLNV/Device/1661.jpg
[2026-09-17 13:47:05,411] [basehttp.py:154] [basehttp:log_message] [WARNING]- "GET /media/DeviceLNV/Zaihuo/1644.jpg HTTP/1.1" 404 1803
[2026-09-17 13:47:05,412] [basehttp.py:154] [basehttp:log_message] [WARNING]- "GET /media/DeviceLNV/Device/1661.jpg HTTP/1.1" 404 1803
[2026-09-17 13:47:05,414] [log.py:228] [log:log_response] [WARNING]- Not Found: /media/DeviceLNV/Device/1685.jpg
[2026-09-17 13:47:05,424] [basehttp.py:154] [basehttp:log_message] [WARNING]- "GET /media/DeviceLNV/Device/1685.jpg HTTP/1.1" 404 1803
[2026-09-17 13:47:05,429] [log.py:228] [log:log_response] [WARNING]- Not Found: /media/DeviceLNV/Zaihuo/1661.jpg
[2026-09-17 13:47:05,431] [log.py:228] [log:log_response] [WARNING]- Not Found: /media/DeviceLNV/Zaihuo/1685.jpg
[2026-09-17 13:47:05,436] [basehttp.py:154] [basehttp:log_message] [WARNING]- "GET /media/DeviceLNV/Zaihuo/1661.jpg HTTP/1.1" 404 1803
[2026-09-17 13:47:05,438] [basehttp.py:154] [basehttp:log_message] [WARNING]- "GET /media/DeviceLNV/Zaihuo/1685.jpg HTTP/1.1" 404 1803
[2026-09-17 13:47:05,439] [log.py:228] [log:log_response] [WARNING]- Not Found: /media/DeviceLNV/Device/1732.jpg
[2026-09-17 13:47:05,444] [basehttp.py:154] [basehttp:log_message] [WARNING]- "GET /media/DeviceLNV/Device/1732.jpg HTTP/1.1" 404 1803
[2026-09-17 13:47:05,467] [log.py:228] [log:log_response] [WARNING]- Not Found: /media/DeviceLNV/Device/1737.jpg
[2026-09-17 13:47:05,473] [log.py:228] [log:log_response] [WARNING]- Not Found: /media/DeviceLNV/Zaihuo/1732.jpg
[2026-09-17 13:47:05,477] [basehttp.py:154] [basehttp:log_message] [WARNING]- "GET /media/DeviceLNV/Device/1737.jpg HTTP/1.1" 404 1803
[2026-09-17 13:47:05,479] [basehttp.py:154] [basehttp:log_message] [WARNING]- "GET /media/DeviceLNV/Zaihuo/1732.jpg HTTP/1.1" 404 1803
[2026-09-17 13:47:05,479] [log.py:228] [log:log_response] [WARNING]- Not Found: /media/DeviceLNV/Zaihuo/1737.jpg
[2026-09-17 13:47:05,491] [log.py:228] [log:log_response] [WARNING]- Not Found: /media/DeviceLNV/Device/1738.jpg
[2026-09-17 13:47:05,493] [basehttp.py:154] [basehttp:log_message] [WARNING]- "GET /media/DeviceLNV/Zaihuo/1737.jpg HTTP/1.1" 404 1803
[2026-09-17 13:47:05,506] [basehttp.py:154] [basehttp:log_message] [WARNING]- "GET /media/DeviceLNV/Device/1738.jpg HTTP/1.1" 404 1803
[2026-09-17 13:47:05,509] [log.py:228] [log:log_response] [WARNING]- Not Found: /media/DeviceLNV/Zaihuo/1738.jpg
[2026-09-17 13:47:05,513] [log.py:228] [log:log_response] [WARNING]- Not Found: /media/DeviceLNV/Device/1739.jpg
[2026-09-17 13:47:05,521] [basehttp.py:154] [basehttp:log_message] [WARNING]- "GET /media/DeviceLNV/Zaihuo/1738.jpg HTTP/1.1" 404 1803
[2026-09-17 13:47:05,524] [basehttp.py:154] [basehttp:log_message] [WARNING]- "GET /media/DeviceLNV/Device/1739.jpg HTTP/1.1" 404 1803
[2026-09-17 13:47:05,537] [log.py:228] [log:log_response] [WARNING]- Not Found: /media/DeviceLNV/Zaihuo/1739.jpg
[2026-09-17 13:47:05,541] [basehttp.py:154] [basehttp:log_message] [WARNING]- "GET /media/DeviceLNV/Zaihuo/1739.jpg HTTP/1.1" 404 1803
[2026-09-17 13:47:05,553] [log.py:228] [log:log_response] [WARNING]- Not Found: /media/DeviceLNV/Device/1740.jpg
[2026-09-17 13:47:05,558] [basehttp.py:154] [basehttp:log_message] [WARNING]- "GET /media/DeviceLNV/Device/1740.jpg HTTP/1.1" 404 1803
[2026-09-17 13:47:05,559] [log.py:228] [log:log_response] [WARNING]- Not Found: /media/DeviceLNV/Zaihuo/1740.jpg
[2026-09-17 13:47:05,565] [log.py:228] [log:log_response] [WARNING]- Not Found: /media/DeviceLNV/Device/1757.jpg
[2026-09-17 13:47:05,566] [log.py:228] [log:log_response] [WARNING]- Not Found: /media/DeviceLNV/Zaihuo/1757.jpg
[2026-09-17 13:47:05,568] [basehttp.py:154] [basehttp:log_message] [WARNING]- "GET /media/DeviceLNV/Zaihuo/1740.jpg HTTP/1.1" 404 1803
[2026-09-17 13:47:05,574] [basehttp.py:154] [basehttp:log_message] [WARNING]- "GET /media/DeviceLNV/Device/1757.jpg HTTP/1.1" 404 1803
[2026-09-17 13:47:05,576] [basehttp.py:154] [basehttp:log_message] [WARNING]- "GET /media/DeviceLNV/Zaihuo/1757.jpg HTTP/1.1" 404 1803
[2026-09-17 13:47:05,579] [log.py:228] [log:log_response] [WARNING]- Not Found: /media/DeviceLNV/Device/1759.jpg
[2026-09-17 13:47:05,589] [basehttp.py:154] [basehttp:log_message] [WARNING]- "GET /media/DeviceLNV/Device/1759.jpg HTTP/1.1" 404 1803
[2026-09-17 13:47:05,617] [log.py:228] [log:log_response] [WARNING]- Not Found: /media/DeviceLNV/Zaihuo/1759.jpg
[2026-09-17 13:47:05,623] [log.py:228] [log:log_response] [WARNING]- Not Found: /media/DeviceLNV/Device/1766.jpg
[2026-09-17 13:47:05,623] [basehttp.py:154] [basehttp:log_message] [WARNING]- "GET /media/DeviceLNV/Zaihuo/1759.jpg HTTP/1.1" 404 1803
[2026-09-17 13:47:05,627] [basehttp.py:154] [basehttp:log_message] [WARNING]- "GET /media/DeviceLNV/Device/1766.jpg HTTP/1.1" 404 1803
[2026-09-17 13:47:05,631] [log.py:228] [log:log_response] [WARNING]- Not Found: /media/DeviceLNV/Zaihuo/1766.jpg
[2026-09-17 13:47:05,641] [basehttp.py:154] [basehttp:log_message] [WARNING]- "GET /media/DeviceLNV/Zaihuo/1766.jpg HTTP/1.1" 404 1803
[2026-09-17 13:47:05,642] [log.py:228] [log:log_response] [WARNING]- Not Found: /media/DeviceLNV/Device/1768.jpg
[2026-09-17 13:47:05,650] [log.py:228] [log:log_response] [WARNING]- Not Found: /media/DeviceLNV/Zaihuo/1768.jpg
[2026-09-17 13:47:05,654] [log.py:228] [log:log_response] [WARNING]- Not Found: /media/DeviceLNV/Device/1769.jpg
[2026-09-17 13:47:05,655] [basehttp.py:154] [basehttp:log_message] [WARNING]- "GET /media/DeviceLNV/Device/1768.jpg HTTP/1.1" 404 1803
[2026-09-17 13:47:05,656] [basehttp.py:154] [basehttp:log_message] [WARNING]- "GET /media/DeviceLNV/Zaihuo/1768.jpg HTTP/1.1" 404 1803
[2026-09-17 13:47:05,658] [basehttp.py:154] [basehttp:log_message] [WARNING]- "GET /media/DeviceLNV/Device/1769.jpg HTTP/1.1" 404 1803
[2026-09-17 13:47:05,697] [log.py:228] [log:log_response] [WARNING]- Not Found: /media/DeviceLNV/Zaihuo/1769.jpg
[2026-09-17 13:47:05,704] [basehttp.py:154] [basehttp:log_message] [WARNING]- "GET /media/DeviceLNV/Zaihuo/1769.jpg HTTP/1.1" 404 1803
[2026-09-17 13:47:05,718] [log.py:228] [log:log_response] [WARNING]- Not Found: /media/DeviceLNV/Device/1776.jpg
[2026-09-17 13:47:05,722] [basehttp.py:154] [basehttp:log_message] [WARNING]- "GET /media/DeviceLNV/Device/1776.jpg HTTP/1.1" 404 1803
[2026-09-17 13:47:05,728] [log.py:228] [log:log_response] [WARNING]- Not Found: /media/DeviceLNV/Zaihuo/1776.jpg
[2026-09-17 13:47:05,739] [basehttp.py:154] [basehttp:log_message] [WARNING]- "GET /media/DeviceLNV/Zaihuo/1776.jpg HTTP/1.1" 404 1803
[2026-09-17 13:47:05,743] [log.py:228] [log:log_response] [WARNING]- Not Found: /media/DeviceLNV/Device/1778.jpg
[2026-09-17 13:47:05,752] [log.py:228] [log:log_response] [WARNING]- Not Found: /media/DeviceLNV/Device/1779.jpg
[2026-09-17 13:47:05,754] [basehttp.py:154] [basehttp:log_message] [WARNING]- "GET /media/DeviceLNV/Device/1778.jpg HTTP/1.1" 404 1803
[2026-09-17 13:47:05,758] [log.py:228] [log:log_response] [WARNING]- Not Found: /media/DeviceLNV/Zaihuo/1778.jpg
[2026-09-17 13:47:05,763] [basehttp.py:154] [basehttp:log_message] [WARNING]- "GET /media/DeviceLNV/Device/1779.jpg HTTP/1.1" 404 1803
[2026-09-17 13:47:05,763] [log.py:228] [log:log_response] [WARNING]- Not Found: /media/DeviceLNV/Zaihuo/1779.jpg
[2026-09-17 13:47:05,770] [basehttp.py:154] [basehttp:log_message] [WARNING]- "GET /media/DeviceLNV/Zaihuo/1778.jpg HTTP/1.1" 404 1803
[2026-09-17 13:47:05,777] [basehttp.py:154] [basehttp:log_message] [WARNING]- "GET /media/DeviceLNV/Zaihuo/1779.jpg HTTP/1.1" 404 1803
[2026-09-17 13:47:05,795] [log.py:228] [log:log_response] [WARNING]- Not Found: /media/DeviceLNV/Device/1783.jpg
[2026-09-17 13:47:05,802] [basehttp.py:154] [basehttp:log_message] [WARNING]- "GET /media/DeviceLNV/Device/1783.jpg HTTP/1.1" 404 1803
[2026-09-17 13:47:05,808] [log.py:228] [log:log_response] [WARNING]- Not Found: /media/DeviceLNV/Zaihuo/1783.jpg
[2026-09-17 13:47:05,821] [basehttp.py:154] [basehttp:log_message] [WARNING]- "GET /media/DeviceLNV/Zaihuo/1783.jpg HTTP/1.1" 404 1803
[2026-09-17 13:47:05,828] [log.py:228] [log:log_response] [WARNING]- Not Found: /media/DeviceLNV/Zaihuo/1785.jpg
[2026-09-17 13:47:05,838] [log.py:228] [log:log_response] [WARNING]- Not Found: /media/DeviceLNV/Device/1785.jpg
[2026-09-17 13:47:05,840] [basehttp.py:154] [basehttp:log_message] [WARNING]- "GET /media/DeviceLNV/Zaihuo/1785.jpg HTTP/1.1" 404 1803
[2026-09-17 13:47:05,848] [basehttp.py:154] [basehttp:log_message] [WARNING]- "GET /media/DeviceLNV/Device/1785.jpg HTTP/1.1" 404 1803
[2026-09-17 13:47:05,851] [log.py:228] [log:log_response] [WARNING]- Not Found: /media/DeviceLNV/Device/1793.jpg
[2026-09-17 13:47:05,862] [log.py:228] [log:log_response] [WARNING]- Not Found: /media/DeviceLNV/Zaihuo/1793.jpg
[2026-09-17 13:47:05,863] [basehttp.py:154] [basehttp:log_message] [WARNING]- "GET /media/DeviceLNV/Device/1793.jpg HTTP/1.1" 404 1803
[2026-09-17 13:47:05,871] [basehttp.py:154] [basehttp:log_message] [WARNING]- "GET /media/DeviceLNV/Zaihuo/1793.jpg HTTP/1.1" 404 1803
[2026-09-17 13:47:05,874] [log.py:228] [log:log_response] [WARNING]- Not Found: /media/DeviceLNV/Device/1798.jpg
[2026-09-17 13:47:05,886] [log.py:228] [log:log_response] [WARNING]- Not Found: /media/DeviceLNV/Zaihuo/1798.jpg
[2026-09-17 13:47:05,887] [basehttp.py:154] [basehttp:log_message] [WARNING]- "GET /media/DeviceLNV/Device/1798.jpg HTTP/1.1" 404 1803
[2026-09-17 13:47:05,888] [basehttp.py:154] [basehttp:log_message] [WARNING]- "GET /media/DeviceLNV/Zaihuo/1798.jpg HTTP/1.1" 404 1803
[2026-09-17 13:47:05,893] [log.py:228] [log:log_response] [WARNING]- Not Found: /media/DeviceLNV/Device/1812.jpg
[2026-09-17 13:47:05,908] [basehttp.py:154] [basehttp:log_message] [WARNING]- "GET /media/DeviceLNV/Device/1812.jpg HTTP/1.1" 404 1803
[2026-09-17 13:47:05,919] [log.py:228] [log:log_response] [WARNING]- Not Found: /media/DeviceLNV/Zaihuo/1812.jpg
[2026-09-17 13:47:05,932] [basehttp.py:154] [basehttp:log_message] [WARNING]- "GET /media/DeviceLNV/Zaihuo/1812.jpg HTTP/1.1" 404 1803
[2026-09-17 13:47:05,933] [log.py:228] [log:log_response] [WARNING]- Not Found: /media/DeviceLNV/Device/1814.jpg
[2026-09-17 13:47:05,943] [log.py:228] [log:log_response] [WARNING]- Not Found: /media/DeviceLNV/Zaihuo/1814.jpg
[2026-09-17 13:47:05,944] [basehttp.py:154] [basehttp:log_message] [WARNING]- "GET /media/DeviceLNV/Device/1814.jpg HTTP/1.1" 404 1803
[2026-09-17 13:47:05,946] [basehttp.py:154] [basehttp:log_message] [WARNING]- "GET /media/DeviceLNV/Zaihuo/1814.jpg HTTP/1.1" 404 1803
[2026-09-17 13:47:05,960] [log.py:228] [log:log_response] [WARNING]- Not Found: /media/DeviceLNV/Zaihuo/1816.jpg
[2026-09-17 13:47:05,968] [log.py:228] [log:log_response] [WARNING]- Not Found: /media/DeviceLNV/Device/1816.jpg
[2026-09-17 13:47:05,972] [log.py:228] [log:log_response] [WARNING]- Not Found: /media/DeviceLNV/Device/1818.jpg
[2026-09-17 13:47:05,978] [basehttp.py:154] [basehttp:log_message] [WARNING]- "GET /media/DeviceLNV/Zaihuo/1816.jpg HTTP/1.1" 404 1803
[2026-09-17 13:47:05,979] [basehttp.py:154] [basehttp:log_message] [WARNING]- "GET /media/DeviceLNV/Device/1816.jpg HTTP/1.1" 404 1803
[2026-09-17 13:47:05,981] [basehttp.py:154] [basehttp:log_message] [WARNING]- "GET /media/DeviceLNV/Device/1818.jpg HTTP/1.1" 404 1803
[2026-09-17 13:47:06,026] [log.py:228] [log:log_response] [WARNING]- Not Found: /media/DeviceLNV/Zaihuo/1818.jpg
[2026-09-17 13:47:06,038] [log.py:228] [log:log_response] [WARNING]- Not Found: /media/DeviceLNV/Zaihuo/1819.jpg
[2026-09-17 13:47:06,038] [basehttp.py:154] [basehttp:log_message] [WARNING]- "GET /media/DeviceLNV/Zaihuo/1818.jpg HTTP/1.1" 404 1803
[2026-09-17 13:47:06,048] [basehttp.py:154] [basehttp:log_message] [WARNING]- "GET /media/DeviceLNV/Zaihuo/1819.jpg HTTP/1.1" 404 1803
[2026-09-17 13:47:06,051] [log.py:228] [log:log_response] [WARNING]- Not Found: /media/DeviceLNV/Device/1819.jpg
[2026-09-17 13:47:06,059] [log.py:228] [log:log_response] [WARNING]- Not Found: /media/DeviceLNV/Device/1820.jpg
[2026-09-17 13:47:06,064] [log.py:228] [log:log_response] [WARNING]- Not Found: /media/DeviceLNV/Zaihuo/1820.jpg
[2026-09-17 13:47:06,065] [basehttp.py:154] [basehttp:log_message] [WARNING]- "GET /media/DeviceLNV/Device/1819.jpg HTTP/1.1" 404 1803
[2026-09-17 13:47:06,067] [basehttp.py:154] [basehttp:log_message] [WARNING]- "GET /media/DeviceLNV/Device/1820.jpg HTTP/1.1" 404 1803
[2026-09-17 13:47:06,070] [log.py:228] [log:log_response] [WARNING]- Not Found: /media/DeviceLNV/Device/1822.jpg
[2026-09-17 13:47:06,070] [basehttp.py:154] [basehttp:log_message] [WARNING]- "GET /media/DeviceLNV/Zaihuo/1820.jpg HTTP/1.1" 404 1803
[2026-09-17 13:47:06,081] [basehttp.py:154] [basehttp:log_message] [WARNING]- "GET /media/DeviceLNV/Device/1822.jpg HTTP/1.1" 404 1803
[2026-09-17 13:47:06,105] [log.py:228] [log:log_response] [WARNING]- Not Found: /media/DeviceLNV/Zaihuo/1822.jpg
[2026-09-17 13:47:06,114] [basehttp.py:154] [basehttp:log_message] [WARNING]- "GET /media/DeviceLNV/Zaihuo/1822.jpg HTTP/1.1" 404 1803
[2026-09-17 13:47:06,145] [log.py:228] [log:log_response] [WARNING]- Not Found: /media/DeviceLNV/Device/1833.jpg
[2026-09-17 13:47:06,155] [log.py:228] [log:log_response] [WARNING]- Not Found: /media/DeviceLNV/Zaihuo/1826.jpg
[2026-09-17 13:47:06,157] [basehttp.py:154] [basehttp:log_message] [WARNING]- "GET /media/DeviceLNV/Zaihuo/1826.jpg HTTP/1.1" 404 1803
[2026-09-17 13:47:06,157] [basehttp.py:154] [basehttp:log_message] [WARNING]- "GET /media/DeviceLNV/Device/1833.jpg HTTP/1.1" 404 1803
[2026-09-17 13:47:06,159] [log.py:228] [log:log_response] [WARNING]- Not Found: /media/DeviceLNV/Device/1826.jpg
[2026-09-17 13:47:06,163] [basehttp.py:154] [basehttp:log_message] [WARNING]- "GET /media/DeviceLNV/Device/1826.jpg HTTP/1.1" 404 1803
[2026-09-17 13:47:06,164] [log.py:228] [log:log_response] [WARNING]- Not Found: /media/DeviceLNV/Zaihuo/1833.jpg
[2026-09-17 13:47:06,177] [log.py:228] [log:log_response] [WARNING]- Not Found: /media/DeviceLNV/Device/1835.jpg
[2026-09-17 13:47:06,179] [basehttp.py:154] [basehttp:log_message] [WARNING]- "GET /media/DeviceLNV/Zaihuo/1833.jpg HTTP/1.1" 404 1803
[2026-09-17 13:47:06,183] [basehttp.py:154] [basehttp:log_message] [WARNING]- "GET /media/DeviceLNV/Device/1835.jpg HTTP/1.1" 404 1803
[2026-09-17 13:47:06,209] [log.py:228] [log:log_response] [WARNING]- Not Found: /media/DeviceLNV/Zaihuo/1835.jpg
[2026-09-17 13:47:06,213] [basehttp.py:154] [basehttp:log_message] [WARNING]- "GET /media/DeviceLNV/Zaihuo/1835.jpg HTTP/1.1" 404 1803
[2026-09-17 13:47:06,233] [log.py:228] [log:log_response] [WARNING]- Not Found: /media/DeviceLNV/Device/1836.jpg
[2026-09-17 13:47:06,243] [basehttp.py:154] [basehttp:log_message] [WARNING]- "GET /media/DeviceLNV/Device/1836.jpg HTTP/1.1" 404 1803
[2026-09-17 13:47:06,258] [log.py:228] [log:log_response] [WARNING]- Not Found: /media/DeviceLNV/Zaihuo/1836.jpg
[2026-09-17 13:47:06,259] [basehttp.py:154] [basehttp:log_message] [WARNING]- "GET /media/DeviceLNV/Zaihuo/1836.jpg HTTP/1.1" 404 1803
[2026-09-17 13:47:06,273] [log.py:228] [log:log_response] [WARNING]- Not Found: /media/DeviceLNV/Device/1842.jpg
[2026-09-17 13:47:06,274] [basehttp.py:154] [basehttp:log_message] [WARNING]- "GET /media/DeviceLNV/Device/1842.jpg HTTP/1.1" 404 1803
[2026-09-17 13:47:06,280] [log.py:228] [log:log_response] [WARNING]- Not Found: /media/DeviceLNV/Zaihuo/1840.jpg
[2026-09-17 13:47:06,288] [basehttp.py:154] [basehttp:log_message] [WARNING]- "GET /media/DeviceLNV/Zaihuo/1840.jpg HTTP/1.1" 404 1803
[2026-09-17 13:47:06,289] [log.py:228] [log:log_response] [WARNING]- Not Found: /media/DeviceLNV/Device/1840.jpg
[2026-09-17 13:47:06,292] [basehttp.py:154] [basehttp:log_message] [WARNING]- "GET /media/DeviceLNV/Device/1840.jpg HTTP/1.1" 404 1803
[2026-09-17 13:47:06,305] [log.py:228] [log:log_response] [WARNING]- Not Found: /media/DeviceLNV/Zaihuo/1842.jpg
[2026-09-17 13:47:06,311] [log.py:228] [log:log_response] [WARNING]- Not Found: /media/DeviceLNV/Device/1843.jpg
[2026-09-17 13:47:06,313] [basehttp.py:154] [basehttp:log_message] [WARNING]- "GET /media/DeviceLNV/Zaihuo/1842.jpg HTTP/1.1" 404 1803
[2026-09-17 13:47:06,315] [log.py:228] [log:log_response] [WARNING]- Not Found: /media/DeviceLNV/Zaihuo/1843.jpg
[2026-09-17 13:47:06,318] [basehttp.py:154] [basehttp:log_message] [WARNING]- "GET /media/DeviceLNV/Device/1843.jpg HTTP/1.1" 404 1803
[2026-09-17 13:47:06,328] [basehttp.py:154] [basehttp:log_message] [WARNING]- "GET /media/DeviceLNV/Zaihuo/1843.jpg HTTP/1.1" 404 1803
[2026-09-17 13:47:06,329] [log.py:228] [log:log_response] [WARNING]- Not Found: /media/DeviceLNV/Device/1844.jpg
[2026-09-17 13:47:06,339] [basehttp.py:154] [basehttp:log_message] [WARNING]- "GET /media/DeviceLNV/Device/1844.jpg HTTP/1.1" 404 1803
[2026-09-17 13:47:06,351] [log.py:228] [log:log_response] [WARNING]- Not Found: /media/DeviceLNV/Zaihuo/1844.jpg
[2026-09-17 13:47:06,351] [log.py:228] [log:log_response] [WARNING]- Not Found: /media/DeviceLNV/Device/1853.jpg
[2026-09-17 13:47:06,354] [basehttp.py:154] [basehttp:log_message] [WARNING]- "GET /media/DeviceLNV/Zaihuo/1844.jpg HTTP/1.1" 404 1803
[2026-09-17 13:47:06,355] [basehttp.py:154] [basehttp:log_message] [WARNING]- "GET /media/DeviceLNV/Device/1853.jpg HTTP/1.1" 404 1803
[2026-09-17 13:47:06,361] [log.py:228] [log:log_response] [WARNING]- Not Found: /media/DeviceLNV/Zaihuo/1853.jpg
[2026-09-17 13:47:06,366] [basehttp.py:154] [basehttp:log_message] [WARNING]- "GET /media/DeviceLNV/Zaihuo/1853.jpg HTTP/1.1" 404 1803
[2026-09-17 13:47:06,374] [log.py:228] [log:log_response] [WARNING]- Not Found: /media/DeviceLNV/Device/1854.jpg
[2026-09-17 13:47:06,386] [basehttp.py:154] [basehttp:log_message] [WARNING]- "GET /media/DeviceLNV/Device/1854.jpg HTTP/1.1" 404 1803
[2026-09-17 13:47:06,401] [log.py:228] [log:log_response] [WARNING]- Not Found: /media/DeviceLNV/Zaihuo/1854.jpg
[2026-09-17 13:47:06,411] [log.py:228] [log:log_response] [WARNING]- Not Found: /media/DeviceLNV/Zaihuo/1855.jpg
[2026-09-17 13:47:06,414] [basehttp.py:154] [basehttp:log_message] [WARNING]- "GET /media/DeviceLNV/Zaihuo/1854.jpg HTTP/1.1" 404 1803
[2026-09-17 13:47:06,416] [log.py:228] [log:log_response] [WARNING]- Not Found: /media/DeviceLNV/Device/1855.jpg
[2026-09-17 13:47:06,422] [basehttp.py:154] [basehttp:log_message] [WARNING]- "GET /media/DeviceLNV/Zaihuo/1855.jpg HTTP/1.1" 404 1803
[2026-09-17 13:47:06,426] [log.py:228] [log:log_response] [WARNING]- Not Found: /media/DeviceLNV/Device/1859.jpg
[2026-09-17 13:47:06,430] [log.py:228] [log:log_response] [WARNING]- Not Found: /media/DeviceLNV/Zaihuo/1859.jpg
[2026-09-17 13:47:06,430] [basehttp.py:154] [basehttp:log_message] [WARNING]- "GET /media/DeviceLNV/Device/1855.jpg HTTP/1.1" 404 1803
[2026-09-17 13:47:06,434] [basehttp.py:154] [basehttp:log_message] [WARNING]- "GET /media/DeviceLNV/Device/1859.jpg HTTP/1.1" 404 1803
[2026-09-17 13:47:06,434] [basehttp.py:154] [basehttp:log_message] [WARNING]- "GET /media/DeviceLNV/Zaihuo/1859.jpg HTTP/1.1" 404 1803
[2026-09-17 13:47:06,458] [log.py:228] [log:log_response] [WARNING]- Not Found: /media/DeviceLNV/Device/1861.jpg
[2026-09-17 13:47:06,469] [basehttp.py:154] [basehttp:log_message] [WARNING]- "GET /media/DeviceLNV/Device/1861.jpg HTTP/1.1" 404 1803
[2026-09-17 13:47:06,474] [log.py:228] [log:log_response] [WARNING]- Not Found: /media/DeviceLNV/Zaihuo/1861.jpg
[2026-09-17 13:47:06,481] [basehttp.py:154] [basehttp:log_message] [WARNING]- "GET /media/DeviceLNV/Zaihuo/1861.jpg HTTP/1.1" 404 1803
[2026-09-17 13:47:06,495] [log.py:228] [log:log_response] [WARNING]- Not Found: /media/DeviceLNV/Device/1862.jpg
[2026-09-17 13:47:06,499] [basehttp.py:154] [basehttp:log_message] [WARNING]- "GET /media/DeviceLNV/Device/1862.jpg HTTP/1.1" 404 1803
[2026-09-17 13:47:06,503] [log.py:228] [log:log_response] [WARNING]- Not Found: /media/DeviceLNV/Zaihuo/1864.jpg
[2026-09-17 13:47:06,507] [basehttp.py:154] [basehttp:log_message] [WARNING]- "GET /media/DeviceLNV/Zaihuo/1864.jpg HTTP/1.1" 404 1803
[2026-09-17 13:47:06,514] [log.py:228] [log:log_response] [WARNING]- Not Found: /media/DeviceLNV/Zaihuo/1862.jpg
[2026-09-17 13:47:06,520] [basehttp.py:154] [basehttp:log_message] [WARNING]- "GET /media/DeviceLNV/Zaihuo/1862.jpg HTTP/1.1" 404 1803
[2026-09-17 13:47:06,524] [log.py:228] [log:log_response] [WARNING]- Not Found: /media/DeviceLNV/Device/1864.jpg
[2026-09-17 13:47:06,526] [log.py:228] [log:log_response] [WARNING]- Not Found: /media/DeviceLNV/Device/1865.jpg
[2026-09-17 13:47:06,528] [basehttp.py:154] [basehttp:log_message] [WARNING]- "GET /media/DeviceLNV/Device/1864.jpg HTTP/1.1" 404 1803
[2026-09-17 13:47:06,534] [log.py:228] [log:log_response] [WARNING]- Not Found: /media/DeviceLNV/Zaihuo/1865.jpg
[2026-09-17 13:47:06,542] [basehttp.py:154] [basehttp:log_message] [WARNING]- "GET /media/DeviceLNV/Device/1865.jpg HTTP/1.1" 404 1803
[2026-09-17 13:47:06,546] [basehttp.py:154] [basehttp:log_message] [WARNING]- "GET /media/DeviceLNV/Zaihuo/1865.jpg HTTP/1.1" 404 1803
[2026-09-17 13:47:06,556] [log.py:228] [log:log_response] [WARNING]- Not Found: /media/DeviceLNV/Device/1869.jpg
[2026-09-17 13:47:06,559] [log.py:228] [log:log_response] [WARNING]- Not Found: /media/DeviceLNV/Zaihuo/1869.jpg
[2026-09-17 13:47:06,565] [basehttp.py:154] [basehttp:log_message] [WARNING]- "GET /media/DeviceLNV/Device/1869.jpg HTTP/1.1" 404 1803
[2026-09-17 13:47:06,568] [basehttp.py:154] [basehttp:log_message] [WARNING]- "GET /media/DeviceLNV/Zaihuo/1869.jpg HTTP/1.1" 404 1803
[2026-09-17 13:47:06,575] [log.py:228] [log:log_response] [WARNING]- Not Found: /media/DeviceLNV/Device/1873.jpg
[2026-09-17 13:47:06,591] [basehttp.py:154] [basehttp:log_message] [WARNING]- "GET /media/DeviceLNV/Device/1873.jpg HTTP/1.1" 404 1803
[2026-09-17 13:47:06,596] [log.py:228] [log:log_response] [WARNING]- Not Found: /media/DeviceLNV/Zaihuo/1873.jpg
[2026-09-17 13:47:06,600] [basehttp.py:154] [basehttp:log_message] [WARNING]- "GET /media/DeviceLNV/Zaihuo/1873.jpg HTTP/1.1" 404 1803
[2026-09-17 13:47:06,609] [log.py:228] [log:log_response] [WARNING]- Not Found: /media/DeviceLNV/Device/1875.jpg
[2026-09-17 13:47:06,621] [basehttp.py:154] [basehttp:log_message] [WARNING]- "GET /media/DeviceLNV/Device/1875.jpg HTTP/1.1" 404 1803
[2026-09-17 13:47:06,622] [log.py:228] [log:log_response] [WARNING]- Not Found: /media/DeviceLNV/Zaihuo/1875.jpg
[2026-09-17 13:47:06,627] [log.py:228] [log:log_response] [WARNING]- Not Found: /media/DeviceLNV/Device/1876.jpg
[2026-09-17 13:47:06,640] [basehttp.py:154] [basehttp:log_message] [WARNING]- "GET /media/DeviceLNV/Device/1876.jpg HTTP/1.1" 404 1803
[2026-09-17 13:47:06,641] [log.py:228] [log:log_response] [WARNING]- Not Found: /media/DeviceLNV/Zaihuo/1876.jpg
[2026-09-17 13:47:06,641] [basehttp.py:154] [basehttp:log_message] [WARNING]- "GET /media/DeviceLNV/Zaihuo/1875.jpg HTTP/1.1" 404 1803
[2026-09-17 13:47:06,649] [basehttp.py:154] [basehttp:log_message] [WARNING]- "GET /media/DeviceLNV/Zaihuo/1876.jpg HTTP/1.1" 404 1803
[2026-09-17 13:47:06,653] [log.py:228] [log:log_response] [WARNING]- Not Found: /media/DeviceLNV/Device/1880.jpg
[2026-09-17 13:47:06,664] [log.py:228] [log:log_response] [WARNING]- Not Found: /media/DeviceLNV/Zaihuo/1880.jpg
[2026-09-17 13:47:06,666] [basehttp.py:154] [basehttp:log_message] [WARNING]- "GET /media/DeviceLNV/Device/1880.jpg HTTP/1.1" 404 1803
[2026-09-17 13:47:06,669] [basehttp.py:154] [basehttp:log_message] [WARNING]- "GET /media/DeviceLNV/Zaihuo/1880.jpg HTTP/1.1" 404 1803
[2026-09-17 13:47:06,685] [log.py:228] [log:log_response] [WARNING]- Not Found: /media/DeviceLNV/Device/1881.jpg
[2026-09-17 13:47:06,691] [basehttp.py:154] [basehttp:log_message] [WARNING]- "GET /media/DeviceLNV/Device/1881.jpg HTTP/1.1" 404 1803
[2026-09-17 13:47:06,695] [log.py:228] [log:log_response] [WARNING]- Not Found: /media/DeviceLNV/Zaihuo/1881.jpg
[2026-09-17 13:47:06,696] [basehttp.py:154] [basehttp:log_message] [WARNING]- "GET /media/DeviceLNV/Zaihuo/1881.jpg HTTP/1.1" 404 1803
[2026-09-17 13:47:06,704] [log.py:228] [log:log_response] [WARNING]- Not Found: /media/DeviceLNV/Zaihuo/1882.jpg
[2026-09-17 13:47:06,705] [basehttp.py:154] [basehttp:log_message] [WARNING]- "GET /media/DeviceLNV/Zaihuo/1882.jpg HTTP/1.1" 404 1803
[2026-09-17 13:47:06,706] [log.py:228] [log:log_response] [WARNING]- Not Found: /media/DeviceLNV/Device/1882.jpg
[2026-09-17 13:47:06,707] [basehttp.py:154] [basehttp:log_message] [WARNING]- "GET /media/DeviceLNV/Device/1882.jpg HTTP/1.1" 404 1803
[2026-09-17 13:47:06,711] [log.py:228] [log:log_response] [WARNING]- Not Found: /media/DeviceLNV/Zaihuo/1891.jpg
[2026-09-17 13:47:06,712] [basehttp.py:154] [basehttp:log_message] [WARNING]- "GET /media/DeviceLNV/Zaihuo/1891.jpg HTTP/1.1" 404 1803
[2026-09-17 13:47:06,713] [log.py:228] [log:log_response] [WARNING]- Not Found: /media/DeviceLNV/Device/1891.jpg
[2026-09-17 13:47:06,715] [basehttp.py:154] [basehttp:log_message] [WARNING]- "GET /media/DeviceLNV/Device/1891.jpg HTTP/1.1" 404 1803
[2026-09-17 13:57:57,380] [basehttp.py:154] [basehttp:log_message] [INFO]- "GET /DeviceLNV/M_edit/ HTTP/1.1" 200 138608
[2026-09-17 13:57:57,927] [basehttp.py:154] [basehttp:log_message] [INFO]- "GET /favicon.ico HTTP/1.1" 200 38274
[2026-09-17 13:58:01,803] [UserIP.py:88] [UserIP:process_response] [INFO]- 2026-09-17 13:58:01: C1010S3/AnonymousUser/Cao.Edwin> None/EDWIN/bxbei > 127.0.0.1/127.0.0.1 > <WSGIRequest: POST '/DeviceLNV/M_edit/'>
[2026-09-17 13:58:01,821] [basehttp.py:154] [basehttp:log_message] [INFO]- "POST /DeviceLNV/M_edit/ HTTP/1.1" 200 37097
[2026-09-17 13:59:38,443] [UserIP.py:88] [UserIP:process_response] [INFO]- 2026-09-17 13:59:38: C1010S3/AnonymousUser/Cao.Edwin> None/EDWIN/bxbei > 127.0.0.1/127.0.0.1 > <WSGIRequest: POST '/DeviceLNV/M_edit/'>
[2026-09-17 13:59:38,471] [basehttp.py:154] [basehttp:log_message] [INFO]- "POST /DeviceLNV/M_edit/ HTTP/1.1" 200 2489264
[2026-09-17 13:59:39,329] [log.py:228] [log:log_response] [WARNING]- Not Found: /media/DeviceLNV/Zaihuo/1513.jpg
[2026-09-17 13:59:39,330] [basehttp.py:154] [basehttp:log_message] [WARNING]- "GET /media/DeviceLNV/Zaihuo/1513.jpg HTTP/1.1" 404 1803
[2026-09-17 13:59:39,341] [basehttp.py:154] [basehttp:log_message] [INFO]- "GET /media/DeviceLNV/Device/1513.jpg HTTP/1.1" 200 215360
[2026-09-17 13:59:39,346] [log.py:228] [log:log_response] [WARNING]- Not Found: /media/DeviceLNV/Zaihuo/2156.jpg
[2026-09-17 13:59:39,348] [basehttp.py:154] [basehttp:log_message] [WARNING]- "GET /media/DeviceLNV/Zaihuo/2156.jpg HTTP/1.1" 404 1803
[2026-09-17 13:59:39,353] [log.py:228] [log:log_response] [WARNING]- Not Found: /media/DeviceLNV/Zaihuo/233.jpg
[2026-09-17 13:59:39,357] [basehttp.py:154] [basehttp:log_message] [WARNING]- "GET /media/DeviceLNV/Zaihuo/233.jpg HTTP/1.1" 404 1800
[2026-09-17 13:59:39,360] [log.py:228] [log:log_response] [WARNING]- Not Found: /media/DeviceLNV/Device/233.jpg
[2026-09-17 13:59:39,365] [basehttp.py:154] [basehttp:log_message] [WARNING]- "GET /media/DeviceLNV/Device/233.jpg HTTP/1.1" 404 1800
[2026-09-17 13:59:39,379] [basehttp.py:154] [basehttp:log_message] [INFO]- "GET /media/DeviceLNV/Device/2156.jpg HTTP/1.1" 200 201323
[2026-09-17 13:59:39,380] [log.py:228] [log:log_response] [WARNING]- Not Found: /media/DeviceLNV/Device/257.jpg
[2026-09-17 13:59:39,381] [basehttp.py:154] [basehttp:log_message] [WARNING]- "GET /media/DeviceLNV/Device/257.jpg HTTP/1.1" 404 1800
[2026-09-17 13:59:39,387] [log.py:228] [log:log_response] [WARNING]- Not Found: /media/DeviceLNV/Zaihuo/257.jpg
[2026-09-17 13:59:39,392] [basehttp.py:154] [basehttp:log_message] [WARNING]- "GET /media/DeviceLNV/Zaihuo/257.jpg HTTP/1.1" 404 1800
[2026-09-17 13:59:39,394] [log.py:228] [log:log_response] [WARNING]- Not Found: /media/DeviceLNV/Device/258.jpg
[2026-09-17 13:59:39,398] [basehttp.py:154] [basehttp:log_message] [WARNING]- "GET /media/DeviceLNV/Device/258.jpg HTTP/1.1" 404 1800
[2026-09-17 13:59:39,400] [log.py:228] [log:log_response] [WARNING]- Not Found: /media/DeviceLNV/Zaihuo/258.jpg
[2026-09-17 13:59:39,401] [basehttp.py:154] [basehttp:log_message] [WARNING]- "GET /media/DeviceLNV/Zaihuo/258.jpg HTTP/1.1" 404 1800
[2026-09-17 13:59:39,410] [log.py:228] [log:log_response] [WARNING]- Not Found: /media/DeviceLNV/Device/2260.jpg
[2026-09-17 13:59:39,411] [basehttp.py:154] [basehttp:log_message] [WARNING]- "GET /media/DeviceLNV/Device/2260.jpg HTTP/1.1" 404 1803
[2026-09-17 13:59:39,415] [log.py:228] [log:log_response] [WARNING]- Not Found: /media/DeviceLNV/Zaihuo/2260.jpg
[2026-09-17 13:59:39,417] [basehttp.py:154] [basehttp:log_message] [WARNING]- "GET /media/DeviceLNV/Zaihuo/2260.jpg HTTP/1.1" 404 1803
[2026-09-17 13:59:39,429] [log.py:228] [log:log_response] [WARNING]- Not Found: /media/DeviceLNV/Device/2214.jpg
[2026-09-17 13:59:39,441] [basehttp.py:154] [basehttp:log_message] [WARNING]- "GET /media/DeviceLNV/Device/2214.jpg HTTP/1.1" 404 1803
[2026-09-17 13:59:39,468] [log.py:228] [log:log_response] [WARNING]- Not Found: /media/DeviceLNV/Device/244.jpg
[2026-09-17 13:59:39,470] [basehttp.py:154] [basehttp:log_message] [WARNING]- "GET /media/DeviceLNV/Device/244.jpg HTTP/1.1" 404 1800
[2026-09-17 13:59:39,470] [log.py:228] [log:log_response] [WARNING]- Not Found: /media/DeviceLNV/Zaihuo/202.jpg
[2026-09-17 13:59:39,474] [basehttp.py:154] [basehttp:log_message] [WARNING]- "GET /media/DeviceLNV/Zaihuo/202.jpg HTTP/1.1" 404 1800
[2026-09-17 13:59:39,483] [log.py:228] [log:log_response] [WARNING]- Not Found: /media/DeviceLNV/Zaihuo/2214.jpg
[2026-09-17 13:59:39,489] [log.py:228] [log:log_response] [WARNING]- Not Found: /media/DeviceLNV/Device/202.jpg
[2026-09-17 13:59:39,490] [basehttp.py:154] [basehttp:log_message] [WARNING]- "GET /media/DeviceLNV/Zaihuo/2214.jpg HTTP/1.1" 404 1803
[2026-09-17 13:59:39,492] [log.py:228] [log:log_response] [WARNING]- Not Found: /media/DeviceLNV/Zaihuo/244.jpg
[2026-09-17 13:59:39,493] [basehttp.py:154] [basehttp:log_message] [WARNING]- "GET /media/DeviceLNV/Device/202.jpg HTTP/1.1" 404 1800
[2026-09-17 13:59:39,499] [log.py:228] [log:log_response] [WARNING]- Not Found: /media/DeviceLNV/Device/1462.jpg
[2026-09-17 13:59:39,507] [basehttp.py:154] [basehttp:log_message] [WARNING]- "GET /media/DeviceLNV/Zaihuo/244.jpg HTTP/1.1" 404 1800
[2026-09-17 13:59:39,518] [basehttp.py:154] [basehttp:log_message] [WARNING]- "GET /media/DeviceLNV/Device/1462.jpg HTTP/1.1" 404 1803
[2026-09-17 13:59:39,525] [log.py:228] [log:log_response] [WARNING]- Not Found: /media/DeviceLNV/Zaihuo/1462.jpg
[2026-09-17 13:59:39,534] [basehttp.py:154] [basehttp:log_message] [WARNING]- "GET /media/DeviceLNV/Zaihuo/1462.jpg HTTP/1.1" 404 1803
[2026-09-17 13:59:39,548] [log.py:228] [log:log_response] [WARNING]- Not Found: /media/DeviceLNV/Device/2218.jpg
[2026-09-17 13:59:39,553] [basehttp.py:154] [basehttp:log_message] [WARNING]- "GET /media/DeviceLNV/Device/2218.jpg HTTP/1.1" 404 1803
[2026-09-17 13:59:39,556] [log.py:228] [log:log_response] [WARNING]- Not Found: /media/DeviceLNV/Zaihuo/2218.jpg
[2026-09-17 13:59:39,565] [basehttp.py:154] [basehttp:log_message] [WARNING]- "GET /media/DeviceLNV/Zaihuo/2218.jpg HTTP/1.1" 404 1803
[2026-09-17 13:59:39,574] [log.py:228] [log:log_response] [WARNING]- Not Found: /media/DeviceLNV/Device/253.jpg
[2026-09-17 13:59:39,578] [basehttp.py:154] [basehttp:log_message] [WARNING]- "GET /media/DeviceLNV/Device/253.jpg HTTP/1.1" 404 1800
[2026-09-17 13:59:39,631] [log.py:228] [log:log_response] [WARNING]- Not Found: /media/DeviceLNV/Device/1459.jpg
[2026-09-17 13:59:39,633] [basehttp.py:154] [basehttp:log_message] [WARNING]- "GET /media/DeviceLNV/Device/1459.jpg HTTP/1.1" 404 1803
[2026-09-17 13:59:39,634] [basehttp.py:154] [basehttp:log_message] [INFO]- "GET /media/DeviceLNV/Zaihuo/253.jpg HTTP/1.1" 200 275671
[2026-09-17 13:59:39,640] [log.py:228] [log:log_response] [WARNING]- Not Found: /media/DeviceLNV/Zaihuo/1459.jpg
[2026-09-17 13:59:39,646] [basehttp.py:154] [basehttp:log_message] [WARNING]- "GET /media/DeviceLNV/Zaihuo/1459.jpg HTTP/1.1" 404 1803
[2026-09-17 13:59:39,652] [log.py:228] [log:log_response] [WARNING]- Not Found: /media/DeviceLNV/Device/261.jpg
[2026-09-17 13:59:39,656] [basehttp.py:154] [basehttp:log_message] [WARNING]- "GET /media/DeviceLNV/Device/261.jpg HTTP/1.1" 404 1800
[2026-09-17 13:59:39,663] [log.py:228] [log:log_response] [WARNING]- Not Found: /media/DeviceLNV/Zaihuo/261.jpg
[2026-09-17 13:59:39,669] [log.py:228] [log:log_response] [WARNING]- Not Found: /media/DeviceLNV/Device/262.jpg
[2026-09-17 13:59:39,675] [basehttp.py:154] [basehttp:log_message] [WARNING]- "GET /media/DeviceLNV/Zaihuo/261.jpg HTTP/1.1" 404 1800
[2026-09-17 13:59:39,675] [basehttp.py:154] [basehttp:log_message] [WARNING]- "GET /media/DeviceLNV/Device/262.jpg HTTP/1.1" 404 1800
[2026-09-17 13:59:39,676] [log.py:228] [log:log_response] [WARNING]- Not Found: /media/DeviceLNV/Zaihuo/262.jpg
[2026-09-17 13:59:39,683] [basehttp.py:154] [basehttp:log_message] [WARNING]- "GET /media/DeviceLNV/Zaihuo/262.jpg HTTP/1.1" 404 1800
[2026-09-17 13:59:39,684] [log.py:228] [log:log_response] [WARNING]- Not Found: /media/DeviceLNV/Device/268.jpg
[2026-09-17 13:59:39,691] [basehttp.py:154] [basehttp:log_message] [WARNING]- "GET /media/DeviceLNV/Device/268.jpg HTTP/1.1" 404 1800
[2026-09-17 13:59:39,695] [log.py:228] [log:log_response] [WARNING]- Not Found: /media/DeviceLNV/Zaihuo/268.jpg
[2026-09-17 13:59:39,701] [basehttp.py:154] [basehttp:log_message] [WARNING]- "GET /media/DeviceLNV/Zaihuo/268.jpg HTTP/1.1" 404 1800
[2026-09-17 13:59:39,708] [log.py:228] [log:log_response] [WARNING]- Not Found: /media/DeviceLNV/Device/266.jpg
[2026-09-17 13:59:39,716] [basehttp.py:154] [basehttp:log_message] [WARNING]- "GET /media/DeviceLNV/Device/266.jpg HTTP/1.1" 404 1800
[2026-09-17 13:59:39,728] [log.py:228] [log:log_response] [WARNING]- Not Found: /media/DeviceLNV/Zaihuo/269.jpg
[2026-09-17 13:59:39,733] [log.py:228] [log:log_response] [WARNING]- Not Found: /media/DeviceLNV/Zaihuo/266.jpg
[2026-09-17 13:59:39,733] [basehttp.py:154] [basehttp:log_message] [WARNING]- "GET /media/DeviceLNV/Zaihuo/269.jpg HTTP/1.1" 404 1800
[2026-09-17 13:59:39,735] [basehttp.py:154] [basehttp:log_message] [WARNING]- "GET /media/DeviceLNV/Zaihuo/266.jpg HTTP/1.1" 404 1800
[2026-09-17 13:59:39,748] [log.py:228] [log:log_response] [WARNING]- Not Found: /media/DeviceLNV/Device/267.jpg
[2026-09-17 13:59:39,750] [log.py:228] [log:log_response] [WARNING]- Not Found: /media/DeviceLNV/Zaihuo/267.jpg
[2026-09-17 13:59:39,759] [basehttp.py:154] [basehttp:log_message] [WARNING]- "GET /media/DeviceLNV/Device/267.jpg HTTP/1.1" 404 1800
[2026-09-17 13:59:39,760] [basehttp.py:154] [basehttp:log_message] [WARNING]- "GET /media/DeviceLNV/Zaihuo/267.jpg HTTP/1.1" 404 1800
[2026-09-17 13:59:39,760] [log.py:228] [log:log_response] [WARNING]- Not Found: /media/DeviceLNV/Device/269.jpg
[2026-09-17 13:59:39,768] [log.py:228] [log:log_response] [WARNING]- Not Found: /media/DeviceLNV/Device/2098.jpg
[2026-09-17 13:59:39,771] [basehttp.py:154] [basehttp:log_message] [WARNING]- "GET /media/DeviceLNV/Device/269.jpg HTTP/1.1" 404 1800
[2026-09-17 13:59:39,771] [basehttp.py:154] [basehttp:log_message] [WARNING]- "GET /media/DeviceLNV/Device/2098.jpg HTTP/1.1" 404 1803
[2026-09-17 13:59:39,801] [log.py:228] [log:log_response] [WARNING]- Not Found: /media/DeviceLNV/Device/1292.jpg
[2026-09-17 13:59:39,809] [log.py:228] [log:log_response] [WARNING]- Not Found: /media/DeviceLNV/Zaihuo/2098.jpg
[2026-09-17 13:59:39,810] [basehttp.py:154] [basehttp:log_message] [WARNING]- "GET /media/DeviceLNV/Device/1292.jpg HTTP/1.1" 404 1803
[2026-09-17 13:59:39,813] [basehttp.py:154] [basehttp:log_message] [WARNING]- "GET /media/DeviceLNV/Zaihuo/2098.jpg HTTP/1.1" 404 1803
[2026-09-17 13:59:39,821] [log.py:228] [log:log_response] [WARNING]- Not Found: /media/DeviceLNV/Device/2048.jpg
[2026-09-17 13:59:39,826] [log.py:228] [log:log_response] [WARNING]- Not Found: /media/DeviceLNV/Zaihuo/1292.jpg
[2026-09-17 13:59:39,829] [log.py:228] [log:log_response] [WARNING]- Not Found: /media/DeviceLNV/Zaihuo/2048.jpg
[2026-09-17 13:59:39,833] [basehttp.py:154] [basehttp:log_message] [WARNING]- "GET /media/DeviceLNV/Zaihuo/1292.jpg HTTP/1.1" 404 1803
[2026-09-17 13:59:39,833] [basehttp.py:154] [basehttp:log_message] [WARNING]- "GET /media/DeviceLNV/Device/2048.jpg HTTP/1.1" 404 1803
[2026-09-17 13:59:39,835] [basehttp.py:154] [basehttp:log_message] [WARNING]- "GET /media/DeviceLNV/Zaihuo/2048.jpg HTTP/1.1" 404 1803
[2026-09-17 13:59:39,839] [log.py:228] [log:log_response] [WARNING]- Not Found: /media/DeviceLNV/Device/209.jpg
[2026-09-17 13:59:39,849] [basehttp.py:154] [basehttp:log_message] [WARNING]- "GET /media/DeviceLNV/Device/209.jpg HTTP/1.1" 404 1800
[2026-09-17 13:59:39,869] [log.py:228] [log:log_response] [WARNING]- Not Found: /media/DeviceLNV/Zaihuo/209.jpg
[2026-09-17 13:59:39,874] [basehttp.py:154] [basehttp:log_message] [WARNING]- "GET /media/DeviceLNV/Zaihuo/209.jpg HTTP/1.1" 404 1800
[2026-09-17 13:59:39,876] [log.py:228] [log:log_response] [WARNING]- Not Found: /media/DeviceLNV/Device/2216.jpg
[2026-09-17 13:59:39,881] [log.py:228] [log:log_response] [WARNING]- Not Found: /media/DeviceLNV/Zaihuo/247.jpg
[2026-09-17 13:59:39,881] [basehttp.py:154] [basehttp:log_message] [WARNING]- "GET /media/DeviceLNV/Device/2216.jpg HTTP/1.1" 404 1803
[2026-09-17 13:59:39,888] [basehttp.py:154] [basehttp:log_message] [WARNING]- "GET /media/DeviceLNV/Zaihuo/247.jpg HTTP/1.1" 404 1800
[2026-09-17 13:59:39,889] [log.py:228] [log:log_response] [WARNING]- Not Found: /media/DeviceLNV/Device/247.jpg
[2026-09-17 13:59:39,896] [log.py:228] [log:log_response] [WARNING]- Not Found: /media/DeviceLNV/Device/264.jpg
[2026-09-17 13:59:39,897] [basehttp.py:154] [basehttp:log_message] [WARNING]- "GET /media/DeviceLNV/Device/247.jpg HTTP/1.1" 404 1800
[2026-09-17 13:59:39,898] [basehttp.py:154] [basehttp:log_message] [WARNING]- "GET /media/DeviceLNV/Device/264.jpg HTTP/1.1" 404 1800
[2026-09-17 13:59:39,903] [log.py:228] [log:log_response] [WARNING]- Not Found: /media/DeviceLNV/Zaihuo/2216.jpg
[2026-09-17 13:59:39,910] [basehttp.py:154] [basehttp:log_message] [WARNING]- "GET /media/DeviceLNV/Zaihuo/2216.jpg HTTP/1.1" 404 1803
[2026-09-17 13:59:39,923] [log.py:228] [log:log_response] [WARNING]- Not Found: /media/DeviceLNV/Zaihuo/264.jpg
[2026-09-17 13:59:39,928] [basehttp.py:154] [basehttp:log_message] [WARNING]- "GET /media/DeviceLNV/Zaihuo/264.jpg HTTP/1.1" 404 1800
[2026-09-17 13:59:39,934] [log.py:228] [log:log_response] [WARNING]- Not Found: /media/DeviceLNV/Device/265.jpg
[2026-09-17 13:59:39,937] [basehttp.py:154] [basehttp:log_message] [WARNING]- "GET /media/DeviceLNV/Device/265.jpg HTTP/1.1" 404 1800
[2026-09-17 13:59:39,948] [log.py:228] [log:log_response] [WARNING]- Not Found: /media/DeviceLNV/Zaihuo/265.jpg
[2026-09-17 13:59:39,953] [basehttp.py:154] [basehttp:log_message] [WARNING]- "GET /media/DeviceLNV/Zaihuo/265.jpg HTTP/1.1" 404 1800
[2026-09-17 13:59:39,956] [log.py:228] [log:log_response] [WARNING]- Not Found: /media/DeviceLNV/Zaihuo/2217.jpg
[2026-09-17 13:59:39,958] [log.py:228] [log:log_response] [WARNING]- Not Found: /media/DeviceLNV/Device/2217.jpg
[2026-09-17 13:59:39,963] [basehttp.py:154] [basehttp:log_message] [WARNING]- "GET /media/DeviceLNV/Zaihuo/2217.jpg HTTP/1.1" 404 1803
[2026-09-17 13:59:39,964] [log.py:228] [log:log_response] [WARNING]- Not Found: /media/DeviceLNV/Device/228.jpg
[2026-09-17 13:59:39,966] [basehttp.py:154] [basehttp:log_message] [WARNING]- "GET /media/DeviceLNV/Device/2217.jpg HTTP/1.1" 404 1803
[2026-09-17 13:59:39,969] [basehttp.py:154] [basehttp:log_message] [WARNING]- "GET /media/DeviceLNV/Device/228.jpg HTTP/1.1" 404 1800
[2026-09-17 13:59:39,974] [log.py:228] [log:log_response] [WARNING]- Not Found: /media/DeviceLNV/Zaihuo/228.jpg
[2026-09-17 13:59:39,980] [basehttp.py:154] [basehttp:log_message] [WARNING]- "GET /media/DeviceLNV/Zaihuo/228.jpg HTTP/1.1" 404 1800
[2026-09-17 13:59:39,988] [log.py:228] [log:log_response] [WARNING]- Not Found: /media/DeviceLNV/Device/214.jpg
[2026-09-17 13:59:40,002] [basehttp.py:154] [basehttp:log_message] [WARNING]- "GET /media/DeviceLNV/Device/214.jpg HTTP/1.1" 404 1800
[2026-09-17 13:59:40,007] [log.py:228] [log:log_response] [WARNING]- Not Found: /media/DeviceLNV/Zaihuo/214.jpg
[2026-09-17 13:59:40,011] [log.py:228] [log:log_response] [WARNING]- Not Found: /media/DeviceLNV/Device/2049.jpg
[2026-09-17 13:59:40,015] [basehttp.py:154] [basehttp:log_message] [WARNING]- "GET /media/DeviceLNV/Zaihuo/214.jpg HTTP/1.1" 404 1800
[2026-09-17 13:59:40,023] [basehttp.py:154] [basehttp:log_message] [WARNING]- "GET /media/DeviceLNV/Device/2049.jpg HTTP/1.1" 404 1803
[2026-09-17 13:59:40,032] [log.py:228] [log:log_response] [WARNING]- Not Found: /media/DeviceLNV/Zaihuo/2049.jpg
[2026-09-17 13:59:40,040] [basehttp.py:154] [basehttp:log_message] [WARNING]- "GET /media/DeviceLNV/Zaihuo/2049.jpg HTTP/1.1" 404 1803
[2026-09-17 13:59:40,043] [log.py:228] [log:log_response] [WARNING]- Not Found: /media/DeviceLNV/Zaihuo/2050.jpg
[2026-09-17 13:59:40,045] [log.py:228] [log:log_response] [WARNING]- Not Found: /media/DeviceLNV/Device/2050.jpg
[2026-09-17 13:59:40,054] [basehttp.py:154] [basehttp:log_message] [WARNING]- "GET /media/DeviceLNV/Zaihuo/2050.jpg HTTP/1.1" 404 1803
[2026-09-17 13:59:40,056] [basehttp.py:154] [basehttp:log_message] [WARNING]- "GET /media/DeviceLNV/Device/2050.jpg HTTP/1.1" 404 1803
[2026-09-17 13:59:40,059] [log.py:228] [log:log_response] [WARNING]- Not Found: /media/DeviceLNV/Device/1298.jpg
[2026-09-17 13:59:40,064] [basehttp.py:154] [basehttp:log_message] [WARNING]- "GET /media/DeviceLNV/Device/1298.jpg HTTP/1.1" 404 1803
[2026-09-17 13:59:40,065] [log.py:228] [log:log_response] [WARNING]- Not Found: /media/DeviceLNV/Zaihuo/1298.jpg
[2026-09-17 13:59:40,072] [log.py:228] [log:log_response] [WARNING]- Not Found: /media/DeviceLNV/Device/1299.jpg
[2026-09-17 13:59:40,073] [basehttp.py:154] [basehttp:log_message] [WARNING]- "GET /media/DeviceLNV/Zaihuo/1298.jpg HTTP/1.1" 404 1803
[2026-09-17 13:59:40,076] [basehttp.py:154] [basehttp:log_message] [WARNING]- "GET /media/DeviceLNV/Device/1299.jpg HTTP/1.1" 404 1803
[2026-09-17 13:59:40,086] [log.py:228] [log:log_response] [WARNING]- Not Found: /media/DeviceLNV/Zaihuo/1299.jpg
[2026-09-17 13:59:40,091] [basehttp.py:154] [basehttp:log_message] [WARNING]- "GET /media/DeviceLNV/Zaihuo/1299.jpg HTTP/1.1" 404 1803
[2026-09-17 13:59:40,105] [log.py:228] [log:log_response] [WARNING]- Not Found: /media/DeviceLNV/Device/1300.jpg
[2026-09-17 13:59:40,112] [basehttp.py:154] [basehttp:log_message] [WARNING]- "GET /media/DeviceLNV/Device/1300.jpg HTTP/1.1" 404 1803
[2026-09-17 13:59:40,118] [log.py:228] [log:log_response] [WARNING]- Not Found: /media/DeviceLNV/Zaihuo/1300.jpg
[2026-09-17 13:59:40,120] [basehttp.py:154] [basehttp:log_message] [WARNING]- "GET /media/DeviceLNV/Zaihuo/1300.jpg HTTP/1.1" 404 1803
[2026-09-17 13:59:40,120] [log.py:228] [log:log_response] [WARNING]- Not Found: /media/DeviceLNV/Device/1301.jpg
[2026-09-17 13:59:40,125] [basehttp.py:154] [basehttp:log_message] [WARNING]- "GET /media/DeviceLNV/Device/1301.jpg HTTP/1.1" 404 1803
[2026-09-17 13:59:40,149] [log.py:228] [log:log_response] [WARNING]- Not Found: /media/DeviceLNV/Zaihuo/1301.jpg
[2026-09-17 13:59:40,153] [basehttp.py:154] [basehttp:log_message] [WARNING]- "GET /media/DeviceLNV/Zaihuo/1301.jpg HTTP/1.1" 404 1803
[2026-09-17 13:59:40,157] [log.py:228] [log:log_response] [WARNING]- Not Found: /media/DeviceLNV/Zaihuo/227.jpg
[2026-09-17 13:59:40,163] [basehttp.py:154] [basehttp:log_message] [WARNING]- "GET /media/DeviceLNV/Zaihuo/227.jpg HTTP/1.1" 404 1800
[2026-09-17 13:59:40,169] [log.py:228] [log:log_response] [WARNING]- Not Found: /media/DeviceLNV/Device/227.jpg
[2026-09-17 13:59:40,171] [log.py:228] [log:log_response] [WARNING]- Not Found: /media/DeviceLNV/Device/259.jpg
[2026-09-17 13:59:40,177] [basehttp.py:154] [basehttp:log_message] [WARNING]- "GET /media/DeviceLNV/Device/227.jpg HTTP/1.1" 404 1800
[2026-09-17 13:59:40,184] [log.py:228] [log:log_response] [WARNING]- Not Found: /media/DeviceLNV/Zaihuo/259.jpg
[2026-09-17 13:59:40,184] [basehttp.py:154] [basehttp:log_message] [WARNING]- "GET /media/DeviceLNV/Device/259.jpg HTTP/1.1" 404 1800
[2026-09-17 13:59:40,185] [basehttp.py:154] [basehttp:log_message] [WARNING]- "GET /media/DeviceLNV/Zaihuo/259.jpg HTTP/1.1" 404 1800
[2026-09-17 13:59:40,201] [log.py:228] [log:log_response] [WARNING]- Not Found: /media/DeviceLNV/Device/260.jpg
[2026-09-17 13:59:40,211] [basehttp.py:154] [basehttp:log_message] [WARNING]- "GET /media/DeviceLNV/Device/260.jpg HTTP/1.1" 404 1800
[2026-09-17 13:59:40,218] [log.py:228] [log:log_response] [WARNING]- Not Found: /media/DeviceLNV/Zaihuo/260.jpg
[2026-09-17 13:59:40,227] [log.py:228] [log:log_response] [WARNING]- Not Found: /media/DeviceLNV/Device/1383.jpg
[2026-09-17 13:59:40,228] [basehttp.py:154] [basehttp:log_message] [WARNING]- "GET /media/DeviceLNV/Device/1383.jpg HTTP/1.1" 404 1803
[2026-09-17 13:59:40,228] [basehttp.py:154] [basehttp:log_message] [WARNING]- "GET /media/DeviceLNV/Zaihuo/260.jpg HTTP/1.1" 404 1800
[2026-09-17 13:59:40,240] [log.py:228] [log:log_response] [WARNING]- Not Found: /media/DeviceLNV/Device/1294.jpg
[2026-09-17 13:59:40,246] [log.py:228] [log:log_response] [WARNING]- Not Found: /media/DeviceLNV/Zaihuo/1383.jpg
[2026-09-17 13:59:40,246] [basehttp.py:154] [basehttp:log_message] [WARNING]- "GET /media/DeviceLNV/Device/1294.jpg HTTP/1.1" 404 1803
[2026-09-17 13:59:40,256] [basehttp.py:154] [basehttp:log_message] [WARNING]- "GET /media/DeviceLNV/Zaihuo/1383.jpg HTTP/1.1" 404 1803
[2026-09-17 13:59:40,264] [log.py:228] [log:log_response] [WARNING]- Not Found: /media/DeviceLNV/Zaihuo/1294.jpg
[2026-09-17 13:59:40,281] [basehttp.py:154] [basehttp:log_message] [WARNING]- "GET /media/DeviceLNV/Zaihuo/1294.jpg HTTP/1.1" 404 1803
[2026-09-17 13:59:40,287] [log.py:228] [log:log_response] [WARNING]- Not Found: /media/DeviceLNV/Device/1295.jpg
[2026-09-17 13:59:40,293] [log.py:228] [log:log_response] [WARNING]- Not Found: /media/DeviceLNV/Zaihuo/1295.jpg
[2026-09-17 13:59:40,297] [basehttp.py:154] [basehttp:log_message] [WARNING]- "GET /media/DeviceLNV/Device/1295.jpg HTTP/1.1" 404 1803
[2026-09-17 13:59:40,305] [basehttp.py:154] [basehttp:log_message] [WARNING]- "GET /media/DeviceLNV/Zaihuo/1295.jpg HTTP/1.1" 404 1803
[2026-09-17 13:59:40,313] [log.py:228] [log:log_response] [WARNING]- Not Found: /media/DeviceLNV/Device/1296.jpg
[2026-09-17 13:59:40,323] [log.py:228] [log:log_response] [WARNING]- Not Found: /media/DeviceLNV/Zaihuo/1296.jpg
[2026-09-17 13:59:40,326] [basehttp.py:154] [basehttp:log_message] [WARNING]- "GET /media/DeviceLNV/Device/1296.jpg HTTP/1.1" 404 1803
[2026-09-17 13:59:40,327] [basehttp.py:154] [basehttp:log_message] [WARNING]- "GET /media/DeviceLNV/Zaihuo/1296.jpg HTTP/1.1" 404 1803
[2026-09-17 13:59:40,328] [log.py:228] [log:log_response] [WARNING]- Not Found: /media/DeviceLNV/Device/1297.jpg
[2026-09-17 13:59:40,335] [basehttp.py:154] [basehttp:log_message] [WARNING]- "GET /media/DeviceLNV/Device/1297.jpg HTTP/1.1" 404 1803
[2026-09-17 13:59:40,339] [log.py:228] [log:log_response] [WARNING]- Not Found: /media/DeviceLNV/Zaihuo/1297.jpg
[2026-09-17 13:59:40,350] [basehttp.py:154] [basehttp:log_message] [WARNING]- "GET /media/DeviceLNV/Zaihuo/1297.jpg HTTP/1.1" 404 1803
[2026-09-17 13:59:40,362] [log.py:228] [log:log_response] [WARNING]- Not Found: /media/DeviceLNV/Device/1302.jpg
[2026-09-17 13:59:40,367] [log.py:228] [log:log_response] [WARNING]- Not Found: /media/DeviceLNV/Zaihuo/1302.jpg
[2026-09-17 13:59:40,368] [basehttp.py:154] [basehttp:log_message] [WARNING]- "GET /media/DeviceLNV/Device/1302.jpg HTTP/1.1" 404 1803
[2026-09-17 13:59:40,373] [basehttp.py:154] [basehttp:log_message] [WARNING]- "GET /media/DeviceLNV/Zaihuo/1302.jpg HTTP/1.1" 404 1803
[2026-09-17 13:59:40,381] [log.py:228] [log:log_response] [WARNING]- Not Found: /media/DeviceLNV/Device/223.jpg
[2026-09-17 13:59:40,382] [log.py:228] [log:log_response] [WARNING]- Not Found: /media/DeviceLNV/Zaihuo/223.jpg
[2026-09-17 13:59:40,390] [basehttp.py:154] [basehttp:log_message] [WARNING]- "GET /media/DeviceLNV/Device/223.jpg HTTP/1.1" 404 1800
[2026-09-17 13:59:40,391] [basehttp.py:154] [basehttp:log_message] [WARNING]- "GET /media/DeviceLNV/Zaihuo/223.jpg HTTP/1.1" 404 1800
[2026-09-17 13:59:40,394] [log.py:228] [log:log_response] [WARNING]- Not Found: /media/DeviceLNV/Device/1934.jpg
[2026-09-17 13:59:40,403] [log.py:228] [log:log_response] [WARNING]- Not Found: /media/DeviceLNV/Zaihuo/1934.jpg
[2026-09-17 13:59:40,404] [basehttp.py:154] [basehttp:log_message] [WARNING]- "GET /media/DeviceLNV/Device/1934.jpg HTTP/1.1" 404 1803
[2026-09-17 13:59:40,407] [basehttp.py:154] [basehttp:log_message] [WARNING]- "GET /media/DeviceLNV/Zaihuo/1934.jpg HTTP/1.1" 404 1803
[2026-09-17 13:59:40,419] [log.py:228] [log:log_response] [WARNING]- Not Found: /media/DeviceLNV/Zaihuo/2220.jpg
[2026-09-17 13:59:40,426] [basehttp.py:154] [basehttp:log_message] [WARNING]- "GET /media/DeviceLNV/Zaihuo/2220.jpg HTTP/1.1" 404 1803
[2026-09-17 13:59:40,426] [log.py:228] [log:log_response] [WARNING]- Not Found: /media/DeviceLNV/Device/2220.jpg
[2026-09-17 13:59:40,433] [basehttp.py:154] [basehttp:log_message] [WARNING]- "GET /media/DeviceLNV/Device/2220.jpg HTTP/1.1" 404 1803
[2026-09-17 13:59:40,433] [log.py:228] [log:log_response] [WARNING]- Not Found: /media/DeviceLNV/Device/1460.jpg
[2026-09-17 13:59:40,441] [log.py:228] [log:log_response] [WARNING]- Not Found: /media/DeviceLNV/Zaihuo/1460.jpg
[2026-09-17 13:59:40,443] [basehttp.py:154] [basehttp:log_message] [WARNING]- "GET /media/DeviceLNV/Device/1460.jpg HTTP/1.1" 404 1803
[2026-09-17 13:59:40,450] [log.py:228] [log:log_response] [WARNING]- Not Found: /media/DeviceLNV/Zaihuo/246.jpg
[2026-09-17 13:59:40,450] [basehttp.py:154] [basehttp:log_message] [WARNING]- "GET /media/DeviceLNV/Zaihuo/1460.jpg HTTP/1.1" 404 1803
[2026-09-17 13:59:40,456] [log.py:228] [log:log_response] [WARNING]- Not Found: /media/DeviceLNV/Device/246.jpg
[2026-09-17 13:59:40,457] [basehttp.py:154] [basehttp:log_message] [WARNING]- "GET /media/DeviceLNV/Zaihuo/246.jpg HTTP/1.1" 404 1800
[2026-09-17 13:59:40,468] [basehttp.py:154] [basehttp:log_message] [WARNING]- "GET /media/DeviceLNV/Device/246.jpg HTTP/1.1" 404 1800
[2026-09-17 13:59:40,479] [log.py:228] [log:log_response] [WARNING]- Not Found: /media/DeviceLNV/Device/242.jpg
[2026-09-17 13:59:40,485] [log.py:228] [log:log_response] [WARNING]- Not Found: /media/DeviceLNV/Zaihuo/242.jpg
[2026-09-17 13:59:40,488] [basehttp.py:154] [basehttp:log_message] [WARNING]- "GET /media/DeviceLNV/Device/242.jpg HTTP/1.1" 404 1800
[2026-09-17 13:59:40,489] [basehttp.py:154] [basehttp:log_message] [WARNING]- "GET /media/DeviceLNV/Zaihuo/242.jpg HTTP/1.1" 404 1800
[2026-09-17 13:59:40,501] [log.py:228] [log:log_response] [WARNING]- Not Found: /media/DeviceLNV/Device/248.jpg
[2026-09-17 13:59:40,507] [log.py:228] [log:log_response] [WARNING]- Not Found: /media/DeviceLNV/Zaihuo/248.jpg
[2026-09-17 13:59:40,509] [basehttp.py:154] [basehttp:log_message] [WARNING]- "GET /media/DeviceLNV/Device/248.jpg HTTP/1.1" 404 1800
[2026-09-17 13:59:40,509] [basehttp.py:154] [basehttp:log_message] [WARNING]- "GET /media/DeviceLNV/Zaihuo/248.jpg HTTP/1.1" 404 1800
[2026-09-17 13:59:40,511] [log.py:228] [log:log_response] [WARNING]- Not Found: /media/DeviceLNV/Device/251.jpg
[2026-09-17 13:59:40,530] [log.py:228] [log:log_response] [WARNING]- Not Found: /media/DeviceLNV/Zaihuo/251.jpg
[2026-09-17 13:59:40,532] [basehttp.py:154] [basehttp:log_message] [WARNING]- "GET /media/DeviceLNV/Device/251.jpg HTTP/1.1" 404 1800
[2026-09-17 13:59:40,532] [log.py:228] [log:log_response] [WARNING]- Not Found: /media/DeviceLNV/Device/252.jpg
[2026-09-17 13:59:40,536] [log.py:228] [log:log_response] [WARNING]- Not Found: /media/DeviceLNV/Zaihuo/252.jpg
[2026-09-17 13:59:40,536] [basehttp.py:154] [basehttp:log_message] [WARNING]- "GET /media/DeviceLNV/Device/252.jpg HTTP/1.1" 404 1800
[2026-09-17 13:59:40,536] [basehttp.py:154] [basehttp:log_message] [WARNING]- "GET /media/DeviceLNV/Zaihuo/251.jpg HTTP/1.1" 404 1800
[2026-09-17 13:59:40,538] [basehttp.py:154] [basehttp:log_message] [WARNING]- "GET /media/DeviceLNV/Zaihuo/252.jpg HTTP/1.1" 404 1800
[2026-09-17 13:59:40,564] [log.py:228] [log:log_response] [WARNING]- Not Found: /media/DeviceLNV/Device/243.jpg
[2026-09-17 13:59:40,568] [basehttp.py:154] [basehttp:log_message] [WARNING]- "GET /media/DeviceLNV/Device/243.jpg HTTP/1.1" 404 1800
[2026-09-17 13:59:40,570] [log.py:228] [log:log_response] [WARNING]- Not Found: /media/DeviceLNV/Zaihuo/243.jpg
[2026-09-17 13:59:40,574] [log.py:228] [log:log_response] [WARNING]- Not Found: /media/DeviceLNV/Device/250.jpg
[2026-09-17 13:59:40,576] [log.py:228] [log:log_response] [WARNING]- Not Found: /media/DeviceLNV/Zaihuo/250.jpg
[2026-09-17 13:59:40,576] [basehttp.py:154] [basehttp:log_message] [WARNING]- "GET /media/DeviceLNV/Zaihuo/243.jpg HTTP/1.1" 404 1800
[2026-09-17 13:59:40,584] [basehttp.py:154] [basehttp:log_message] [WARNING]- "GET /media/DeviceLNV/Device/250.jpg HTTP/1.1" 404 1800
[2026-09-17 13:59:40,585] [log.py:228] [log:log_response] [WARNING]- Not Found: /media/DeviceLNV/Zaihuo/254.jpg
[2026-09-17 13:59:40,586] [basehttp.py:154] [basehttp:log_message] [WARNING]- "GET /media/DeviceLNV/Zaihuo/250.jpg HTTP/1.1" 404 1800
[2026-09-17 13:59:40,590] [log.py:228] [log:log_response] [WARNING]- Not Found: /media/DeviceLNV/Device/254.jpg
[2026-09-17 13:59:40,590] [basehttp.py:154] [basehttp:log_message] [WARNING]- "GET /media/DeviceLNV/Zaihuo/254.jpg HTTP/1.1" 404 1800
[2026-09-17 13:59:40,603] [basehttp.py:154] [basehttp:log_message] [WARNING]- "GET /media/DeviceLNV/Device/254.jpg HTTP/1.1" 404 1800
[2026-09-17 13:59:40,631] [log.py:228] [log:log_response] [WARNING]- Not Found: /media/DeviceLNV/Device/1065.jpg
[2026-09-17 13:59:40,637] [log.py:228] [log:log_response] [WARNING]- Not Found: /media/DeviceLNV/Device/334.jpg
[2026-09-17 13:59:40,638] [basehttp.py:154] [basehttp:log_message] [WARNING]- "GET /media/DeviceLNV/Device/1065.jpg HTTP/1.1" 404 1803
[2026-09-17 13:59:40,644] [log.py:228] [log:log_response] [WARNING]- Not Found: /media/DeviceLNV/Zaihuo/1065.jpg
[2026-09-17 13:59:40,647] [basehttp.py:154] [basehttp:log_message] [WARNING]- "GET /media/DeviceLNV/Device/334.jpg HTTP/1.1" 404 1800
[2026-09-17 13:59:40,648] [basehttp.py:154] [basehttp:log_message] [WARNING]- "GET /media/DeviceLNV/Zaihuo/1065.jpg HTTP/1.1" 404 1803
[2026-09-17 13:59:40,649] [log.py:228] [log:log_response] [WARNING]- Not Found: /media/DeviceLNV/Zaihuo/334.jpg
[2026-09-17 13:59:40,656] [log.py:228] [log:log_response] [WARNING]- Not Found: /media/DeviceLNV/Device/316.jpg
[2026-09-17 13:59:40,660] [log.py:228] [log:log_response] [WARNING]- Not Found: /media/DeviceLNV/Zaihuo/316.jpg
[2026-09-17 13:59:40,666] [basehttp.py:154] [basehttp:log_message] [WARNING]- "GET /media/DeviceLNV/Zaihuo/334.jpg HTTP/1.1" 404 1800
[2026-09-17 13:59:40,667] [basehttp.py:154] [basehttp:log_message] [WARNING]- "GET /media/DeviceLNV/Device/316.jpg HTTP/1.1" 404 1800
[2026-09-17 13:59:40,670] [basehttp.py:154] [basehttp:log_message] [WARNING]- "GET /media/DeviceLNV/Zaihuo/316.jpg HTTP/1.1" 404 1800
[2026-09-17 13:59:40,698] [log.py:228] [log:log_response] [WARNING]- Not Found: /media/DeviceLNV/Device/331.jpg
[2026-09-17 13:59:40,704] [basehttp.py:154] [basehttp:log_message] [WARNING]- "GET /media/DeviceLNV/Device/331.jpg HTTP/1.1" 404 1800
[2026-09-17 13:59:40,705] [log.py:228] [log:log_response] [WARNING]- Not Found: /media/DeviceLNV/Zaihuo/331.jpg
[2026-09-17 13:59:40,708] [log.py:228] [log:log_response] [WARNING]- Not Found: /media/DeviceLNV/Device/1046.jpg
[2026-09-17 13:59:40,710] [basehttp.py:154] [basehttp:log_message] [WARNING]- "GET /media/DeviceLNV/Zaihuo/331.jpg HTTP/1.1" 404 1800
[2026-09-17 13:59:40,711] [basehttp.py:154] [basehttp:log_message] [WARNING]- "GET /media/DeviceLNV/Device/1046.jpg HTTP/1.1" 404 1803
[2026-09-17 13:59:40,721] [log.py:228] [log:log_response] [WARNING]- Not Found: /media/DeviceLNV/Zaihuo/1492.jpg
[2026-09-17 13:59:40,722] [log.py:228] [log:log_response] [WARNING]- Not Found: /media/DeviceLNV/Zaihuo/1046.jpg
[2026-09-17 13:59:40,729] [basehttp.py:154] [basehttp:log_message] [WARNING]- "GET /media/DeviceLNV/Zaihuo/1492.jpg HTTP/1.1" 404 1803
[2026-09-17 13:59:40,731] [log.py:228] [log:log_response] [WARNING]- Not Found: /media/DeviceLNV/Device/1492.jpg
[2026-09-17 13:59:40,734] [basehttp.py:154] [basehttp:log_message] [WARNING]- "GET /media/DeviceLNV/Zaihuo/1046.jpg HTTP/1.1" 404 1803
[2026-09-17 13:59:40,738] [basehttp.py:154] [basehttp:log_message] [WARNING]- "GET /media/DeviceLNV/Device/1492.jpg HTTP/1.1" 404 1803
[2026-09-17 13:59:40,768] [log.py:228] [log:log_response] [WARNING]- Not Found: /media/DeviceLNV/Device/344.jpg
[2026-09-17 13:59:40,769] [log.py:228] [log:log_response] [WARNING]- Not Found: /media/DeviceLNV/Device/317.jpg
[2026-09-17 13:59:40,776] [basehttp.py:154] [basehttp:log_message] [WARNING]- "GET /media/DeviceLNV/Device/344.jpg HTTP/1.1" 404 1800
[2026-09-17 13:59:40,779] [basehttp.py:154] [basehttp:log_message] [WARNING]- "GET /media/DeviceLNV/Device/317.jpg HTTP/1.1" 404 1800
[2026-09-17 13:59:40,779] [log.py:228] [log:log_response] [WARNING]- Not Found: /media/DeviceLNV/Zaihuo/317.jpg
[2026-09-17 13:59:40,787] [log.py:228] [log:log_response] [WARNING]- Not Found: /media/DeviceLNV/Zaihuo/344.jpg
[2026-09-17 13:59:40,792] [basehttp.py:154] [basehttp:log_message] [WARNING]- "GET /media/DeviceLNV/Zaihuo/317.jpg HTTP/1.1" 404 1800
[2026-09-17 13:59:40,803] [basehttp.py:154] [basehttp:log_message] [WARNING]- "GET /media/DeviceLNV/Zaihuo/344.jpg HTTP/1.1" 404 1800
[2026-09-17 13:59:40,813] [log.py:228] [log:log_response] [WARNING]- Not Found: /media/DeviceLNV/Zaihuo/319.jpg
[2026-09-17 13:59:40,817] [log.py:228] [log:log_response] [WARNING]- Not Found: /media/DeviceLNV/Device/319.jpg
[2026-09-17 13:59:40,824] [log.py:228] [log:log_response] [WARNING]- Not Found: /media/DeviceLNV/Device/322.jpg
[2026-09-17 13:59:40,824] [basehttp.py:154] [basehttp:log_message] [WARNING]- "GET /media/DeviceLNV/Device/319.jpg HTTP/1.1" 404 1800
[2026-09-17 13:59:40,825] [basehttp.py:154] [basehttp:log_message] [WARNING]- "GET /media/DeviceLNV/Zaihuo/319.jpg HTTP/1.1" 404 1800
[2026-09-17 13:59:40,825] [basehttp.py:154] [basehttp:log_message] [WARNING]- "GET /media/DeviceLNV/Device/322.jpg HTTP/1.1" 404 1800
[2026-09-17 13:59:40,833] [log.py:228] [log:log_response] [WARNING]- Not Found: /media/DeviceLNV/Zaihuo/322.jpg
[2026-09-17 13:59:40,857] [basehttp.py:154] [basehttp:log_message] [WARNING]- "GET /media/DeviceLNV/Zaihuo/322.jpg HTTP/1.1" 404 1800
[2026-09-17 13:59:40,862] [log.py:228] [log:log_response] [WARNING]- Not Found: /media/DeviceLNV/Device/1066.jpg
[2026-09-17 13:59:40,871] [log.py:228] [log:log_response] [WARNING]- Not Found: /media/DeviceLNV/Zaihuo/1066.jpg
[2026-09-17 13:59:40,875] [basehttp.py:154] [basehttp:log_message] [WARNING]- "GET /media/DeviceLNV/Zaihuo/1066.jpg HTTP/1.1" 404 1803
[2026-09-17 13:59:40,875] [basehttp.py:154] [basehttp:log_message] [WARNING]- "GET /media/DeviceLNV/Device/1066.jpg HTTP/1.1" 404 1803
[2026-09-17 13:59:40,885] [log.py:228] [log:log_response] [WARNING]- Not Found: /media/DeviceLNV/Device/345.jpg
[2026-09-17 13:59:40,891] [basehttp.py:154] [basehttp:log_message] [WARNING]- "GET /media/DeviceLNV/Device/345.jpg HTTP/1.1" 404 1800
[2026-09-17 13:59:40,892] [log.py:228] [log:log_response] [WARNING]- Not Found: /media/DeviceLNV/Zaihuo/345.jpg
[2026-09-17 13:59:40,899] [log.py:228] [log:log_response] [WARNING]- Not Found: /media/DeviceLNV/Device/341.jpg
[2026-09-17 13:59:40,901] [basehttp.py:154] [basehttp:log_message] [WARNING]- "GET /media/DeviceLNV/Zaihuo/345.jpg HTTP/1.1" 404 1800
[2026-09-17 13:59:40,906] [basehttp.py:154] [basehttp:log_message] [WARNING]- "GET /media/DeviceLNV/Device/341.jpg HTTP/1.1" 404 1800
[2026-09-17 13:59:40,912] [log.py:228] [log:log_response] [WARNING]- Not Found: /media/DeviceLNV/Zaihuo/341.jpg
[2026-09-17 13:59:40,920] [basehttp.py:154] [basehttp:log_message] [WARNING]- "GET /media/DeviceLNV/Zaihuo/341.jpg HTTP/1.1" 404 1800
[2026-09-17 13:59:40,927] [log.py:228] [log:log_response] [WARNING]- Not Found: /media/DeviceLNV/Device/337.jpg
[2026-09-17 13:59:40,932] [basehttp.py:154] [basehttp:log_message] [WARNING]- "GET /media/DeviceLNV/Device/337.jpg HTTP/1.1" 404 1800
[2026-09-17 13:59:40,937] [log.py:228] [log:log_response] [WARNING]- Not Found: /media/DeviceLNV/Zaihuo/337.jpg
[2026-09-17 13:59:40,941] [log.py:228] [log:log_response] [WARNING]- Not Found: /media/DeviceLNV/Device/332.jpg
[2026-09-17 13:59:40,943] [basehttp.py:154] [basehttp:log_message] [WARNING]- "GET /media/DeviceLNV/Zaihuo/337.jpg HTTP/1.1" 404 1800
[2026-09-17 13:59:40,944] [basehttp.py:154] [basehttp:log_message] [WARNING]- "GET /media/DeviceLNV/Device/332.jpg HTTP/1.1" 404 1800
[2026-09-17 13:59:40,947] [log.py:228] [log:log_response] [WARNING]- Not Found: /media/DeviceLNV/Zaihuo/332.jpg
[2026-09-17 13:59:40,955] [log.py:228] [log:log_response] [WARNING]- Not Found: /media/DeviceLNV/Device/1178.jpg
[2026-09-17 13:59:40,955] [basehttp.py:154] [basehttp:log_message] [WARNING]- "GET /media/DeviceLNV/Zaihuo/332.jpg HTTP/1.1" 404 1800
[2026-09-17 13:59:40,969] [basehttp.py:154] [basehttp:log_message] [WARNING]- "GET /media/DeviceLNV/Device/1178.jpg HTTP/1.1" 404 1803
[2026-09-17 13:59:40,982] [log.py:228] [log:log_response] [WARNING]- Not Found: /media/DeviceLNV/Zaihuo/1178.jpg
[2026-09-17 13:59:40,993] [log.py:228] [log:log_response] [WARNING]- Not Found: /media/DeviceLNV/Device/326.jpg
[2026-09-17 13:59:40,994] [basehttp.py:154] [basehttp:log_message] [WARNING]- "GET /media/DeviceLNV/Zaihuo/1178.jpg HTTP/1.1" 404 1803
[2026-09-17 13:59:40,997] [basehttp.py:154] [basehttp:log_message] [WARNING]- "GET /media/DeviceLNV/Device/326.jpg HTTP/1.1" 404 1800
[2026-09-17 13:59:41,004] [log.py:228] [log:log_response] [WARNING]- Not Found: /media/DeviceLNV/Zaihuo/326.jpg
[2026-09-17 13:59:41,013] [log.py:228] [log:log_response] [WARNING]- Not Found: /media/DeviceLNV/Device/327.jpg
[2026-09-17 13:59:41,017] [basehttp.py:154] [basehttp:log_message] [WARNING]- "GET /media/DeviceLNV/Zaihuo/326.jpg HTTP/1.1" 404 1800
[2026-09-17 13:59:41,030] [log.py:228] [log:log_response] [WARNING]- Not Found: /media/DeviceLNV/Zaihuo/327.jpg
[2026-09-17 13:59:41,032] [basehttp.py:154] [basehttp:log_message] [WARNING]- "GET /media/DeviceLNV/Device/327.jpg HTTP/1.1" 404 1800
[2026-09-17 13:59:41,034] [basehttp.py:154] [basehttp:log_message] [WARNING]- "GET /media/DeviceLNV/Zaihuo/327.jpg HTTP/1.1" 404 1800
[2026-09-17 13:59:41,041] [log.py:228] [log:log_response] [WARNING]- Not Found: /media/DeviceLNV/Device/324.jpg
[2026-09-17 13:59:41,056] [basehttp.py:154] [basehttp:log_message] [WARNING]- "GET /media/DeviceLNV/Device/324.jpg HTTP/1.1" 404 1800
[2026-09-17 13:59:41,075] [log.py:228] [log:log_response] [WARNING]- Not Found: /media/DeviceLNV/Zaihuo/324.jpg
[2026-09-17 13:59:41,081] [log.py:228] [log:log_response] [WARNING]- Not Found: /media/DeviceLNV/Device/1179.jpg
[2026-09-17 13:59:41,082] [basehttp.py:154] [basehttp:log_message] [WARNING]- "GET /media/DeviceLNV/Zaihuo/324.jpg HTTP/1.1" 404 1800
[2026-09-17 13:59:41,088] [basehttp.py:154] [basehttp:log_message] [WARNING]- "GET /media/DeviceLNV/Device/1179.jpg HTTP/1.1" 404 1803
[2026-09-17 13:59:41,088] [log.py:228] [log:log_response] [WARNING]- Not Found: /media/DeviceLNV/Zaihuo/1179.jpg
[2026-09-17 13:59:41,102] [log.py:228] [log:log_response] [WARNING]- Not Found: /media/DeviceLNV/Zaihuo/321.jpg
[2026-09-17 13:59:41,104] [basehttp.py:154] [basehttp:log_message] [WARNING]- "GET /media/DeviceLNV/Zaihuo/1179.jpg HTTP/1.1" 404 1803
[2026-09-17 13:59:41,106] [log.py:228] [log:log_response] [WARNING]- Not Found: /media/DeviceLNV/Device/321.jpg
[2026-09-17 13:59:41,111] [basehttp.py:154] [basehttp:log_message] [WARNING]- "GET /media/DeviceLNV/Zaihuo/321.jpg HTTP/1.1" 404 1800
[2026-09-17 13:59:41,113] [log.py:228] [log:log_response] [WARNING]- Not Found: /media/DeviceLNV/Device/283.jpg
[2026-09-17 13:59:41,116] [basehttp.py:154] [basehttp:log_message] [WARNING]- "GET /media/DeviceLNV/Device/321.jpg HTTP/1.1" 404 1800
[2026-09-17 13:59:41,118] [basehttp.py:154] [basehttp:log_message] [WARNING]- "GET /media/DeviceLNV/Device/283.jpg HTTP/1.1" 404 1800
[2026-09-17 13:59:41,136] [log.py:228] [log:log_response] [WARNING]- Not Found: /media/DeviceLNV/Device/292.jpg
[2026-09-17 13:59:41,142] [log.py:228] [log:log_response] [WARNING]- Not Found: /media/DeviceLNV/Zaihuo/283.jpg
[2026-09-17 13:59:41,148] [basehttp.py:154] [basehttp:log_message] [WARNING]- "GET /media/DeviceLNV/Zaihuo/283.jpg HTTP/1.1" 404 1800
[2026-09-17 13:59:41,149] [basehttp.py:154] [basehttp:log_message] [WARNING]- "GET /media/DeviceLNV/Device/292.jpg HTTP/1.1" 404 1800
[2026-09-17 13:59:41,158] [log.py:228] [log:log_response] [WARNING]- Not Found: /media/DeviceLNV/Zaihuo/292.jpg
[2026-09-17 13:59:41,169] [log.py:228] [log:log_response] [WARNING]- Not Found: /media/DeviceLNV/Device/286.jpg
[2026-09-17 13:59:41,171] [basehttp.py:154] [basehttp:log_message] [WARNING]- "GET /media/DeviceLNV/Zaihuo/292.jpg HTTP/1.1" 404 1800
[2026-09-17 13:59:41,171] [basehttp.py:154] [basehttp:log_message] [WARNING]- "GET /media/DeviceLNV/Device/286.jpg HTTP/1.1" 404 1800
[2026-09-17 13:59:41,172] [log.py:228] [log:log_response] [WARNING]- Not Found: /media/DeviceLNV/Device/294.jpg
[2026-09-17 13:59:41,177] [log.py:228] [log:log_response] [WARNING]- Not Found: /media/DeviceLNV/Zaihuo/294.jpg
[2026-09-17 13:59:41,188] [basehttp.py:154] [basehttp:log_message] [WARNING]- "GET /media/DeviceLNV/Device/294.jpg HTTP/1.1" 404 1800
[2026-09-17 13:59:41,191] [basehttp.py:154] [basehttp:log_message] [WARNING]- "GET /media/DeviceLNV/Zaihuo/294.jpg HTTP/1.1" 404 1800
[2026-09-17 13:59:41,194] [log.py:228] [log:log_response] [WARNING]- Not Found: /media/DeviceLNV/Device/1550.jpg
[2026-09-17 13:59:41,201] [log.py:228] [log:log_response] [WARNING]- Not Found: /media/DeviceLNV/Zaihuo/286.jpg
[2026-09-17 13:59:41,208] [basehttp.py:154] [basehttp:log_message] [WARNING]- "GET /media/DeviceLNV/Device/1550.jpg HTTP/1.1" 404 1803
[2026-09-17 13:59:41,209] [basehttp.py:154] [basehttp:log_message] [WARNING]- "GET /media/DeviceLNV/Zaihuo/286.jpg HTTP/1.1" 404 1800
[2026-09-17 13:59:41,232] [log.py:228] [log:log_response] [WARNING]- Not Found: /media/DeviceLNV/Zaihuo/1550.jpg
[2026-09-17 13:59:41,235] [basehttp.py:154] [basehttp:log_message] [WARNING]- "GET /media/DeviceLNV/Zaihuo/1550.jpg HTTP/1.1" 404 1803
[2026-09-17 13:59:41,236] [log.py:228] [log:log_response] [WARNING]- Not Found: /media/DeviceLNV/Device/1551.jpg
[2026-09-17 13:59:41,239] [log.py:228] [log:log_response] [WARNING]- Not Found: /media/DeviceLNV/Zaihuo/1551.jpg
[2026-09-17 13:59:41,239] [basehttp.py:154] [basehttp:log_message] [WARNING]- "GET /media/DeviceLNV/Device/1551.jpg HTTP/1.1" 404 1803
[2026-09-17 13:59:41,247] [log.py:228] [log:log_response] [WARNING]- Not Found: /media/DeviceLNV/Device/375.jpg
[2026-09-17 13:59:41,247] [basehttp.py:154] [basehttp:log_message] [WARNING]- "GET /media/DeviceLNV/Zaihuo/1551.jpg HTTP/1.1" 404 1803
[2026-09-17 13:59:41,258] [basehttp.py:154] [basehttp:log_message] [WARNING]- "GET /media/DeviceLNV/Device/375.jpg HTTP/1.1" 404 1800
[2026-09-17 13:59:41,258] [log.py:228] [log:log_response] [WARNING]- Not Found: /media/DeviceLNV/Zaihuo/375.jpg
[2026-09-17 13:59:41,261] [basehttp.py:154] [basehttp:log_message] [WARNING]- "GET /media/DeviceLNV/Zaihuo/375.jpg HTTP/1.1" 404 1800
[2026-09-17 13:59:41,281] [log.py:228] [log:log_response] [WARNING]- Not Found: /media/DeviceLNV/Device/1553.jpg
[2026-09-17 13:59:41,286] [basehttp.py:154] [basehttp:log_message] [WARNING]- "GET /media/DeviceLNV/Device/1553.jpg HTTP/1.1" 404 1803
[2026-09-17 13:59:41,287] [log.py:228] [log:log_response] [WARNING]- Not Found: /media/DeviceLNV/Zaihuo/1553.jpg
[2026-09-17 13:59:41,293] [basehttp.py:154] [basehttp:log_message] [WARNING]- "GET /media/DeviceLNV/Zaihuo/1553.jpg HTTP/1.1" 404 1803
[2026-09-17 13:59:41,300] [log.py:228] [log:log_response] [WARNING]- Not Found: /media/DeviceLNV/Device/374.jpg
[2026-09-17 13:59:41,310] [log.py:228] [log:log_response] [WARNING]- Not Found: /media/DeviceLNV/Zaihuo/374.jpg
[2026-09-17 13:59:41,315] [basehttp.py:154] [basehttp:log_message] [WARNING]- "GET /media/DeviceLNV/Device/374.jpg HTTP/1.1" 404 1800
[2026-09-17 13:59:41,317] [basehttp.py:154] [basehttp:log_message] [WARNING]- "GET /media/DeviceLNV/Zaihuo/374.jpg HTTP/1.1" 404 1800
[2026-09-17 13:59:41,321] [log.py:228] [log:log_response] [WARNING]- Not Found: /media/DeviceLNV/Device/281.jpg
[2026-09-17 13:59:41,326] [log.py:228] [log:log_response] [WARNING]- Not Found: /media/DeviceLNV/Zaihuo/281.jpg
[2026-09-17 13:59:41,330] [log.py:228] [log:log_response] [WARNING]- Not Found: /media/DeviceLNV/Device/289.jpg
[2026-09-17 13:59:41,330] [basehttp.py:154] [basehttp:log_message] [WARNING]- "GET /media/DeviceLNV/Device/281.jpg HTTP/1.1" 404 1800
[2026-09-17 13:59:41,335] [basehttp.py:154] [basehttp:log_message] [WARNING]- "GET /media/DeviceLNV/Zaihuo/281.jpg HTTP/1.1" 404 1800
[2026-09-17 13:59:41,335] [basehttp.py:154] [basehttp:log_message] [WARNING]- "GET /media/DeviceLNV/Device/289.jpg HTTP/1.1" 404 1800
[2026-09-17 13:59:41,340] [log.py:228] [log:log_response] [WARNING]- Not Found: /media/DeviceLNV/Zaihuo/289.jpg
[2026-09-17 13:59:41,353] [basehttp.py:154] [basehttp:log_message] [WARNING]- "GET /media/DeviceLNV/Zaihuo/289.jpg HTTP/1.1" 404 1800
[2026-09-17 13:59:41,363] [log.py:228] [log:log_response] [WARNING]- Not Found: /media/DeviceLNV/Device/1044.jpg
[2026-09-17 13:59:41,366] [basehttp.py:154] [basehttp:log_message] [WARNING]- "GET /media/DeviceLNV/Device/1044.jpg HTTP/1.1" 404 1803
[2026-09-17 13:59:41,368] [log.py:228] [log:log_response] [WARNING]- Not Found: /media/DeviceLNV/Zaihuo/1044.jpg
[2026-09-17 13:59:41,374] [basehttp.py:154] [basehttp:log_message] [WARNING]- "GET /media/DeviceLNV/Zaihuo/1044.jpg HTTP/1.1" 404 1803
[2026-09-17 13:59:41,384] [log.py:228] [log:log_response] [WARNING]- Not Found: /media/DeviceLNV/Zaihuo/373.jpg
[2026-09-17 13:59:41,389] [basehttp.py:154] [basehttp:log_message] [WARNING]- "GET /media/DeviceLNV/Zaihuo/373.jpg HTTP/1.1" 404 1800
[2026-09-17 13:59:41,394] [log.py:228] [log:log_response] [WARNING]- Not Found: /media/DeviceLNV/Device/373.jpg
[2026-09-17 13:59:41,398] [basehttp.py:154] [basehttp:log_message] [WARNING]- "GET /media/DeviceLNV/Device/373.jpg HTTP/1.1" 404 1800
[2026-09-17 13:59:41,398] [log.py:228] [log:log_response] [WARNING]- Not Found: /media/DeviceLNV/Device/1512.jpg
[2026-09-17 13:59:41,407] [log.py:228] [log:log_response] [WARNING]- Not Found: /media/DeviceLNV/Zaihuo/1512.jpg
[2026-09-17 13:59:41,409] [basehttp.py:154] [basehttp:log_message] [WARNING]- "GET /media/DeviceLNV/Device/1512.jpg HTTP/1.1" 404 1803
[2026-09-17 13:59:41,414] [basehttp.py:154] [basehttp:log_message] [WARNING]- "GET /media/DeviceLNV/Zaihuo/1512.jpg HTTP/1.1" 404 1803
[2026-09-17 13:59:41,420] [log.py:228] [log:log_response] [WARNING]- Not Found: /media/DeviceLNV/Device/1461.jpg
[2026-09-17 13:59:41,427] [log.py:228] [log:log_response] [WARNING]- Not Found: /media/DeviceLNV/Zaihuo/1461.jpg
[2026-09-17 13:59:41,433] [basehttp.py:154] [basehttp:log_message] [WARNING]- "GET /media/DeviceLNV/Device/1461.jpg HTTP/1.1" 404 1803
[2026-09-17 13:59:41,440] [basehttp.py:154] [basehttp:log_message] [WARNING]- "GET /media/DeviceLNV/Zaihuo/1461.jpg HTTP/1.1" 404 1803
[2026-09-17 13:59:41,440] [log.py:228] [log:log_response] [WARNING]- Not Found: /media/DeviceLNV/Device/2047.jpg
[2026-09-17 13:59:41,455] [basehttp.py:154] [basehttp:log_message] [WARNING]- "GET /media/DeviceLNV/Device/2047.jpg HTTP/1.1" 404 1803
[2026-09-17 13:59:41,462] [log.py:228] [log:log_response] [WARNING]- Not Found: /media/DeviceLNV/Zaihuo/2047.jpg
[2026-09-17 13:59:41,471] [basehttp.py:154] [basehttp:log_message] [WARNING]- "GET /media/DeviceLNV/Zaihuo/2047.jpg HTTP/1.1" 404 1803
[2026-09-17 13:59:41,477] [log.py:228] [log:log_response] [WARNING]- Not Found: /media/DeviceLNV/Device/338.jpg
[2026-09-17 13:59:41,482] [basehttp.py:154] [basehttp:log_message] [WARNING]- "GET /media/DeviceLNV/Device/338.jpg HTTP/1.1" 404 1800
[2026-09-17 13:59:41,494] [log.py:228] [log:log_response] [WARNING]- Not Found: /media/DeviceLNV/Zaihuo/338.jpg
[2026-09-17 13:59:41,495] [log.py:228] [log:log_response] [WARNING]- Not Found: /media/DeviceLNV/Device/339.jpg
[2026-09-17 13:59:41,498] [basehttp.py:154] [basehttp:log_message] [WARNING]- "GET /media/DeviceLNV/Zaihuo/338.jpg HTTP/1.1" 404 1800
[2026-09-17 13:59:41,501] [basehttp.py:154] [basehttp:log_message] [WARNING]- "GET /media/DeviceLNV/Device/339.jpg HTTP/1.1" 404 1800
[2026-09-17 13:59:41,507] [log.py:228] [log:log_response] [WARNING]- Not Found: /media/DeviceLNV/Zaihuo/339.jpg
[2026-09-17 13:59:41,509] [log.py:228] [log:log_response] [WARNING]- Not Found: /media/DeviceLNV/Device/340.jpg
[2026-09-17 13:59:41,516] [basehttp.py:154] [basehttp:log_message] [WARNING]- "GET /media/DeviceLNV/Device/340.jpg HTTP/1.1" 404 1800
[2026-09-17 13:59:41,516] [basehttp.py:154] [basehttp:log_message] [WARNING]- "GET /media/DeviceLNV/Zaihuo/339.jpg HTTP/1.1" 404 1800
[2026-09-17 13:59:41,520] [log.py:228] [log:log_response] [WARNING]- Not Found: /media/DeviceLNV/Zaihuo/340.jpg
[2026-09-17 13:59:41,528] [basehttp.py:154] [basehttp:log_message] [WARNING]- "GET /media/DeviceLNV/Zaihuo/340.jpg HTTP/1.1" 404 1800
[2026-09-17 13:59:41,541] [log.py:228] [log:log_response] [WARNING]- Not Found: /media/DeviceLNV/Device/1552.jpg
[2026-09-17 13:59:41,544] [basehttp.py:154] [basehttp:log_message] [WARNING]- "GET /media/DeviceLNV/Device/1552.jpg HTTP/1.1" 404 1803
[2026-09-17 13:59:41,550] [log.py:228] [log:log_response] [WARNING]- Not Found: /media/DeviceLNV/Device/282.jpg
[2026-09-17 13:59:41,553] [log.py:228] [log:log_response] [WARNING]- Not Found: /media/DeviceLNV/Zaihuo/1552.jpg
[2026-09-17 13:59:41,553] [basehttp.py:154] [basehttp:log_message] [WARNING]- "GET /media/DeviceLNV/Device/282.jpg HTTP/1.1" 404 1800
[2026-09-17 13:59:41,559] [basehttp.py:154] [basehttp:log_message] [WARNING]- "GET /media/DeviceLNV/Zaihuo/1552.jpg HTTP/1.1" 404 1803
[2026-09-17 13:59:41,561] [log.py:228] [log:log_response] [WARNING]- Not Found: /media/DeviceLNV/Device/304.jpg
[2026-09-17 13:59:41,563] [basehttp.py:154] [basehttp:log_message] [WARNING]- "GET /media/DeviceLNV/Device/304.jpg HTTP/1.1" 404 1800
[2026-09-17 13:59:41,565] [log.py:228] [log:log_response] [WARNING]- Not Found: /media/DeviceLNV/Zaihuo/282.jpg
[2026-09-17 13:59:41,565] [basehttp.py:154] [basehttp:log_message] [WARNING]- "GET /media/DeviceLNV/Zaihuo/282.jpg HTTP/1.1" 404 1800
[2026-09-17 13:59:41,569] [log.py:228] [log:log_response] [WARNING]- Not Found: /media/DeviceLNV/Zaihuo/304.jpg
[2026-09-17 13:59:41,570] [basehttp.py:154] [basehttp:log_message] [WARNING]- "GET /media/DeviceLNV/Zaihuo/304.jpg HTTP/1.1" 404 1800
[2026-09-17 13:59:50,583] [log.py:228] [log:log_response] [WARNING]- Not Found: /media/DeviceLNV/Device/46.jpg
[2026-09-17 13:59:50,585] [basehttp.py:154] [basehttp:log_message] [WARNING]- "GET /media/DeviceLNV/Device/46.jpg HTTP/1.1" 404 1797
[2026-09-17 13:59:50,589] [log.py:228] [log:log_response] [WARNING]- Not Found: /media/DeviceLNV/Device/2011.jpg
[2026-09-17 13:59:50,595] [basehttp.py:154] [basehttp:log_message] [WARNING]- "GET /media/DeviceLNV/Device/2011.jpg HTTP/1.1" 404 1803
[2026-09-17 13:59:50,596] [log.py:228] [log:log_response] [WARNING]- Not Found: /media/DeviceLNV/Zaihuo/46.jpg
[2026-09-17 13:59:50,599] [log.py:228] [log:log_response] [WARNING]- Not Found: /media/DeviceLNV/Zaihuo/21.jpg
[2026-09-17 13:59:50,599] [basehttp.py:154] [basehttp:log_message] [WARNING]- "GET /media/DeviceLNV/Zaihuo/46.jpg HTTP/1.1" 404 1797
[2026-09-17 13:59:50,600] [basehttp.py:154] [basehttp:log_message] [WARNING]- "GET /media/DeviceLNV/Zaihuo/21.jpg HTTP/1.1" 404 1797
[2026-09-17 13:59:50,606] [log.py:228] [log:log_response] [WARNING]- Not Found: /media/DeviceLNV/Zaihuo/2011.jpg
[2026-09-17 13:59:50,611] [log.py:228] [log:log_response] [WARNING]- Not Found: /media/DeviceLNV/Device/21.jpg
[2026-09-17 13:59:50,615] [basehttp.py:154] [basehttp:log_message] [WARNING]- "GET /media/DeviceLNV/Zaihuo/2011.jpg HTTP/1.1" 404 1803
[2026-09-17 13:59:50,620] [basehttp.py:154] [basehttp:log_message] [WARNING]- "GET /media/DeviceLNV/Device/21.jpg HTTP/1.1" 404 1797
[2026-09-17 13:59:50,628] [log.py:228] [log:log_response] [WARNING]- Not Found: /media/DeviceLNV/Device/29.jpg
[2026-09-17 13:59:50,636] [basehttp.py:154] [basehttp:log_message] [WARNING]- "GET /media/DeviceLNV/Device/29.jpg HTTP/1.1" 404 1797
[2026-09-17 13:59:50,642] [log.py:228] [log:log_response] [WARNING]- Not Found: /media/DeviceLNV/Zaihuo/29.jpg
[2026-09-17 13:59:50,643] [log.py:228] [log:log_response] [WARNING]- Not Found: /media/DeviceLNV/Zaihuo/41.jpg
[2026-09-17 13:59:50,643] [basehttp.py:154] [basehttp:log_message] [WARNING]- "GET /media/DeviceLNV/Zaihuo/29.jpg HTTP/1.1" 404 1797
[2026-09-17 13:59:50,648] [basehttp.py:154] [basehttp:log_message] [WARNING]- "GET /media/DeviceLNV/Zaihuo/41.jpg HTTP/1.1" 404 1797
[2026-09-17 13:59:50,648] [log.py:228] [log:log_response] [WARNING]- Not Found: /media/DeviceLNV/Device/41.jpg
[2026-09-17 13:59:50,667] [basehttp.py:154] [basehttp:log_message] [WARNING]- "GET /media/DeviceLNV/Device/41.jpg HTTP/1.1" 404 1797
[2026-09-17 13:59:50,672] [log.py:228] [log:log_response] [WARNING]- Not Found: /media/DeviceLNV/Zaihuo/111.jpg
[2026-09-17 13:59:50,675] [basehttp.py:154] [basehttp:log_message] [WARNING]- "GET /media/DeviceLNV/Zaihuo/111.jpg HTTP/1.1" 404 1800
[2026-09-17 13:59:50,681] [log.py:228] [log:log_response] [WARNING]- Not Found: /media/DeviceLNV/Device/111.jpg
[2026-09-17 13:59:50,689] [log.py:228] [log:log_response] [WARNING]- Not Found: /media/DeviceLNV/Device/115.jpg
[2026-09-17 13:59:50,692] [basehttp.py:154] [basehttp:log_message] [WARNING]- "GET /media/DeviceLNV/Device/111.jpg HTTP/1.1" 404 1800
[2026-09-17 13:59:50,693] [basehttp.py:154] [basehttp:log_message] [WARNING]- "GET /media/DeviceLNV/Device/115.jpg HTTP/1.1" 404 1800
[2026-09-17 13:59:50,695] [log.py:228] [log:log_response] [WARNING]- Not Found: /media/DeviceLNV/Zaihuo/115.jpg
[2026-09-17 13:59:50,708] [basehttp.py:154] [basehttp:log_message] [WARNING]- "GET /media/DeviceLNV/Zaihuo/115.jpg HTTP/1.1" 404 1800
[2026-09-17 13:59:50,711] [log.py:228] [log:log_response] [WARNING]- Not Found: /media/DeviceLNV/Zaihuo/114.jpg
[2026-09-17 13:59:50,715] [basehttp.py:154] [basehttp:log_message] [WARNING]- "GET /media/DeviceLNV/Zaihuo/114.jpg HTTP/1.1" 404 1800
[2026-09-17 13:59:50,719] [log.py:228] [log:log_response] [WARNING]- Not Found: /media/DeviceLNV/Device/18.jpg
[2026-09-17 13:59:50,729] [basehttp.py:154] [basehttp:log_message] [WARNING]- "GET /media/DeviceLNV/Device/18.jpg HTTP/1.1" 404 1797
[2026-09-17 13:59:50,733] [log.py:228] [log:log_response] [WARNING]- Not Found: /media/DeviceLNV/Device/114.jpg
[2026-09-17 13:59:50,737] [basehttp.py:154] [basehttp:log_message] [WARNING]- "GET /media/DeviceLNV/Device/114.jpg HTTP/1.1" 404 1800
[2026-09-17 13:59:50,751] [log.py:228] [log:log_response] [WARNING]- Not Found: /media/DeviceLNV/Zaihuo/18.jpg
[2026-09-17 13:59:50,759] [log.py:228] [log:log_response] [WARNING]- Not Found: /media/DeviceLNV/Device/31.jpg
[2026-09-17 13:59:50,759] [basehttp.py:154] [basehttp:log_message] [WARNING]- "GET /media/DeviceLNV/Zaihuo/18.jpg HTTP/1.1" 404 1797
[2026-09-17 13:59:50,762] [basehttp.py:154] [basehttp:log_message] [WARNING]- "GET /media/DeviceLNV/Device/31.jpg HTTP/1.1" 404 1797
[2026-09-17 13:59:50,763] [log.py:228] [log:log_response] [WARNING]- Not Found: /media/DeviceLNV/Zaihuo/31.jpg
[2026-09-17 13:59:50,763] [log.py:228] [log:log_response] [WARNING]- Not Found: /media/DeviceLNV/Device/37.jpg
[2026-09-17 13:59:50,775] [basehttp.py:154] [basehttp:log_message] [WARNING]- "GET /media/DeviceLNV/Device/37.jpg HTTP/1.1" 404 1797
[2026-09-17 13:59:50,776] [basehttp.py:154] [basehttp:log_message] [WARNING]- "GET /media/DeviceLNV/Zaihuo/31.jpg HTTP/1.1" 404 1797
[2026-09-17 13:59:50,777] [log.py:228] [log:log_response] [WARNING]- Not Found: /media/DeviceLNV/Zaihuo/37.jpg
[2026-09-17 13:59:50,786] [basehttp.py:154] [basehttp:log_message] [WARNING]- "GET /media/DeviceLNV/Zaihuo/37.jpg HTTP/1.1" 404 1797
[2026-09-17 13:59:50,798] [log.py:228] [log:log_response] [WARNING]- Not Found: /media/DeviceLNV/Device/53.jpg
[2026-09-17 13:59:50,803] [basehttp.py:154] [basehttp:log_message] [WARNING]- "GET /media/DeviceLNV/Device/53.jpg HTTP/1.1" 404 1797
[2026-09-17 13:59:50,803] [log.py:228] [log:log_response] [WARNING]- Not Found: /media/DeviceLNV/Zaihuo/53.jpg
[2026-09-17 13:59:50,808] [basehttp.py:154] [basehttp:log_message] [WARNING]- "GET /media/DeviceLNV/Zaihuo/53.jpg HTTP/1.1" 404 1797
[2026-09-17 13:59:50,810] [log.py:228] [log:log_response] [WARNING]- Not Found: /media/DeviceLNV/Device/65.jpg
[2026-09-17 13:59:50,816] [basehttp.py:154] [basehttp:log_message] [WARNING]- "GET /media/DeviceLNV/Device/65.jpg HTTP/1.1" 404 1797
[2026-09-17 13:59:50,816] [log.py:228] [log:log_response] [WARNING]- Not Found: /media/DeviceLNV/Device/1072.jpg
[2026-09-17 13:59:50,829] [basehttp.py:154] [basehttp:log_message] [WARNING]- "GET /media/DeviceLNV/Device/1072.jpg HTTP/1.1" 404 1803
[2026-09-17 13:59:50,834] [log.py:228] [log:log_response] [WARNING]- Not Found: /media/DeviceLNV/Zaihuo/1072.jpg
[2026-09-17 13:59:50,838] [log.py:228] [log:log_response] [WARNING]- Not Found: /media/DeviceLNV/Zaihuo/65.jpg
[2026-09-17 13:59:50,838] [basehttp.py:154] [basehttp:log_message] [WARNING]- "GET /media/DeviceLNV/Zaihuo/1072.jpg HTTP/1.1" 404 1803
[2026-09-17 13:59:50,844] [basehttp.py:154] [basehttp:log_message] [WARNING]- "GET /media/DeviceLNV/Zaihuo/65.jpg HTTP/1.1" 404 1797
[2026-09-17 13:59:50,847] [log.py:228] [log:log_response] [WARNING]- Not Found: /media/DeviceLNV/Device/1156.jpg
[2026-09-17 13:59:50,856] [basehttp.py:154] [basehttp:log_message] [WARNING]- "GET /media/DeviceLNV/Device/1156.jpg HTTP/1.1" 404 1803
[2026-09-17 13:59:50,864] [log.py:228] [log:log_response] [WARNING]- Not Found: /media/DeviceLNV/Device/461.jpg
[2026-09-17 13:59:50,865] [log.py:228] [log:log_response] [WARNING]- Not Found: /media/DeviceLNV/Zaihuo/1156.jpg
[2026-09-17 13:59:50,871] [basehttp.py:154] [basehttp:log_message] [WARNING]- "GET /media/DeviceLNV/Device/461.jpg HTTP/1.1" 404 1800
[2026-09-17 13:59:50,872] [basehttp.py:154] [basehttp:log_message] [WARNING]- "GET /media/DeviceLNV/Zaihuo/1156.jpg HTTP/1.1" 404 1803
[2026-09-17 13:59:50,873] [log.py:228] [log:log_response] [WARNING]- Not Found: /media/DeviceLNV/Zaihuo/461.jpg
[2026-09-17 13:59:50,881] [basehttp.py:154] [basehttp:log_message] [WARNING]- "GET /media/DeviceLNV/Zaihuo/461.jpg HTTP/1.1" 404 1800
[2026-09-17 13:59:50,894] [log.py:228] [log:log_response] [WARNING]- Not Found: /media/DeviceLNV/Device/2068.jpg
[2026-09-17 13:59:50,896] [log.py:228] [log:log_response] [WARNING]- Not Found: /media/DeviceLNV/Zaihuo/2068.jpg
[2026-09-17 13:59:50,901] [basehttp.py:154] [basehttp:log_message] [WARNING]- "GET /media/DeviceLNV/Device/2068.jpg HTTP/1.1" 404 1803
[2026-09-17 13:59:50,902] [basehttp.py:154] [basehttp:log_message] [WARNING]- "GET /media/DeviceLNV/Zaihuo/2068.jpg HTTP/1.1" 404 1803
[2026-09-17 13:59:50,902] [log.py:228] [log:log_response] [WARNING]- Not Found: /media/DeviceLNV/Device/1992.jpg
[2026-09-17 13:59:50,907] [basehttp.py:154] [basehttp:log_message] [WARNING]- "GET /media/DeviceLNV/Device/1992.jpg HTTP/1.1" 404 1803
[2026-09-17 13:59:50,933] [log.py:228] [log:log_response] [WARNING]- Not Found: /media/DeviceLNV/Device/437.jpg
[2026-09-17 13:59:50,934] [basehttp.py:154] [basehttp:log_message] [WARNING]- "GET /media/DeviceLNV/Device/437.jpg HTTP/1.1" 404 1800
[2026-09-17 13:59:50,936] [log.py:228] [log:log_response] [WARNING]- Not Found: /media/DeviceLNV/Zaihuo/1992.jpg
[2026-09-17 13:59:50,944] [basehttp.py:154] [basehttp:log_message] [WARNING]- "GET /media/DeviceLNV/Zaihuo/1992.jpg HTTP/1.1" 404 1803
[2026-09-17 13:59:50,945] [log.py:228] [log:log_response] [WARNING]- Not Found: /media/DeviceLNV/Zaihuo/437.jpg
[2026-09-17 13:59:50,957] [log.py:228] [log:log_response] [WARNING]- Not Found: /media/DeviceLNV/Zaihuo/270.jpg
[2026-09-17 13:59:50,961] [basehttp.py:154] [basehttp:log_message] [WARNING]- "GET /media/DeviceLNV/Zaihuo/437.jpg HTTP/1.1" 404 1800
[2026-09-17 13:59:50,962] [log.py:228] [log:log_response] [WARNING]- Not Found: /media/DeviceLNV/Device/270.jpg
[2026-09-17 13:59:50,964] [basehttp.py:154] [basehttp:log_message] [WARNING]- "GET /media/DeviceLNV/Zaihuo/270.jpg HTTP/1.1" 404 1800
[2026-09-17 13:59:50,966] [basehttp.py:154] [basehttp:log_message] [WARNING]- "GET /media/DeviceLNV/Device/270.jpg HTTP/1.1" 404 1800
[2026-09-17 13:59:50,971] [log.py:228] [log:log_response] [WARNING]- Not Found: /media/DeviceLNV/Device/2124.jpg
[2026-09-17 13:59:50,979] [basehttp.py:154] [basehttp:log_message] [WARNING]- "GET /media/DeviceLNV/Device/2124.jpg HTTP/1.1" 404 1803
[2026-09-17 13:59:51,007] [log.py:228] [log:log_response] [WARNING]- Not Found: /media/DeviceLNV/Zaihuo/2124.jpg
[2026-09-17 13:59:51,011] [basehttp.py:154] [basehttp:log_message] [WARNING]- "GET /media/DeviceLNV/Zaihuo/2124.jpg HTTP/1.1" 404 1803
[2026-09-17 13:59:51,012] [log.py:228] [log:log_response] [WARNING]- Not Found: /media/DeviceLNV/Device/759.jpg
[2026-09-17 13:59:51,018] [log.py:228] [log:log_response] [WARNING]- Not Found: /media/DeviceLNV/Zaihuo/759.jpg
[2026-09-17 13:59:51,018] [basehttp.py:154] [basehttp:log_message] [WARNING]- "GET /media/DeviceLNV/Device/759.jpg HTTP/1.1" 404 1800
[2026-09-17 13:59:51,025] [log.py:228] [log:log_response] [WARNING]- Not Found: /media/DeviceLNV/Device/762.jpg
[2026-09-17 13:59:51,025] [basehttp.py:154] [basehttp:log_message] [WARNING]- "GET /media/DeviceLNV/Zaihuo/759.jpg HTTP/1.1" 404 1800
[2026-09-17 13:59:51,033] [log.py:228] [log:log_response] [WARNING]- Not Found: /media/DeviceLNV/Zaihuo/762.jpg
[2026-09-17 13:59:51,034] [basehttp.py:154] [basehttp:log_message] [WARNING]- "GET /media/DeviceLNV/Device/762.jpg HTTP/1.1" 404 1800
[2026-09-17 13:59:51,037] [log.py:228] [log:log_response] [WARNING]- Not Found: /media/DeviceLNV/Device/763.jpg
[2026-09-17 13:59:51,041] [basehttp.py:154] [basehttp:log_message] [WARNING]- "GET /media/DeviceLNV/Zaihuo/762.jpg HTTP/1.1" 404 1800
[2026-09-17 13:59:51,043] [basehttp.py:154] [basehttp:log_message] [WARNING]- "GET /media/DeviceLNV/Device/763.jpg HTTP/1.1" 404 1800
[2026-09-17 13:59:51,064] [log.py:228] [log:log_response] [WARNING]- Not Found: /media/DeviceLNV/Zaihuo/763.jpg
[2026-09-17 13:59:51,067] [log.py:228] [log:log_response] [WARNING]- Not Found: /media/DeviceLNV/Device/765.jpg
[2026-09-17 13:59:51,068] [basehttp.py:154] [basehttp:log_message] [WARNING]- "GET /media/DeviceLNV/Zaihuo/763.jpg HTTP/1.1" 404 1800
[2026-09-17 13:59:51,069] [basehttp.py:154] [basehttp:log_message] [WARNING]- "GET /media/DeviceLNV/Device/765.jpg HTTP/1.1" 404 1800
[2026-09-17 13:59:51,075] [log.py:228] [log:log_response] [WARNING]- Not Found: /media/DeviceLNV/Zaihuo/765.jpg
[2026-09-17 13:59:51,084] [basehttp.py:154] [basehttp:log_message] [WARNING]- "GET /media/DeviceLNV/Zaihuo/765.jpg HTTP/1.1" 404 1800
[2026-09-17 13:59:51,091] [log.py:228] [log:log_response] [WARNING]- Not Found: /media/DeviceLNV/Device/1572.jpg
[2026-09-17 13:59:51,094] [log.py:228] [log:log_response] [WARNING]- Not Found: /media/DeviceLNV/Device/1576.jpg
[2026-09-17 13:59:51,096] [basehttp.py:154] [basehttp:log_message] [WARNING]- "GET /media/DeviceLNV/Device/1576.jpg HTTP/1.1" 404 1803
[2026-09-17 13:59:51,096] [basehttp.py:154] [basehttp:log_message] [WARNING]- "GET /media/DeviceLNV/Device/1572.jpg HTTP/1.1" 404 1803
[2026-09-17 13:59:51,104] [log.py:228] [log:log_response] [WARNING]- Not Found: /media/DeviceLNV/Zaihuo/1572.jpg
[2026-09-17 13:59:51,118] [basehttp.py:154] [basehttp:log_message] [WARNING]- "GET /media/DeviceLNV/Zaihuo/1572.jpg HTTP/1.1" 404 1803
[2026-09-17 13:59:51,118] [log.py:228] [log:log_response] [WARNING]- Not Found: /media/DeviceLNV/Zaihuo/1576.jpg
[2026-09-17 13:59:51,121] [basehttp.py:154] [basehttp:log_message] [WARNING]- "GET /media/DeviceLNV/Zaihuo/1576.jpg HTTP/1.1" 404 1803
[2026-09-17 13:59:51,131] [log.py:228] [log:log_response] [WARNING]- Not Found: /media/DeviceLNV/Device/1580.jpg
[2026-09-17 13:59:51,140] [basehttp.py:154] [basehttp:log_message] [WARNING]- "GET /media/DeviceLNV/Device/1580.jpg HTTP/1.1" 404 1803
[2026-09-17 13:59:51,140] [log.py:228] [log:log_response] [WARNING]- Not Found: /media/DeviceLNV/Zaihuo/1580.jpg
[2026-09-17 13:59:51,145] [log.py:228] [log:log_response] [WARNING]- Not Found: /media/DeviceLNV/Zaihuo/1586.jpg
[2026-09-17 13:59:51,148] [basehttp.py:154] [basehttp:log_message] [WARNING]- "GET /media/DeviceLNV/Zaihuo/1580.jpg HTTP/1.1" 404 1803
[2026-09-17 13:59:51,150] [log.py:228] [log:log_response] [WARNING]- Not Found: /media/DeviceLNV/Device/1586.jpg
[2026-09-17 13:59:51,151] [basehttp.py:154] [basehttp:log_message] [WARNING]- "GET /media/DeviceLNV/Zaihuo/1586.jpg HTTP/1.1" 404 1803
[2026-09-17 13:59:51,154] [basehttp.py:154] [basehttp:log_message] [WARNING]- "GET /media/DeviceLNV/Device/1586.jpg HTTP/1.1" 404 1803
[2026-09-17 13:59:51,159] [log.py:228] [log:log_response] [WARNING]- Not Found: /media/DeviceLNV/Device/1594.jpg
[2026-09-17 13:59:51,169] [basehttp.py:154] [basehttp:log_message] [WARNING]- "GET /media/DeviceLNV/Device/1594.jpg HTTP/1.1" 404 1803
[2026-09-17 13:59:51,174] [log.py:228] [log:log_response] [WARNING]- Not Found: /media/DeviceLNV/Zaihuo/1594.jpg
[2026-09-17 13:59:51,177] [basehttp.py:154] [basehttp:log_message] [WARNING]- "GET /media/DeviceLNV/Zaihuo/1594.jpg HTTP/1.1" 404 1803
[2026-09-17 13:59:51,196] [log.py:228] [log:log_response] [WARNING]- Not Found: /media/DeviceLNV/Device/1600.jpg
[2026-09-17 13:59:51,201] [log.py:228] [log:log_response] [WARNING]- Not Found: /media/DeviceLNV/Device/1614.jpg
[2026-09-17 13:59:51,203] [basehttp.py:154] [basehttp:log_message] [WARNING]- "GET /media/DeviceLNV/Device/1600.jpg HTTP/1.1" 404 1803
[2026-09-17 13:59:51,207] [basehttp.py:154] [basehttp:log_message] [WARNING]- "GET /media/DeviceLNV/Device/1614.jpg HTTP/1.1" 404 1803
[2026-09-17 13:59:51,209] [log.py:228] [log:log_response] [WARNING]- Not Found: /media/DeviceLNV/Zaihuo/1600.jpg
[2026-09-17 13:59:51,210] [log.py:228] [log:log_response] [WARNING]- Not Found: /media/DeviceLNV/Zaihuo/1614.jpg
[2026-09-17 13:59:51,217] [log.py:228] [log:log_response] [WARNING]- Not Found: /media/DeviceLNV/Device/1616.jpg
[2026-09-17 13:59:51,221] [basehttp.py:154] [basehttp:log_message] [WARNING]- "GET /media/DeviceLNV/Zaihuo/1600.jpg HTTP/1.1" 404 1803
[2026-09-17 13:59:51,224] [basehttp.py:154] [basehttp:log_message] [WARNING]- "GET /media/DeviceLNV/Device/1616.jpg HTTP/1.1" 404 1803
[2026-09-17 13:59:51,226] [basehttp.py:154] [basehttp:log_message] [WARNING]- "GET /media/DeviceLNV/Zaihuo/1614.jpg HTTP/1.1" 404 1803
[2026-09-17 13:59:51,228] [log.py:228] [log:log_response] [WARNING]- Not Found: /media/DeviceLNV/Zaihuo/1616.jpg
[2026-09-17 13:59:51,232] [basehttp.py:154] [basehttp:log_message] [WARNING]- "GET /media/DeviceLNV/Zaihuo/1616.jpg HTTP/1.1" 404 1803
[2026-09-17 13:59:51,246] [log.py:228] [log:log_response] [WARNING]- Not Found: /media/DeviceLNV/Zaihuo/1617.jpg
[2026-09-17 13:59:51,253] [basehttp.py:154] [basehttp:log_message] [WARNING]- "GET /media/DeviceLNV/Zaihuo/1617.jpg HTTP/1.1" 404 1803
[2026-09-17 13:59:51,256] [log.py:228] [log:log_response] [WARNING]- Not Found: /media/DeviceLNV/Device/1617.jpg
[2026-09-17 13:59:51,264] [basehttp.py:154] [basehttp:log_message] [WARNING]- "GET /media/DeviceLNV/Device/1617.jpg HTTP/1.1" 404 1803
[2026-09-17 13:59:51,273] [log.py:228] [log:log_response] [WARNING]- Not Found: /media/DeviceLNV/Device/1619.jpg
[2026-09-17 13:59:51,275] [log.py:228] [log:log_response] [WARNING]- Not Found: /media/DeviceLNV/Zaihuo/1619.jpg
[2026-09-17 13:59:51,278] [log.py:228] [log:log_response] [WARNING]- Not Found: /media/DeviceLNV/Device/1628.jpg
[2026-09-17 13:59:51,278] [basehttp.py:154] [basehttp:log_message] [WARNING]- "GET /media/DeviceLNV/Device/1619.jpg HTTP/1.1" 404 1803
[2026-09-17 13:59:51,279] [basehttp.py:154] [basehttp:log_message] [WARNING]- "GET /media/DeviceLNV/Zaihuo/1619.jpg HTTP/1.1" 404 1803
[2026-09-17 13:59:51,284] [log.py:228] [log:log_response] [WARNING]- Not Found: /media/DeviceLNV/Zaihuo/1628.jpg
[2026-09-17 13:59:51,285] [basehttp.py:154] [basehttp:log_message] [WARNING]- "GET /media/DeviceLNV/Device/1628.jpg HTTP/1.1" 404 1803
[2026-09-17 13:59:51,293] [basehttp.py:154] [basehttp:log_message] [WARNING]- "GET /media/DeviceLNV/Zaihuo/1628.jpg HTTP/1.1" 404 1803
[2026-09-17 13:59:51,308] [log.py:228] [log:log_response] [WARNING]- Not Found: /media/DeviceLNV/Device/1629.jpg
[2026-09-17 13:59:51,313] [basehttp.py:154] [basehttp:log_message] [WARNING]- "GET /media/DeviceLNV/Device/1629.jpg HTTP/1.1" 404 1803
[2026-09-17 13:59:51,323] [log.py:228] [log:log_response] [WARNING]- Not Found: /media/DeviceLNV/Zaihuo/1629.jpg
[2026-09-17 13:59:51,328] [basehttp.py:154] [basehttp:log_message] [WARNING]- "GET /media/DeviceLNV/Zaihuo/1629.jpg HTTP/1.1" 404 1803
[2026-09-17 13:59:51,335] [log.py:228] [log:log_response] [WARNING]- Not Found: /media/DeviceLNV/Device/1630.jpg
[2026-09-17 13:59:51,341] [log.py:228] [log:log_response] [WARNING]- Not Found: /media/DeviceLNV/Device/1632.jpg
[2026-09-17 13:59:51,341] [basehttp.py:154] [basehttp:log_message] [WARNING]- "GET /media/DeviceLNV/Device/1630.jpg HTTP/1.1" 404 1803
[2026-09-17 13:59:51,343] [basehttp.py:154] [basehttp:log_message] [WARNING]- "GET /media/DeviceLNV/Device/1632.jpg HTTP/1.1" 404 1803
[2026-09-17 13:59:51,344] [log.py:228] [log:log_response] [WARNING]- Not Found: /media/DeviceLNV/Zaihuo/1632.jpg
[2026-09-17 13:59:51,351] [log.py:228] [log:log_response] [WARNING]- Not Found: /media/DeviceLNV/Device/1634.jpg
[2026-09-17 13:59:51,363] [basehttp.py:154] [basehttp:log_message] [WARNING]- "GET /media/DeviceLNV/Device/1634.jpg HTTP/1.1" 404 1803
[2026-09-17 13:59:51,363] [log.py:228] [log:log_response] [WARNING]- Not Found: /media/DeviceLNV/Zaihuo/1630.jpg
[2026-09-17 13:59:51,363] [basehttp.py:154] [basehttp:log_message] [WARNING]- "GET /media/DeviceLNV/Zaihuo/1632.jpg HTTP/1.1" 404 1803
[2026-09-17 13:59:51,367] [log.py:228] [log:log_response] [WARNING]- Not Found: /media/DeviceLNV/Zaihuo/1634.jpg
[2026-09-17 13:59:51,369] [basehttp.py:154] [basehttp:log_message] [WARNING]- "GET /media/DeviceLNV/Zaihuo/1630.jpg HTTP/1.1" 404 1803
[2026-09-17 13:59:51,374] [basehttp.py:154] [basehttp:log_message] [WARNING]- "GET /media/DeviceLNV/Zaihuo/1634.jpg HTTP/1.1" 404 1803
[2026-09-17 13:59:51,396] [log.py:228] [log:log_response] [WARNING]- Not Found: /media/DeviceLNV/Device/1636.jpg
[2026-09-17 13:59:51,400] [log.py:228] [log:log_response] [WARNING]- Not Found: /media/DeviceLNV/Zaihuo/1636.jpg
[2026-09-17 13:59:51,401] [basehttp.py:154] [basehttp:log_message] [WARNING]- "GET /media/DeviceLNV/Device/1636.jpg HTTP/1.1" 404 1803
[2026-09-17 13:59:51,408] [basehttp.py:154] [basehttp:log_message] [WARNING]- "GET /media/DeviceLNV/Zaihuo/1636.jpg HTTP/1.1" 404 1803
[2026-09-17 13:59:51,415] [log.py:228] [log:log_response] [WARNING]- Not Found: /media/DeviceLNV/Device/1637.jpg
[2026-09-17 13:59:51,417] [log.py:228] [log:log_response] [WARNING]- Not Found: /media/DeviceLNV/Zaihuo/1637.jpg
[2026-09-17 13:59:51,427] [basehttp.py:154] [basehttp:log_message] [WARNING]- "GET /media/DeviceLNV/Device/1637.jpg HTTP/1.1" 404 1803
[2026-09-17 13:59:51,428] [log.py:228] [log:log_response] [WARNING]- Not Found: /media/DeviceLNV/Zaihuo/1638.jpg
[2026-09-17 13:59:51,428] [basehttp.py:154] [basehttp:log_message] [WARNING]- "GET /media/DeviceLNV/Zaihuo/1637.jpg HTTP/1.1" 404 1803
[2026-09-17 13:59:51,430] [log.py:228] [log:log_response] [WARNING]- Not Found: /media/DeviceLNV/Device/1638.jpg
[2026-09-17 13:59:51,434] [basehttp.py:154] [basehttp:log_message] [WARNING]- "GET /media/DeviceLNV/Device/1638.jpg HTTP/1.1" 404 1803
[2026-09-17 13:59:51,434] [basehttp.py:154] [basehttp:log_message] [WARNING]- "GET /media/DeviceLNV/Zaihuo/1638.jpg HTTP/1.1" 404 1803
[2026-09-17 13:59:51,458] [log.py:228] [log:log_response] [WARNING]- Not Found: /media/DeviceLNV/Device/1644.jpg
[2026-09-17 13:59:51,462] [log.py:228] [log:log_response] [WARNING]- Not Found: /media/DeviceLNV/Zaihuo/1644.jpg
[2026-09-17 13:59:51,463] [basehttp.py:154] [basehttp:log_message] [WARNING]- "GET /media/DeviceLNV/Device/1644.jpg HTTP/1.1" 404 1803
[2026-09-17 13:59:51,467] [basehttp.py:154] [basehttp:log_message] [WARNING]- "GET /media/DeviceLNV/Zaihuo/1644.jpg HTTP/1.1" 404 1803
[2026-09-17 13:59:51,477] [log.py:228] [log:log_response] [WARNING]- Not Found: /media/DeviceLNV/Zaihuo/1661.jpg
[2026-09-17 13:59:51,489] [log.py:228] [log:log_response] [WARNING]- Not Found: /media/DeviceLNV/Device/1685.jpg
[2026-09-17 13:59:51,490] [basehttp.py:154] [basehttp:log_message] [WARNING]- "GET /media/DeviceLNV/Zaihuo/1661.jpg HTTP/1.1" 404 1803
[2026-09-17 13:59:51,491] [basehttp.py:154] [basehttp:log_message] [WARNING]- "GET /media/DeviceLNV/Device/1685.jpg HTTP/1.1" 404 1803
[2026-09-17 13:59:51,493] [log.py:228] [log:log_response] [WARNING]- Not Found: /media/DeviceLNV/Zaihuo/1685.jpg
[2026-09-17 13:59:51,500] [basehttp.py:154] [basehttp:log_message] [WARNING]- "GET /media/DeviceLNV/Zaihuo/1685.jpg HTTP/1.1" 404 1803
[2026-09-17 13:59:51,503] [log.py:228] [log:log_response] [WARNING]- Not Found: /media/DeviceLNV/Device/1661.jpg
[2026-09-17 13:59:51,523] [basehttp.py:154] [basehttp:log_message] [WARNING]- "GET /media/DeviceLNV/Device/1661.jpg HTTP/1.1" 404 1803
[2026-09-17 13:59:51,525] [log.py:228] [log:log_response] [WARNING]- Not Found: /media/DeviceLNV/Device/1732.jpg
[2026-09-17 13:59:51,527] [basehttp.py:154] [basehttp:log_message] [WARNING]- "GET /media/DeviceLNV/Device/1732.jpg HTTP/1.1" 404 1803
[2026-09-17 13:59:51,537] [log.py:228] [log:log_response] [WARNING]- Not Found: /media/DeviceLNV/Zaihuo/1732.jpg
[2026-09-17 13:59:51,549] [basehttp.py:154] [basehttp:log_message] [WARNING]- "GET /media/DeviceLNV/Zaihuo/1732.jpg HTTP/1.1" 404 1803
[2026-09-17 13:59:51,559] [log.py:228] [log:log_response] [WARNING]- Not Found: /media/DeviceLNV/Zaihuo/1737.jpg
[2026-09-17 13:59:51,568] [basehttp.py:154] [basehttp:log_message] [WARNING]- "GET /media/DeviceLNV/Zaihuo/1737.jpg HTTP/1.1" 404 1803
[2026-09-17 13:59:51,569] [log.py:228] [log:log_response] [WARNING]- Not Found: /media/DeviceLNV/Device/1738.jpg
[2026-09-17 13:59:51,572] [log.py:228] [log:log_response] [WARNING]- Not Found: /media/DeviceLNV/Device/1737.jpg
[2026-09-17 13:59:51,572] [basehttp.py:154] [basehttp:log_message] [WARNING]- "GET /media/DeviceLNV/Device/1738.jpg HTTP/1.1" 404 1803
[2026-09-17 13:59:51,575] [basehttp.py:154] [basehttp:log_message] [WARNING]- "GET /media/DeviceLNV/Device/1737.jpg HTTP/1.1" 404 1803
[2026-09-17 13:59:51,582] [log.py:228] [log:log_response] [WARNING]- Not Found: /media/DeviceLNV/Zaihuo/1738.jpg
[2026-09-17 13:59:51,588] [log.py:228] [log:log_response] [WARNING]- Not Found: /media/DeviceLNV/Device/1739.jpg
[2026-09-17 13:59:51,600] [basehttp.py:154] [basehttp:log_message] [WARNING]- "GET /media/DeviceLNV/Zaihuo/1738.jpg HTTP/1.1" 404 1803
[2026-09-17 13:59:51,600] [basehttp.py:154] [basehttp:log_message] [WARNING]- "GET /media/DeviceLNV/Device/1739.jpg HTTP/1.1" 404 1803
[2026-09-17 13:59:51,606] [log.py:228] [log:log_response] [WARNING]- Not Found: /media/DeviceLNV/Zaihuo/1739.jpg
[2026-09-17 13:59:51,609] [basehttp.py:154] [basehttp:log_message] [WARNING]- "GET /media/DeviceLNV/Zaihuo/1739.jpg HTTP/1.1" 404 1803
[2026-09-17 13:59:51,639] [log.py:228] [log:log_response] [WARNING]- Not Found: /media/DeviceLNV/Device/1740.jpg
[2026-09-17 13:59:51,641] [log.py:228] [log:log_response] [WARNING]- Not Found: /media/DeviceLNV/Zaihuo/1740.jpg
[2026-09-17 13:59:51,645] [basehttp.py:154] [basehttp:log_message] [WARNING]- "GET /media/DeviceLNV/Device/1740.jpg HTTP/1.1" 404 1803
[2026-09-17 13:59:51,646] [basehttp.py:154] [basehttp:log_message] [WARNING]- "GET /media/DeviceLNV/Zaihuo/1740.jpg HTTP/1.1" 404 1803
[2026-09-17 13:59:51,660] [log.py:228] [log:log_response] [WARNING]- Not Found: /media/DeviceLNV/Device/1757.jpg
[2026-09-17 13:59:51,675] [log.py:228] [log:log_response] [WARNING]- Not Found: /media/DeviceLNV/Device/1759.jpg
[2026-09-17 13:59:51,675] [basehttp.py:154] [basehttp:log_message] [WARNING]- "GET /media/DeviceLNV/Device/1757.jpg HTTP/1.1" 404 1803
[2026-09-17 13:59:51,677] [log.py:228] [log:log_response] [WARNING]- Not Found: /media/DeviceLNV/Zaihuo/1757.jpg
[2026-09-17 13:59:51,682] [basehttp.py:154] [basehttp:log_message] [WARNING]- "GET /media/DeviceLNV/Zaihuo/1757.jpg HTTP/1.1" 404 1803
[2026-09-17 13:59:51,683] [basehttp.py:154] [basehttp:log_message] [WARNING]- "GET /media/DeviceLNV/Device/1759.jpg HTTP/1.1" 404 1803
[2026-09-17 13:59:51,694] [log.py:228] [log:log_response] [WARNING]- Not Found: /media/DeviceLNV/Zaihuo/1759.jpg
[2026-09-17 13:59:51,707] [basehttp.py:154] [basehttp:log_message] [WARNING]- "GET /media/DeviceLNV/Zaihuo/1759.jpg HTTP/1.1" 404 1803
[2026-09-17 13:59:51,709] [log.py:228] [log:log_response] [WARNING]- Not Found: /media/DeviceLNV/Device/1766.jpg
[2026-09-17 13:59:51,716] [basehttp.py:154] [basehttp:log_message] [WARNING]- "GET /media/DeviceLNV/Device/1766.jpg HTTP/1.1" 404 1803
[2026-09-17 13:59:51,731] [log.py:228] [log:log_response] [WARNING]- Not Found: /media/DeviceLNV/Zaihuo/1766.jpg
[2026-09-17 13:59:51,739] [basehttp.py:154] [basehttp:log_message] [WARNING]- "GET /media/DeviceLNV/Zaihuo/1766.jpg HTTP/1.1" 404 1803
[2026-09-17 13:59:51,746] [log.py:228] [log:log_response] [WARNING]- Not Found: /media/DeviceLNV/Device/1768.jpg
[2026-09-17 13:59:51,750] [basehttp.py:154] [basehttp:log_message] [WARNING]- "GET /media/DeviceLNV/Device/1768.jpg HTTP/1.1" 404 1803
[2026-09-17 13:59:51,763] [log.py:228] [log:log_response] [WARNING]- Not Found: /media/DeviceLNV/Zaihuo/1768.jpg
[2026-09-17 13:59:51,763] [log.py:228] [log:log_response] [WARNING]- Not Found: /media/DeviceLNV/Device/1769.jpg
[2026-09-17 13:59:51,769] [basehttp.py:154] [basehttp:log_message] [WARNING]- "GET /media/DeviceLNV/Zaihuo/1768.jpg HTTP/1.1" 404 1803
[2026-09-17 13:59:51,771] [log.py:228] [log:log_response] [WARNING]- Not Found: /media/DeviceLNV/Zaihuo/1769.jpg
[2026-09-17 13:59:51,772] [log.py:228] [log:log_response] [WARNING]- Not Found: /media/DeviceLNV/Device/1776.jpg
[2026-09-17 13:59:51,772] [basehttp.py:154] [basehttp:log_message] [WARNING]- "GET /media/DeviceLNV/Device/1769.jpg HTTP/1.1" 404 1803
[2026-09-17 13:59:51,787] [basehttp.py:154] [basehttp:log_message] [WARNING]- "GET /media/DeviceLNV/Device/1776.jpg HTTP/1.1" 404 1803
[2026-09-17 13:59:51,787] [basehttp.py:154] [basehttp:log_message] [WARNING]- "GET /media/DeviceLNV/Zaihuo/1769.jpg HTTP/1.1" 404 1803
[2026-09-17 13:59:51,788] [log.py:228] [log:log_response] [WARNING]- Not Found: /media/DeviceLNV/Zaihuo/1776.jpg
[2026-09-17 13:59:51,795] [log.py:228] [log:log_response] [WARNING]- Not Found: /media/DeviceLNV/Device/1778.jpg
[2026-09-17 13:59:51,796] [basehttp.py:154] [basehttp:log_message] [WARNING]- "GET /media/DeviceLNV/Zaihuo/1776.jpg HTTP/1.1" 404 1803
[2026-09-17 13:59:51,801] [basehttp.py:154] [basehttp:log_message] [WARNING]- "GET /media/DeviceLNV/Device/1778.jpg HTTP/1.1" 404 1803
[2026-09-17 13:59:51,833] [log.py:228] [log:log_response] [WARNING]- Not Found: /media/DeviceLNV/Device/1779.jpg
[2026-09-17 13:59:51,839] [log.py:228] [log:log_response] [WARNING]- Not Found: /media/DeviceLNV/Zaihuo/1778.jpg
[2026-09-17 13:59:51,842] [basehttp.py:154] [basehttp:log_message] [WARNING]- "GET /media/DeviceLNV/Device/1779.jpg HTTP/1.1" 404 1803
[2026-09-17 13:59:51,847] [basehttp.py:154] [basehttp:log_message] [WARNING]- "GET /media/DeviceLNV/Zaihuo/1778.jpg HTTP/1.1" 404 1803
[2026-09-17 13:59:51,847] [log.py:228] [log:log_response] [WARNING]- Not Found: /media/DeviceLNV/Zaihuo/1779.jpg
[2026-09-17 13:59:51,862] [log.py:228] [log:log_response] [WARNING]- Not Found: /media/DeviceLNV/Device/1783.jpg
[2026-09-17 13:59:51,862] [basehttp.py:154] [basehttp:log_message] [WARNING]- "GET /media/DeviceLNV/Zaihuo/1779.jpg HTTP/1.1" 404 1803
[2026-09-17 13:59:51,868] [basehttp.py:154] [basehttp:log_message] [WARNING]- "GET /media/DeviceLNV/Device/1783.jpg HTTP/1.1" 404 1803
[2026-09-17 13:59:51,872] [log.py:228] [log:log_response] [WARNING]- Not Found: /media/DeviceLNV/Device/1785.jpg
[2026-09-17 13:59:51,880] [log.py:228] [log:log_response] [WARNING]- Not Found: /media/DeviceLNV/Zaihuo/1783.jpg
[2026-09-17 13:59:51,883] [basehttp.py:154] [basehttp:log_message] [WARNING]- "GET /media/DeviceLNV/Device/1785.jpg HTTP/1.1" 404 1803
[2026-09-17 13:59:51,889] [basehttp.py:154] [basehttp:log_message] [WARNING]- "GET /media/DeviceLNV/Zaihuo/1783.jpg HTTP/1.1" 404 1803
[2026-09-17 13:59:51,913] [log.py:228] [log:log_response] [WARNING]- Not Found: /media/DeviceLNV/Device/1793.jpg
[2026-09-17 13:59:51,917] [basehttp.py:154] [basehttp:log_message] [WARNING]- "GET /media/DeviceLNV/Device/1793.jpg HTTP/1.1" 404 1803
[2026-09-17 13:59:51,917] [log.py:228] [log:log_response] [WARNING]- Not Found: /media/DeviceLNV/Zaihuo/1785.jpg
[2026-09-17 13:59:51,925] [basehttp.py:154] [basehttp:log_message] [WARNING]- "GET /media/DeviceLNV/Zaihuo/1785.jpg HTTP/1.1" 404 1803
[2026-09-17 13:59:51,928] [log.py:228] [log:log_response] [WARNING]- Not Found: /media/DeviceLNV/Zaihuo/1793.jpg
[2026-09-17 13:59:51,932] [log.py:228] [log:log_response] [WARNING]- Not Found: /media/DeviceLNV/Device/1798.jpg
[2026-09-17 13:59:51,936] [log.py:228] [log:log_response] [WARNING]- Not Found: /media/DeviceLNV/Zaihuo/1798.jpg
[2026-09-17 13:59:51,940] [basehttp.py:154] [basehttp:log_message] [WARNING]- "GET /media/DeviceLNV/Device/1798.jpg HTTP/1.1" 404 1803
[2026-09-17 13:59:51,945] [basehttp.py:154] [basehttp:log_message] [WARNING]- "GET /media/DeviceLNV/Zaihuo/1793.jpg HTTP/1.1" 404 1803
[2026-09-17 13:59:51,950] [basehttp.py:154] [basehttp:log_message] [WARNING]- "GET /media/DeviceLNV/Zaihuo/1798.jpg HTTP/1.1" 404 1803
[2026-09-17 13:59:51,963] [log.py:228] [log:log_response] [WARNING]- Not Found: /media/DeviceLNV/Device/1812.jpg
[2026-09-17 13:59:51,973] [basehttp.py:154] [basehttp:log_message] [WARNING]- "GET /media/DeviceLNV/Device/1812.jpg HTTP/1.1" 404 1803
[2026-09-17 13:59:52,011] [log.py:228] [log:log_response] [WARNING]- Not Found: /media/DeviceLNV/Zaihuo/1812.jpg
[2026-09-17 13:59:52,016] [basehttp.py:154] [basehttp:log_message] [WARNING]- "GET /media/DeviceLNV/Zaihuo/1812.jpg HTTP/1.1" 404 1803
[2026-09-17 13:59:52,018] [log.py:228] [log:log_response] [WARNING]- Not Found: /media/DeviceLNV/Device/1814.jpg
[2026-09-17 13:59:52,024] [basehttp.py:154] [basehttp:log_message] [WARNING]- "GET /media/DeviceLNV/Device/1814.jpg HTTP/1.1" 404 1803
[2026-09-17 13:59:52,046] [log.py:228] [log:log_response] [WARNING]- Not Found: /media/DeviceLNV/Zaihuo/1814.jpg
[2026-09-17 13:59:52,051] [basehttp.py:154] [basehttp:log_message] [WARNING]- "GET /media/DeviceLNV/Zaihuo/1814.jpg HTTP/1.1" 404 1803
[2026-09-17 13:59:52,070] [log.py:228] [log:log_response] [WARNING]- Not Found: /media/DeviceLNV/Device/1816.jpg
[2026-09-17 13:59:52,073] [log.py:228] [log:log_response] [WARNING]- Not Found: /media/DeviceLNV/Device/1818.jpg
[2026-09-17 13:59:52,081] [log.py:228] [log:log_response] [WARNING]- Not Found: /media/DeviceLNV/Zaihuo/1816.jpg
[2026-09-17 13:59:52,081] [basehttp.py:154] [basehttp:log_message] [WARNING]- "GET /media/DeviceLNV/Device/1818.jpg HTTP/1.1" 404 1803
[2026-09-17 13:59:52,084] [basehttp.py:154] [basehttp:log_message] [WARNING]- "GET /media/DeviceLNV/Device/1816.jpg HTTP/1.1" 404 1803
[2026-09-17 13:59:52,085] [basehttp.py:154] [basehttp:log_message] [WARNING]- "GET /media/DeviceLNV/Zaihuo/1816.jpg HTTP/1.1" 404 1803
[2026-09-17 13:59:52,098] [log.py:228] [log:log_response] [WARNING]- Not Found: /media/DeviceLNV/Zaihuo/1818.jpg
[2026-09-17 13:59:52,109] [basehttp.py:154] [basehttp:log_message] [WARNING]- "GET /media/DeviceLNV/Zaihuo/1818.jpg HTTP/1.1" 404 1803
[2026-09-17 13:59:52,113] [log.py:228] [log:log_response] [WARNING]- Not Found: /media/DeviceLNV/Device/1819.jpg
[2026-09-17 13:59:52,119] [log.py:228] [log:log_response] [WARNING]- Not Found: /media/DeviceLNV/Zaihuo/1819.jpg
[2026-09-17 13:59:52,119] [basehttp.py:154] [basehttp:log_message] [WARNING]- "GET /media/DeviceLNV/Device/1819.jpg HTTP/1.1" 404 1803
[2026-09-17 13:59:52,129] [basehttp.py:154] [basehttp:log_message] [WARNING]- "GET /media/DeviceLNV/Zaihuo/1819.jpg HTTP/1.1" 404 1803
[2026-09-17 13:59:52,136] [log.py:228] [log:log_response] [WARNING]- Not Found: /media/DeviceLNV/Device/1820.jpg
[2026-09-17 13:59:52,138] [basehttp.py:154] [basehttp:log_message] [WARNING]- "GET /media/DeviceLNV/Device/1820.jpg HTTP/1.1" 404 1803
[2026-09-17 13:59:52,149] [log.py:228] [log:log_response] [WARNING]- Not Found: /media/DeviceLNV/Zaihuo/1820.jpg
[2026-09-17 13:59:52,155] [basehttp.py:154] [basehttp:log_message] [WARNING]- "GET /media/DeviceLNV/Zaihuo/1820.jpg HTTP/1.1" 404 1803
[2026-09-17 13:59:52,159] [log.py:228] [log:log_response] [WARNING]- Not Found: /media/DeviceLNV/Device/1822.jpg
[2026-09-17 13:59:52,163] [basehttp.py:154] [basehttp:log_message] [WARNING]- "GET /media/DeviceLNV/Device/1822.jpg HTTP/1.1" 404 1803
[2026-09-17 13:59:52,163] [log.py:228] [log:log_response] [WARNING]- Not Found: /media/DeviceLNV/Zaihuo/1822.jpg
[2026-09-17 13:59:52,174] [basehttp.py:154] [basehttp:log_message] [WARNING]- "GET /media/DeviceLNV/Zaihuo/1822.jpg HTTP/1.1" 404 1803
[2026-09-17 13:59:52,183] [log.py:228] [log:log_response] [WARNING]- Not Found: /media/DeviceLNV/Device/1826.jpg
[2026-09-17 13:59:52,189] [log.py:228] [log:log_response] [WARNING]- Not Found: /media/DeviceLNV/Zaihuo/1826.jpg
[2026-09-17 13:59:52,193] [basehttp.py:154] [basehttp:log_message] [WARNING]- "GET /media/DeviceLNV/Device/1826.jpg HTTP/1.1" 404 1803
[2026-09-17 13:59:52,195] [basehttp.py:154] [basehttp:log_message] [WARNING]- "GET /media/DeviceLNV/Zaihuo/1826.jpg HTTP/1.1" 404 1803
[2026-09-17 13:59:52,200] [log.py:228] [log:log_response] [WARNING]- Not Found: /media/DeviceLNV/Device/1833.jpg
[2026-09-17 13:59:52,208] [log.py:228] [log:log_response] [WARNING]- Not Found: /media/DeviceLNV/Zaihuo/1833.jpg
[2026-09-17 13:59:52,211] [basehttp.py:154] [basehttp:log_message] [WARNING]- "GET /media/DeviceLNV/Device/1833.jpg HTTP/1.1" 404 1803
[2026-09-17 13:59:52,214] [basehttp.py:154] [basehttp:log_message] [WARNING]- "GET /media/DeviceLNV/Zaihuo/1833.jpg HTTP/1.1" 404 1803
[2026-09-17 13:59:52,228] [log.py:228] [log:log_response] [WARNING]- Not Found: /media/DeviceLNV/Zaihuo/1835.jpg
[2026-09-17 13:59:52,229] [log.py:228] [log:log_response] [WARNING]- Not Found: /media/DeviceLNV/Device/1835.jpg
[2026-09-17 13:59:52,235] [basehttp.py:154] [basehttp:log_message] [WARNING]- "GET /media/DeviceLNV/Zaihuo/1835.jpg HTTP/1.1" 404 1803
[2026-09-17 13:59:52,238] [log.py:228] [log:log_response] [WARNING]- Not Found: /media/DeviceLNV/Device/1836.jpg
[2026-09-17 13:59:52,238] [basehttp.py:154] [basehttp:log_message] [WARNING]- "GET /media/DeviceLNV/Device/1835.jpg HTTP/1.1" 404 1803
[2026-09-17 13:59:52,247] [basehttp.py:154] [basehttp:log_message] [WARNING]- "GET /media/DeviceLNV/Device/1836.jpg HTTP/1.1" 404 1803
[2026-09-17 13:59:52,255] [log.py:228] [log:log_response] [WARNING]- Not Found: /media/DeviceLNV/Zaihuo/1836.jpg
[2026-09-17 13:59:52,261] [log.py:228] [log:log_response] [WARNING]- Not Found: /media/DeviceLNV/Device/1840.jpg
[2026-09-17 13:59:52,261] [basehttp.py:154] [basehttp:log_message] [WARNING]- "GET /media/DeviceLNV/Zaihuo/1836.jpg HTTP/1.1" 404 1803
[2026-09-17 13:59:52,272] [basehttp.py:154] [basehttp:log_message] [WARNING]- "GET /media/DeviceLNV/Device/1840.jpg HTTP/1.1" 404 1803
[2026-09-17 13:59:52,272] [log.py:228] [log:log_response] [WARNING]- Not Found: /media/DeviceLNV/Zaihuo/1840.jpg
[2026-09-17 13:59:52,279] [log.py:228] [log:log_response] [WARNING]- Not Found: /media/DeviceLNV/Device/1842.jpg
[2026-09-17 13:59:52,286] [basehttp.py:154] [basehttp:log_message] [WARNING]- "GET /media/DeviceLNV/Zaihuo/1840.jpg HTTP/1.1" 404 1803
[2026-09-17 13:59:52,298] [basehttp.py:154] [basehttp:log_message] [WARNING]- "GET /media/DeviceLNV/Device/1842.jpg HTTP/1.1" 404 1803
[2026-09-17 13:59:52,299] [log.py:228] [log:log_response] [WARNING]- Not Found: /media/DeviceLNV/Device/1843.jpg
[2026-09-17 13:59:52,302] [basehttp.py:154] [basehttp:log_message] [WARNING]- "GET /media/DeviceLNV/Device/1843.jpg HTTP/1.1" 404 1803
[2026-09-17 13:59:52,315] [log.py:228] [log:log_response] [WARNING]- Not Found: /media/DeviceLNV/Zaihuo/1842.jpg
[2026-09-17 13:59:52,321] [log.py:228] [log:log_response] [WARNING]- Not Found: /media/DeviceLNV/Zaihuo/1843.jpg
[2026-09-17 13:59:52,324] [basehttp.py:154] [basehttp:log_message] [WARNING]- "GET /media/DeviceLNV/Zaihuo/1842.jpg HTTP/1.1" 404 1803
[2026-09-17 13:59:52,324] [basehttp.py:154] [basehttp:log_message] [WARNING]- "GET /media/DeviceLNV/Zaihuo/1843.jpg HTTP/1.1" 404 1803
[2026-09-17 13:59:52,330] [log.py:228] [log:log_response] [WARNING]- Not Found: /media/DeviceLNV/Device/1844.jpg
[2026-09-17 13:59:52,342] [log.py:228] [log:log_response] [WARNING]- Not Found: /media/DeviceLNV/Zaihuo/1844.jpg
[2026-09-17 13:59:52,343] [basehttp.py:154] [basehttp:log_message] [WARNING]- "GET /media/DeviceLNV/Device/1844.jpg HTTP/1.1" 404 1803
[2026-09-17 13:59:52,349] [basehttp.py:154] [basehttp:log_message] [WARNING]- "GET /media/DeviceLNV/Zaihuo/1844.jpg HTTP/1.1" 404 1803
[2026-09-17 13:59:52,350] [log.py:228] [log:log_response] [WARNING]- Not Found: /media/DeviceLNV/Device/1853.jpg
[2026-09-17 13:59:52,356] [log.py:228] [log:log_response] [WARNING]- Not Found: /media/DeviceLNV/Zaihuo/1853.jpg
[2026-09-17 13:59:52,356] [basehttp.py:154] [basehttp:log_message] [WARNING]- "GET /media/DeviceLNV/Device/1853.jpg HTTP/1.1" 404 1803
[2026-09-17 13:59:52,362] [basehttp.py:154] [basehttp:log_message] [WARNING]- "GET /media/DeviceLNV/Zaihuo/1853.jpg HTTP/1.1" 404 1803
[2026-09-17 13:59:52,397] [log.py:228] [log:log_response] [WARNING]- Not Found: /media/DeviceLNV/Zaihuo/1854.jpg
[2026-09-17 13:59:52,399] [basehttp.py:154] [basehttp:log_message] [WARNING]- "GET /media/DeviceLNV/Zaihuo/1854.jpg HTTP/1.1" 404 1803
[2026-09-17 13:59:52,406] [log.py:228] [log:log_response] [WARNING]- Not Found: /media/DeviceLNV/Device/1854.jpg
[2026-09-17 13:59:52,407] [basehttp.py:154] [basehttp:log_message] [WARNING]- "GET /media/DeviceLNV/Device/1854.jpg HTTP/1.1" 404 1803
[2026-09-17 13:59:52,412] [log.py:228] [log:log_response] [WARNING]- Not Found: /media/DeviceLNV/Device/1855.jpg
[2026-09-17 13:59:52,417] [basehttp.py:154] [basehttp:log_message] [WARNING]- "GET /media/DeviceLNV/Device/1855.jpg HTTP/1.1" 404 1803
[2026-09-17 13:59:52,417] [log.py:228] [log:log_response] [WARNING]- Not Found: /media/DeviceLNV/Zaihuo/1855.jpg
[2026-09-17 13:59:52,421] [log.py:228] [log:log_response] [WARNING]- Not Found: /media/DeviceLNV/Device/1859.jpg
[2026-09-17 13:59:52,424] [log.py:228] [log:log_response] [WARNING]- Not Found: /media/DeviceLNV/Zaihuo/1859.jpg
[2026-09-17 13:59:52,426] [basehttp.py:154] [basehttp:log_message] [WARNING]- "GET /media/DeviceLNV/Zaihuo/1855.jpg HTTP/1.1" 404 1803
[2026-09-17 13:59:52,430] [basehttp.py:154] [basehttp:log_message] [WARNING]- "GET /media/DeviceLNV/Zaihuo/1859.jpg HTTP/1.1" 404 1803
[2026-09-17 13:59:52,430] [basehttp.py:154] [basehttp:log_message] [WARNING]- "GET /media/DeviceLNV/Device/1859.jpg HTTP/1.1" 404 1803
[2026-09-17 13:59:52,438] [log.py:228] [log:log_response] [WARNING]- Not Found: /media/DeviceLNV/Device/1861.jpg
[2026-09-17 13:59:52,451] [basehttp.py:154] [basehttp:log_message] [WARNING]- "GET /media/DeviceLNV/Device/1861.jpg HTTP/1.1" 404 1803
[2026-09-17 13:59:52,451] [log.py:228] [log:log_response] [WARNING]- Not Found: /media/DeviceLNV/Zaihuo/1861.jpg
[2026-09-17 13:59:52,460] [basehttp.py:154] [basehttp:log_message] [WARNING]- "GET /media/DeviceLNV/Zaihuo/1861.jpg HTTP/1.1" 404 1803
[2026-09-17 13:59:52,471] [log.py:228] [log:log_response] [WARNING]- Not Found: /media/DeviceLNV/Device/1862.jpg
[2026-09-17 13:59:52,487] [basehttp.py:154] [basehttp:log_message] [WARNING]- "GET /media/DeviceLNV/Device/1862.jpg HTTP/1.1" 404 1803
[2026-09-17 13:59:52,490] [log.py:228] [log:log_response] [WARNING]- Not Found: /media/DeviceLNV/Zaihuo/1862.jpg
[2026-09-17 13:59:52,500] [log.py:228] [log:log_response] [WARNING]- Not Found: /media/DeviceLNV/Device/1864.jpg
[2026-09-17 13:59:52,501] [basehttp.py:154] [basehttp:log_message] [WARNING]- "GET /media/DeviceLNV/Zaihuo/1862.jpg HTTP/1.1" 404 1803
[2026-09-17 13:59:52,501] [log.py:228] [log:log_response] [WARNING]- Not Found: /media/DeviceLNV/Zaihuo/1864.jpg
[2026-09-17 13:59:52,503] [basehttp.py:154] [basehttp:log_message] [WARNING]- "GET /media/DeviceLNV/Device/1864.jpg HTTP/1.1" 404 1803
[2026-09-17 13:59:52,503] [log.py:228] [log:log_response] [WARNING]- Not Found: /media/DeviceLNV/Device/1865.jpg
[2026-09-17 13:59:52,507] [basehttp.py:154] [basehttp:log_message] [WARNING]- "GET /media/DeviceLNV/Zaihuo/1864.jpg HTTP/1.1" 404 1803
[2026-09-17 13:59:52,509] [log.py:228] [log:log_response] [WARNING]- Not Found: /media/DeviceLNV/Zaihuo/1865.jpg
[2026-09-17 13:59:52,510] [basehttp.py:154] [basehttp:log_message] [WARNING]- "GET /media/DeviceLNV/Device/1865.jpg HTTP/1.1" 404 1803
[2026-09-17 13:59:52,521] [basehttp.py:154] [basehttp:log_message] [WARNING]- "GET /media/DeviceLNV/Zaihuo/1865.jpg HTTP/1.1" 404 1803
[2026-09-17 13:59:52,538] [log.py:228] [log:log_response] [WARNING]- Not Found: /media/DeviceLNV/Device/1869.jpg
[2026-09-17 13:59:52,544] [basehttp.py:154] [basehttp:log_message] [WARNING]- "GET /media/DeviceLNV/Device/1869.jpg HTTP/1.1" 404 1803
[2026-09-17 13:59:52,560] [log.py:228] [log:log_response] [WARNING]- Not Found: /media/DeviceLNV/Zaihuo/1869.jpg
[2026-09-17 13:59:52,569] [log.py:228] [log:log_response] [WARNING]- Not Found: /media/DeviceLNV/Device/1873.jpg
[2026-09-17 13:59:52,571] [basehttp.py:154] [basehttp:log_message] [WARNING]- "GET /media/DeviceLNV/Zaihuo/1869.jpg HTTP/1.1" 404 1803
[2026-09-17 13:59:52,574] [basehttp.py:154] [basehttp:log_message] [WARNING]- "GET /media/DeviceLNV/Device/1873.jpg HTTP/1.1" 404 1803
[2026-09-17 13:59:52,577] [log.py:228] [log:log_response] [WARNING]- Not Found: /media/DeviceLNV/Device/1875.jpg
[2026-09-17 13:59:52,586] [basehttp.py:154] [basehttp:log_message] [WARNING]- "GET /media/DeviceLNV/Device/1875.jpg HTTP/1.1" 404 1803
[2026-09-17 13:59:52,594] [log.py:228] [log:log_response] [WARNING]- Not Found: /media/DeviceLNV/Zaihuo/1875.jpg
[2026-09-17 13:59:52,601] [basehttp.py:154] [basehttp:log_message] [WARNING]- "GET /media/DeviceLNV/Zaihuo/1875.jpg HTTP/1.1" 404 1803
[2026-09-17 13:59:52,601] [log.py:228] [log:log_response] [WARNING]- Not Found: /media/DeviceLNV/Zaihuo/1873.jpg
[2026-09-17 13:59:52,608] [log.py:228] [log:log_response] [WARNING]- Not Found: /media/DeviceLNV/Device/1876.jpg
[2026-09-17 13:59:52,609] [basehttp.py:154] [basehttp:log_message] [WARNING]- "GET /media/DeviceLNV/Zaihuo/1873.jpg HTTP/1.1" 404 1803
[2026-09-17 13:59:52,615] [basehttp.py:154] [basehttp:log_message] [WARNING]- "GET /media/DeviceLNV/Device/1876.jpg HTTP/1.1" 404 1803
[2026-09-17 13:59:52,628] [log.py:228] [log:log_response] [WARNING]- Not Found: /media/DeviceLNV/Zaihuo/1876.jpg
[2026-09-17 13:59:52,634] [basehttp.py:154] [basehttp:log_message] [WARNING]- "GET /media/DeviceLNV/Zaihuo/1876.jpg HTTP/1.1" 404 1803
[2026-09-17 13:59:52,637] [log.py:228] [log:log_response] [WARNING]- Not Found: /media/DeviceLNV/Device/1880.jpg
[2026-09-17 13:59:52,642] [log.py:228] [log:log_response] [WARNING]- Not Found: /media/DeviceLNV/Zaihuo/1880.jpg
[2026-09-17 13:59:52,643] [basehttp.py:154] [basehttp:log_message] [WARNING]- "GET /media/DeviceLNV/Device/1880.jpg HTTP/1.1" 404 1803
[2026-09-17 13:59:52,651] [log.py:228] [log:log_response] [WARNING]- Not Found: /media/DeviceLNV/Device/1881.jpg
[2026-09-17 13:59:52,654] [basehttp.py:154] [basehttp:log_message] [WARNING]- "GET /media/DeviceLNV/Zaihuo/1880.jpg HTTP/1.1" 404 1803
[2026-09-17 13:59:52,661] [basehttp.py:154] [basehttp:log_message] [WARNING]- "GET /media/DeviceLNV/Device/1881.jpg HTTP/1.1" 404 1803
[2026-09-17 13:59:52,674] [log.py:228] [log:log_response] [WARNING]- Not Found: /media/DeviceLNV/Zaihuo/1881.jpg
[2026-09-17 13:59:52,678] [log.py:228] [log:log_response] [WARNING]- Not Found: /media/DeviceLNV/Device/1882.jpg
[2026-09-17 13:59:52,680] [basehttp.py:154] [basehttp:log_message] [WARNING]- "GET /media/DeviceLNV/Zaihuo/1881.jpg HTTP/1.1" 404 1803
[2026-09-17 13:59:52,681] [log.py:228] [log:log_response] [WARNING]- Not Found: /media/DeviceLNV/Zaihuo/1882.jpg
[2026-09-17 13:59:52,683] [basehttp.py:154] [basehttp:log_message] [WARNING]- "GET /media/DeviceLNV/Device/1882.jpg HTTP/1.1" 404 1803
[2026-09-17 13:59:52,688] [basehttp.py:154] [basehttp:log_message] [WARNING]- "GET /media/DeviceLNV/Zaihuo/1882.jpg HTTP/1.1" 404 1803
[2026-09-17 13:59:52,694] [log.py:228] [log:log_response] [WARNING]- Not Found: /media/DeviceLNV/Device/1891.jpg
[2026-09-17 13:59:52,695] [basehttp.py:154] [basehttp:log_message] [WARNING]- "GET /media/DeviceLNV/Device/1891.jpg HTTP/1.1" 404 1803
[2026-09-17 13:59:52,701] [log.py:228] [log:log_response] [WARNING]- Not Found: /media/DeviceLNV/Zaihuo/1891.jpg
[2026-09-17 13:59:52,702] [basehttp.py:154] [basehttp:log_message] [WARNING]- "GET /media/DeviceLNV/Zaihuo/1891.jpg HTTP/1.1" 404 1803
[2026-09-17 13:59:59,161] [log.py:228] [log:log_response] [WARNING]- Not Found: /media/DeviceLNV/Baoguan/247_b.jpg
[2026-09-17 13:59:59,162] [basehttp.py:154] [basehttp:log_message] [WARNING]- "GET /media/DeviceLNV/Baoguan/247_b.jpg HTTP/1.1" 404 1809
[2026-09-17 14:00:04,518] [log.py:228] [log:log_response] [WARNING]- Not Found: /media/DeviceLNV/Zaihuo/2156.jpg
[2026-09-17 14:00:04,519] [basehttp.py:154] [basehttp:log_message] [WARNING]- "GET /media/DeviceLNV/Zaihuo/2156.jpg HTTP/1.1" 404 1803
[2026-09-17 14:00:04,522] [log.py:228] [log:log_response] [WARNING]- Not Found: /media/DeviceLNV/Zaihuo/1513.jpg
[2026-09-17 14:00:04,530] [log.py:228] [log:log_response] [WARNING]- Not Found: /media/DeviceLNV/Zaihuo/233.jpg
[2026-09-17 14:00:04,531] [basehttp.py:154] [basehttp:log_message] [WARNING]- "GET /media/DeviceLNV/Zaihuo/1513.jpg HTTP/1.1" 404 1803
[2026-09-17 14:00:04,531] [basehttp.py:154] [basehttp:log_message] [WARNING]- "GET /media/DeviceLNV/Zaihuo/233.jpg HTTP/1.1" 404 1800
[2026-09-17 14:00:04,534] [log.py:228] [log:log_response] [WARNING]- Not Found: /media/DeviceLNV/Device/233.jpg
[2026-09-17 14:00:04,546] [basehttp.py:154] [basehttp:log_message] [WARNING]- "GET /media/DeviceLNV/Device/233.jpg HTTP/1.1" 404 1800
[2026-09-17 14:00:04,547] [log.py:228] [log:log_response] [WARNING]- Not Found: /media/DeviceLNV/Zaihuo/257.jpg
[2026-09-17 14:00:04,549] [log.py:228] [log:log_response] [WARNING]- Not Found: /media/DeviceLNV/Device/257.jpg
[2026-09-17 14:00:04,554] [log.py:228] [log:log_response] [WARNING]- Not Found: /media/DeviceLNV/Device/258.jpg
[2026-09-17 14:00:04,555] [basehttp.py:154] [basehttp:log_message] [WARNING]- "GET /media/DeviceLNV/Zaihuo/257.jpg HTTP/1.1" 404 1800
[2026-09-17 14:00:04,555] [basehttp.py:154] [basehttp:log_message] [WARNING]- "GET /media/DeviceLNV/Device/257.jpg HTTP/1.1" 404 1800
[2026-09-17 14:00:04,557] [basehttp.py:154] [basehttp:log_message] [WARNING]- "GET /media/DeviceLNV/Device/258.jpg HTTP/1.1" 404 1800
[2026-09-17 14:00:04,587] [log.py:228] [log:log_response] [WARNING]- Not Found: /media/DeviceLNV/Zaihuo/258.jpg
[2026-09-17 14:00:04,590] [basehttp.py:154] [basehttp:log_message] [WARNING]- "GET /media/DeviceLNV/Zaihuo/258.jpg HTTP/1.1" 404 1800
[2026-09-17 14:00:04,614] [log.py:228] [log:log_response] [WARNING]- Not Found: /media/DeviceLNV/Device/2260.jpg
[2026-09-17 14:00:04,618] [basehttp.py:154] [basehttp:log_message] [WARNING]- "GET /media/DeviceLNV/Device/2260.jpg HTTP/1.1" 404 1803
[2026-09-17 14:00:04,618] [log.py:228] [log:log_response] [WARNING]- Not Found: /media/DeviceLNV/Device/244.jpg
[2026-09-17 14:00:04,623] [log.py:228] [log:log_response] [WARNING]- Not Found: /media/DeviceLNV/Zaihuo/2260.jpg
[2026-09-17 14:00:04,625] [basehttp.py:154] [basehttp:log_message] [WARNING]- "GET /media/DeviceLNV/Device/244.jpg HTTP/1.1" 404 1800
[2026-09-17 14:00:04,626] [basehttp.py:154] [basehttp:log_message] [WARNING]- "GET /media/DeviceLNV/Zaihuo/2260.jpg HTTP/1.1" 404 1803
[2026-09-17 14:00:04,630] [log.py:228] [log:log_response] [WARNING]- Not Found: /media/DeviceLNV/Device/2214.jpg
[2026-09-17 14:00:04,643] [log.py:228] [log:log_response] [WARNING]- Not Found: /media/DeviceLNV/Zaihuo/2214.jpg
[2026-09-17 14:00:04,648] [basehttp.py:154] [basehttp:log_message] [WARNING]- "GET /media/DeviceLNV/Device/2214.jpg HTTP/1.1" 404 1803
[2026-09-17 14:00:04,652] [basehttp.py:154] [basehttp:log_message] [WARNING]- "GET /media/DeviceLNV/Zaihuo/2214.jpg HTTP/1.1" 404 1803
[2026-09-17 14:00:04,670] [log.py:228] [log:log_response] [WARNING]- Not Found: /media/DeviceLNV/Zaihuo/244.jpg
[2026-09-17 14:00:04,678] [basehttp.py:154] [basehttp:log_message] [WARNING]- "GET /media/DeviceLNV/Zaihuo/244.jpg HTTP/1.1" 404 1800
[2026-09-17 14:00:04,679] [log.py:228] [log:log_response] [WARNING]- Not Found: /media/DeviceLNV/Device/1462.jpg
[2026-09-17 14:00:04,690] [basehttp.py:154] [basehttp:log_message] [WARNING]- "GET /media/DeviceLNV/Device/1462.jpg HTTP/1.1" 404 1803
[2026-09-17 14:00:04,690] [log.py:228] [log:log_response] [WARNING]- Not Found: /media/DeviceLNV/Zaihuo/1462.jpg
[2026-09-17 14:00:04,695] [log.py:228] [log:log_response] [WARNING]- Not Found: /media/DeviceLNV/Device/2218.jpg
[2026-09-17 14:00:04,697] [log.py:228] [log:log_response] [WARNING]- Not Found: /media/DeviceLNV/Zaihuo/2218.jpg
[2026-09-17 14:00:04,699] [basehttp.py:154] [basehttp:log_message] [WARNING]- "GET /media/DeviceLNV/Zaihuo/1462.jpg HTTP/1.1" 404 1803
[2026-09-17 14:00:04,700] [basehttp.py:154] [basehttp:log_message] [WARNING]- "GET /media/DeviceLNV/Device/2218.jpg HTTP/1.1" 404 1803
[2026-09-17 14:00:04,705] [basehttp.py:154] [basehttp:log_message] [WARNING]- "GET /media/DeviceLNV/Zaihuo/2218.jpg HTTP/1.1" 404 1803
[2026-09-17 14:00:04,714] [log.py:228] [log:log_response] [WARNING]- Not Found: /media/DeviceLNV/Device/253.jpg
[2026-09-17 14:00:04,726] [basehttp.py:154] [basehttp:log_message] [WARNING]- "GET /media/DeviceLNV/Device/253.jpg HTTP/1.1" 404 1800
[2026-09-17 14:00:04,734] [log.py:228] [log:log_response] [WARNING]- Not Found: /media/DeviceLNV/Device/261.jpg
[2026-09-17 14:00:04,739] [basehttp.py:154] [basehttp:log_message] [WARNING]- "GET /media/DeviceLNV/Device/261.jpg HTTP/1.1" 404 1800
[2026-09-17 14:00:04,750] [log.py:228] [log:log_response] [WARNING]- Not Found: /media/DeviceLNV/Zaihuo/261.jpg
[2026-09-17 14:00:04,759] [basehttp.py:154] [basehttp:log_message] [WARNING]- "GET /media/DeviceLNV/Zaihuo/261.jpg HTTP/1.1" 404 1800
[2026-09-17 14:00:04,765] [log.py:228] [log:log_response] [WARNING]- Not Found: /media/DeviceLNV/Device/268.jpg
[2026-09-17 14:00:04,768] [basehttp.py:154] [basehttp:log_message] [WARNING]- "GET /media/DeviceLNV/Device/268.jpg HTTP/1.1" 404 1800
[2026-09-17 14:00:04,775] [log.py:228] [log:log_response] [WARNING]- Not Found: /media/DeviceLNV/Device/262.jpg
[2026-09-17 14:00:04,781] [log.py:228] [log:log_response] [WARNING]- Not Found: /media/DeviceLNV/Zaihuo/262.jpg
[2026-09-17 14:00:04,785] [basehttp.py:154] [basehttp:log_message] [WARNING]- "GET /media/DeviceLNV/Device/262.jpg HTTP/1.1" 404 1800
[2026-09-17 14:00:04,786] [log.py:228] [log:log_response] [WARNING]- Not Found: /media/DeviceLNV/Zaihuo/268.jpg
[2026-09-17 14:00:04,791] [basehttp.py:154] [basehttp:log_message] [WARNING]- "GET /media/DeviceLNV/Zaihuo/262.jpg HTTP/1.1" 404 1800
[2026-09-17 14:00:04,798] [log.py:228] [log:log_response] [WARNING]- Not Found: /media/DeviceLNV/Device/266.jpg
[2026-09-17 14:00:04,798] [basehttp.py:154] [basehttp:log_message] [WARNING]- "GET /media/DeviceLNV/Zaihuo/268.jpg HTTP/1.1" 404 1800
[2026-09-17 14:00:04,812] [basehttp.py:154] [basehttp:log_message] [WARNING]- "GET /media/DeviceLNV/Device/266.jpg HTTP/1.1" 404 1800
[2026-09-17 14:00:04,813] [log.py:228] [log:log_response] [WARNING]- Not Found: /media/DeviceLNV/Zaihuo/266.jpg
[2026-09-17 14:00:04,831] [basehttp.py:154] [basehttp:log_message] [WARNING]- "GET /media/DeviceLNV/Zaihuo/266.jpg HTTP/1.1" 404 1800
[2026-09-17 14:00:04,837] [log.py:228] [log:log_response] [WARNING]- Not Found: /media/DeviceLNV/Device/269.jpg
[2026-09-17 14:00:04,849] [basehttp.py:154] [basehttp:log_message] [WARNING]- "GET /media/DeviceLNV/Device/269.jpg HTTP/1.1" 404 1800
[2026-09-17 14:00:04,851] [log.py:228] [log:log_response] [WARNING]- Not Found: /media/DeviceLNV/Zaihuo/269.jpg
[2026-09-17 14:00:04,860] [basehttp.py:154] [basehttp:log_message] [WARNING]- "GET /media/DeviceLNV/Zaihuo/269.jpg HTTP/1.1" 404 1800
[2026-09-17 14:00:04,865] [log.py:228] [log:log_response] [WARNING]- Not Found: /media/DeviceLNV/Device/267.jpg
[2026-09-17 14:00:04,872] [basehttp.py:154] [basehttp:log_message] [WARNING]- "GET /media/DeviceLNV/Device/267.jpg HTTP/1.1" 404 1800
[2026-09-17 14:00:04,879] [log.py:228] [log:log_response] [WARNING]- Not Found: /media/DeviceLNV/Zaihuo/267.jpg
[2026-09-17 14:00:04,885] [log.py:228] [log:log_response] [WARNING]- Not Found: /media/DeviceLNV/Device/2098.jpg
[2026-09-17 14:00:04,890] [basehttp.py:154] [basehttp:log_message] [WARNING]- "GET /media/DeviceLNV/Zaihuo/267.jpg HTTP/1.1" 404 1800
[2026-09-17 14:00:04,891] [basehttp.py:154] [basehttp:log_message] [WARNING]- "GET /media/DeviceLNV/Device/2098.jpg HTTP/1.1" 404 1803
[2026-09-17 14:00:04,891] [log.py:228] [log:log_response] [WARNING]- Not Found: /media/DeviceLNV/Zaihuo/2098.jpg
[2026-09-17 14:00:04,901] [basehttp.py:154] [basehttp:log_message] [WARNING]- "GET /media/DeviceLNV/Zaihuo/2098.jpg HTTP/1.1" 404 1803
[2026-09-17 14:00:04,914] [log.py:228] [log:log_response] [WARNING]- Not Found: /media/DeviceLNV/Device/1292.jpg
[2026-09-17 14:00:04,917] [log.py:228] [log:log_response] [WARNING]- Not Found: /media/DeviceLNV/Zaihuo/1292.jpg
[2026-09-17 14:00:04,920] [basehttp.py:154] [basehttp:log_message] [WARNING]- "GET /media/DeviceLNV/Device/1292.jpg HTTP/1.1" 404 1803
[2026-09-17 14:00:04,924] [basehttp.py:154] [basehttp:log_message] [WARNING]- "GET /media/DeviceLNV/Zaihuo/1292.jpg HTTP/1.1" 404 1803
[2026-09-17 14:00:04,935] [log.py:228] [log:log_response] [WARNING]- Not Found: /media/DeviceLNV/Device/209.jpg
[2026-09-17 14:00:04,944] [basehttp.py:154] [basehttp:log_message] [WARNING]- "GET /media/DeviceLNV/Device/209.jpg HTTP/1.1" 404 1800
[2026-09-17 14:00:04,952] [log.py:228] [log:log_response] [WARNING]- Not Found: /media/DeviceLNV/Zaihuo/209.jpg
[2026-09-17 14:00:04,957] [basehttp.py:154] [basehttp:log_message] [WARNING]- "GET /media/DeviceLNV/Zaihuo/209.jpg HTTP/1.1" 404 1800
[2026-09-17 14:00:04,973] [log.py:228] [log:log_response] [WARNING]- Not Found: /media/DeviceLNV/Zaihuo/264.jpg
[2026-09-17 14:00:04,974] [log.py:228] [log:log_response] [WARNING]- Not Found: /media/DeviceLNV/Device/264.jpg
[2026-09-17 14:00:04,980] [basehttp.py:154] [basehttp:log_message] [WARNING]- "GET /media/DeviceLNV/Zaihuo/264.jpg HTTP/1.1" 404 1800
[2026-09-17 14:00:04,984] [basehttp.py:154] [basehttp:log_message] [WARNING]- "GET /media/DeviceLNV/Device/264.jpg HTTP/1.1" 404 1800
[2026-09-17 14:00:04,986] [log.py:228] [log:log_response] [WARNING]- Not Found: /media/DeviceLNV/Device/265.jpg
[2026-09-17 14:00:04,995] [basehttp.py:154] [basehttp:log_message] [WARNING]- "GET /media/DeviceLNV/Device/265.jpg HTTP/1.1" 404 1800
[2026-09-17 14:00:04,996] [log.py:228] [log:log_response] [WARNING]- Not Found: /media/DeviceLNV/Zaihuo/265.jpg
[2026-09-17 14:00:05,006] [log.py:228] [log:log_response] [WARNING]- Not Found: /media/DeviceLNV/Device/228.jpg
[2026-09-17 14:00:05,014] [basehttp.py:154] [basehttp:log_message] [WARNING]- "GET /media/DeviceLNV/Zaihuo/265.jpg HTTP/1.1" 404 1800
[2026-09-17 14:00:05,024] [basehttp.py:154] [basehttp:log_message] [WARNING]- "GET /media/DeviceLNV/Device/228.jpg HTTP/1.1" 404 1800
[2026-09-17 14:00:05,024] [log.py:228] [log:log_response] [WARNING]- Not Found: /media/DeviceLNV/Zaihuo/228.jpg
[2026-09-17 14:00:05,034] [log.py:228] [log:log_response] [WARNING]- Not Found: /media/DeviceLNV/Device/214.jpg
[2026-09-17 14:00:05,035] [basehttp.py:154] [basehttp:log_message] [WARNING]- "GET /media/DeviceLNV/Zaihuo/228.jpg HTTP/1.1" 404 1800
[2026-09-17 14:00:05,044] [basehttp.py:154] [basehttp:log_message] [WARNING]- "GET /media/DeviceLNV/Device/214.jpg HTTP/1.1" 404 1800
[2026-09-17 14:00:05,071] [log.py:228] [log:log_response] [WARNING]- Not Found: /media/DeviceLNV/Device/2049.jpg
[2026-09-17 14:00:05,080] [basehttp.py:154] [basehttp:log_message] [WARNING]- "GET /media/DeviceLNV/Device/2049.jpg HTTP/1.1" 404 1803
[2026-09-17 14:00:05,082] [log.py:228] [log:log_response] [WARNING]- Not Found: /media/DeviceLNV/Zaihuo/214.jpg
[2026-09-17 14:00:05,088] [log.py:228] [log:log_response] [WARNING]- Not Found: /media/DeviceLNV/Zaihuo/2049.jpg
[2026-09-17 14:00:05,092] [basehttp.py:154] [basehttp:log_message] [WARNING]- "GET /media/DeviceLNV/Zaihuo/214.jpg HTTP/1.1" 404 1800
[2026-09-17 14:00:05,093] [log.py:228] [log:log_response] [WARNING]- Not Found: /media/DeviceLNV/Device/2050.jpg
[2026-09-17 14:00:05,097] [basehttp.py:154] [basehttp:log_message] [WARNING]- "GET /media/DeviceLNV/Zaihuo/2049.jpg HTTP/1.1" 404 1803
[2026-09-17 14:00:05,108] [log.py:228] [log:log_response] [WARNING]- Not Found: /media/DeviceLNV/Device/1298.jpg
[2026-09-17 14:00:05,111] [log.py:228] [log:log_response] [WARNING]- Not Found: /media/DeviceLNV/Zaihuo/2050.jpg
[2026-09-17 14:00:05,111] [basehttp.py:154] [basehttp:log_message] [WARNING]- "GET /media/DeviceLNV/Device/2050.jpg HTTP/1.1" 404 1803
[2026-09-17 14:00:05,114] [basehttp.py:154] [basehttp:log_message] [WARNING]- "GET /media/DeviceLNV/Zaihuo/2050.jpg HTTP/1.1" 404 1803
[2026-09-17 14:00:05,114] [basehttp.py:154] [basehttp:log_message] [WARNING]- "GET /media/DeviceLNV/Device/1298.jpg HTTP/1.1" 404 1803
[2026-09-17 14:00:05,146] [log.py:228] [log:log_response] [WARNING]- Not Found: /media/DeviceLNV/Zaihuo/1298.jpg
[2026-09-17 14:00:05,149] [basehttp.py:154] [basehttp:log_message] [WARNING]- "GET /media/DeviceLNV/Zaihuo/1298.jpg HTTP/1.1" 404 1803
[2026-09-17 14:00:05,162] [log.py:228] [log:log_response] [WARNING]- Not Found: /media/DeviceLNV/Device/1301.jpg
[2026-09-17 14:00:05,171] [log.py:228] [log:log_response] [WARNING]- Not Found: /media/DeviceLNV/Device/259.jpg
[2026-09-17 14:00:05,172] [basehttp.py:154] [basehttp:log_message] [WARNING]- "GET /media/DeviceLNV/Device/259.jpg HTTP/1.1" 404 1800
[2026-09-17 14:00:05,173] [basehttp.py:154] [basehttp:log_message] [WARNING]- "GET /media/DeviceLNV/Device/1301.jpg HTTP/1.1" 404 1803
[2026-09-17 14:00:05,183] [log.py:228] [log:log_response] [WARNING]- Not Found: /media/DeviceLNV/Zaihuo/1301.jpg
[2026-09-17 14:00:05,186] [log.py:228] [log:log_response] [WARNING]- Not Found: /media/DeviceLNV/Device/260.jpg
[2026-09-17 14:00:05,200] [basehttp.py:154] [basehttp:log_message] [WARNING]- "GET /media/DeviceLNV/Zaihuo/1301.jpg HTTP/1.1" 404 1803
[2026-09-17 14:00:05,201] [basehttp.py:154] [basehttp:log_message] [WARNING]- "GET /media/DeviceLNV/Device/260.jpg HTTP/1.1" 404 1800
[2026-09-17 14:00:05,206] [log.py:228] [log:log_response] [WARNING]- Not Found: /media/DeviceLNV/Zaihuo/259.jpg
[2026-09-17 14:00:05,221] [basehttp.py:154] [basehttp:log_message] [WARNING]- "GET /media/DeviceLNV/Zaihuo/259.jpg HTTP/1.1" 404 1800
[2026-09-17 14:00:05,225] [log.py:228] [log:log_response] [WARNING]- Not Found: /media/DeviceLNV/Zaihuo/260.jpg
[2026-09-17 14:00:05,231] [basehttp.py:154] [basehttp:log_message] [WARNING]- "GET /media/DeviceLNV/Zaihuo/260.jpg HTTP/1.1" 404 1800
[2026-09-17 14:00:05,257] [log.py:228] [log:log_response] [WARNING]- Not Found: /media/DeviceLNV/Device/1383.jpg
[2026-09-17 14:00:05,268] [basehttp.py:154] [basehttp:log_message] [WARNING]- "GET /media/DeviceLNV/Device/1383.jpg HTTP/1.1" 404 1803
[2026-09-17 14:00:05,272] [log.py:228] [log:log_response] [WARNING]- Not Found: /media/DeviceLNV/Zaihuo/1383.jpg
[2026-09-17 14:00:05,276] [basehttp.py:154] [basehttp:log_message] [WARNING]- "GET /media/DeviceLNV/Zaihuo/1383.jpg HTTP/1.1" 404 1803
[2026-09-17 14:00:05,287] [log.py:228] [log:log_response] [WARNING]- Not Found: /media/DeviceLNV/Zaihuo/1294.jpg
[2026-09-17 14:00:05,289] [log.py:228] [log:log_response] [WARNING]- Not Found: /media/DeviceLNV/Device/1294.jpg
[2026-09-17 14:00:05,296] [basehttp.py:154] [basehttp:log_message] [WARNING]- "GET /media/DeviceLNV/Device/1294.jpg HTTP/1.1" 404 1803
[2026-09-17 14:00:05,297] [log.py:228] [log:log_response] [WARNING]- Not Found: /media/DeviceLNV/Device/1295.jpg
[2026-09-17 14:00:05,297] [basehttp.py:154] [basehttp:log_message] [WARNING]- "GET /media/DeviceLNV/Zaihuo/1294.jpg HTTP/1.1" 404 1803
[2026-09-17 14:00:05,306] [log.py:228] [log:log_response] [WARNING]- Not Found: /media/DeviceLNV/Zaihuo/1295.jpg
[2026-09-17 14:00:05,312] [basehttp.py:154] [basehttp:log_message] [WARNING]- "GET /media/DeviceLNV/Zaihuo/1295.jpg HTTP/1.1" 404 1803
[2026-09-17 14:00:05,312] [basehttp.py:154] [basehttp:log_message] [WARNING]- "GET /media/DeviceLNV/Device/1295.jpg HTTP/1.1" 404 1803
[2026-09-17 14:00:05,329] [log.py:228] [log:log_response] [WARNING]- Not Found: /media/DeviceLNV/Device/1296.jpg
[2026-09-17 14:00:05,337] [basehttp.py:154] [basehttp:log_message] [WARNING]- "GET /media/DeviceLNV/Device/1296.jpg HTTP/1.1" 404 1803
[2026-09-17 14:00:05,343] [log.py:228] [log:log_response] [WARNING]- Not Found: /media/DeviceLNV/Zaihuo/1296.jpg
[2026-09-17 14:00:05,354] [basehttp.py:154] [basehttp:log_message] [WARNING]- "GET /media/DeviceLNV/Zaihuo/1296.jpg HTTP/1.1" 404 1803
[2026-09-17 14:00:05,355] [log.py:228] [log:log_response] [WARNING]- Not Found: /media/DeviceLNV/Zaihuo/1297.jpg
[2026-09-17 14:00:05,373] [log.py:228] [log:log_response] [WARNING]- Not Found: /media/DeviceLNV/Device/1297.jpg
[2026-09-17 14:00:05,380] [basehttp.py:154] [basehttp:log_message] [WARNING]- "GET /media/DeviceLNV/Zaihuo/1297.jpg HTTP/1.1" 404 1803
[2026-09-17 14:00:05,383] [basehttp.py:154] [basehttp:log_message] [WARNING]- "GET /media/DeviceLNV/Device/1297.jpg HTTP/1.1" 404 1803
[2026-09-17 14:00:05,394] [log.py:228] [log:log_response] [WARNING]- Not Found: /media/DeviceLNV/Device/1302.jpg
[2026-09-17 14:00:05,407] [log.py:228] [log:log_response] [WARNING]- Not Found: /media/DeviceLNV/Zaihuo/1302.jpg
[2026-09-17 14:00:05,407] [basehttp.py:154] [basehttp:log_message] [WARNING]- "GET /media/DeviceLNV/Device/1302.jpg HTTP/1.1" 404 1803
[2026-09-17 14:00:05,420] [basehttp.py:154] [basehttp:log_message] [WARNING]- "GET /media/DeviceLNV/Zaihuo/1302.jpg HTTP/1.1" 404 1803
[2026-09-17 14:00:05,424] [log.py:228] [log:log_response] [WARNING]- Not Found: /media/DeviceLNV/Device/223.jpg
[2026-09-17 14:00:05,437] [log.py:228] [log:log_response] [WARNING]- Not Found: /media/DeviceLNV/Zaihuo/223.jpg
[2026-09-17 14:00:05,438] [basehttp.py:154] [basehttp:log_message] [WARNING]- "GET /media/DeviceLNV/Device/223.jpg HTTP/1.1" 404 1800
[2026-09-17 14:00:05,445] [basehttp.py:154] [basehttp:log_message] [WARNING]- "GET /media/DeviceLNV/Zaihuo/223.jpg HTTP/1.1" 404 1800
[2026-09-17 14:00:05,457] [log.py:228] [log:log_response] [WARNING]- Not Found: /media/DeviceLNV/Zaihuo/1934.jpg
[2026-09-17 14:00:05,465] [basehttp.py:154] [basehttp:log_message] [WARNING]- "GET /media/DeviceLNV/Zaihuo/1934.jpg HTTP/1.1" 404 1803
[2026-09-17 14:00:05,465] [log.py:228] [log:log_response] [WARNING]- Not Found: /media/DeviceLNV/Device/1934.jpg
[2026-09-17 14:00:05,475] [basehttp.py:154] [basehttp:log_message] [WARNING]- "GET /media/DeviceLNV/Device/1934.jpg HTTP/1.1" 404 1803
[2026-09-17 14:00:05,488] [log.py:228] [log:log_response] [WARNING]- Not Found: /media/DeviceLNV/Device/2220.jpg
[2026-09-17 14:00:05,495] [basehttp.py:154] [basehttp:log_message] [WARNING]- "GET /media/DeviceLNV/Device/2220.jpg HTTP/1.1" 404 1803
[2026-09-17 14:00:05,497] [log.py:228] [log:log_response] [WARNING]- Not Found: /media/DeviceLNV/Zaihuo/2220.jpg
[2026-09-17 14:00:05,515] [basehttp.py:154] [basehttp:log_message] [WARNING]- "GET /media/DeviceLNV/Zaihuo/2220.jpg HTTP/1.1" 404 1803
[2026-09-17 14:00:05,528] [log.py:228] [log:log_response] [WARNING]- Not Found: /media/DeviceLNV/Device/1460.jpg
[2026-09-17 14:00:05,539] [basehttp.py:154] [basehttp:log_message] [WARNING]- "GET /media/DeviceLNV/Device/1460.jpg HTTP/1.1" 404 1803
[2026-09-17 14:00:05,547] [log.py:228] [log:log_response] [WARNING]- Not Found: /media/DeviceLNV/Device/246.jpg
[2026-09-17 14:00:05,549] [log.py:228] [log:log_response] [WARNING]- Not Found: /media/DeviceLNV/Zaihuo/1460.jpg
[2026-09-17 14:00:05,558] [basehttp.py:154] [basehttp:log_message] [WARNING]- "GET /media/DeviceLNV/Device/246.jpg HTTP/1.1" 404 1800
[2026-09-17 14:00:05,558] [log.py:228] [log:log_response] [WARNING]- Not Found: /media/DeviceLNV/Zaihuo/246.jpg
[2026-09-17 14:00:05,561] [basehttp.py:154] [basehttp:log_message] [WARNING]- "GET /media/DeviceLNV/Zaihuo/1460.jpg HTTP/1.1" 404 1803
[2026-09-17 14:00:05,568] [basehttp.py:154] [basehttp:log_message] [WARNING]- "GET /media/DeviceLNV/Zaihuo/246.jpg HTTP/1.1" 404 1800
[2026-09-17 14:00:05,579] [log.py:228] [log:log_response] [WARNING]- Not Found: /media/DeviceLNV/Device/242.jpg
[2026-09-17 14:00:05,591] [basehttp.py:154] [basehttp:log_message] [WARNING]- "GET /media/DeviceLNV/Device/242.jpg HTTP/1.1" 404 1800
[2026-09-17 14:00:05,598] [log.py:228] [log:log_response] [WARNING]- Not Found: /media/DeviceLNV/Zaihuo/242.jpg
[2026-09-17 14:00:05,605] [log.py:228] [log:log_response] [WARNING]- Not Found: /media/DeviceLNV/Device/248.jpg
[2026-09-17 14:00:05,609] [basehttp.py:154] [basehttp:log_message] [WARNING]- "GET /media/DeviceLNV/Zaihuo/242.jpg HTTP/1.1" 404 1800
[2026-09-17 14:00:05,613] [basehttp.py:154] [basehttp:log_message] [WARNING]- "GET /media/DeviceLNV/Device/248.jpg HTTP/1.1" 404 1800
[2026-09-17 14:00:05,640] [log.py:228] [log:log_response] [WARNING]- Not Found: /media/DeviceLNV/Zaihuo/248.jpg
[2026-09-17 14:00:05,643] [basehttp.py:154] [basehttp:log_message] [WARNING]- "GET /media/DeviceLNV/Zaihuo/248.jpg HTTP/1.1" 404 1800
[2026-09-17 14:00:05,649] [log.py:228] [log:log_response] [WARNING]- Not Found: /media/DeviceLNV/Device/251.jpg
[2026-09-17 14:00:05,653] [basehttp.py:154] [basehttp:log_message] [WARNING]- "GET /media/DeviceLNV/Device/251.jpg HTTP/1.1" 404 1800
[2026-09-17 14:00:05,654] [log.py:228] [log:log_response] [WARNING]- Not Found: /media/DeviceLNV/Zaihuo/251.jpg
[2026-09-17 14:00:05,664] [log.py:228] [log:log_response] [WARNING]- Not Found: /media/DeviceLNV/Device/252.jpg
[2026-09-17 14:00:05,666] [basehttp.py:154] [basehttp:log_message] [WARNING]- "GET /media/DeviceLNV/Zaihuo/251.jpg HTTP/1.1" 404 1800
[2026-09-17 14:00:05,671] [basehttp.py:154] [basehttp:log_message] [WARNING]- "GET /media/DeviceLNV/Device/252.jpg HTTP/1.1" 404 1800
[2026-09-17 14:00:05,680] [log.py:228] [log:log_response] [WARNING]- Not Found: /media/DeviceLNV/Zaihuo/252.jpg
[2026-09-17 14:00:05,694] [basehttp.py:154] [basehttp:log_message] [WARNING]- "GET /media/DeviceLNV/Zaihuo/252.jpg HTTP/1.1" 404 1800
[2026-09-17 14:00:05,701] [log.py:228] [log:log_response] [WARNING]- Not Found: /media/DeviceLNV/Device/243.jpg
[2026-09-17 14:00:05,707] [log.py:228] [log:log_response] [WARNING]- Not Found: /media/DeviceLNV/Zaihuo/243.jpg
[2026-09-17 14:00:05,709] [basehttp.py:154] [basehttp:log_message] [WARNING]- "GET /media/DeviceLNV/Device/243.jpg HTTP/1.1" 404 1800
[2026-09-17 14:00:05,709] [basehttp.py:154] [basehttp:log_message] [WARNING]- "GET /media/DeviceLNV/Zaihuo/243.jpg HTTP/1.1" 404 1800
[2026-09-17 14:00:05,722] [log.py:228] [log:log_response] [WARNING]- Not Found: /media/DeviceLNV/Device/250.jpg
[2026-09-17 14:00:05,733] [basehttp.py:154] [basehttp:log_message] [WARNING]- "GET /media/DeviceLNV/Device/250.jpg HTTP/1.1" 404 1800
[2026-09-17 14:00:05,733] [log.py:228] [log:log_response] [WARNING]- Not Found: /media/DeviceLNV/Zaihuo/250.jpg
[2026-09-17 14:00:05,739] [log.py:228] [log:log_response] [WARNING]- Not Found: /media/DeviceLNV/Device/254.jpg
[2026-09-17 14:00:05,741] [basehttp.py:154] [basehttp:log_message] [WARNING]- "GET /media/DeviceLNV/Zaihuo/250.jpg HTTP/1.1" 404 1800
[2026-09-17 14:00:05,743] [basehttp.py:154] [basehttp:log_message] [WARNING]- "GET /media/DeviceLNV/Device/254.jpg HTTP/1.1" 404 1800
[2026-09-17 14:00:05,756] [log.py:228] [log:log_response] [WARNING]- Not Found: /media/DeviceLNV/Zaihuo/254.jpg
[2026-09-17 14:00:05,762] [basehttp.py:154] [basehttp:log_message] [WARNING]- "GET /media/DeviceLNV/Zaihuo/254.jpg HTTP/1.1" 404 1800
[2026-09-17 14:00:05,769] [log.py:228] [log:log_response] [WARNING]- Not Found: /media/DeviceLNV/Device/1065.jpg
[2026-09-17 14:00:05,775] [log.py:228] [log:log_response] [WARNING]- Not Found: /media/DeviceLNV/Zaihuo/1065.jpg
[2026-09-17 14:00:05,778] [basehttp.py:154] [basehttp:log_message] [WARNING]- "GET /media/DeviceLNV/Device/1065.jpg HTTP/1.1" 404 1803
[2026-09-17 14:00:05,789] [basehttp.py:154] [basehttp:log_message] [WARNING]- "GET /media/DeviceLNV/Zaihuo/1065.jpg HTTP/1.1" 404 1803
[2026-09-17 14:00:05,796] [log.py:228] [log:log_response] [WARNING]- Not Found: /media/DeviceLNV/Device/334.jpg
[2026-09-17 14:00:05,806] [log.py:228] [log:log_response] [WARNING]- Not Found: /media/DeviceLNV/Zaihuo/334.jpg
[2026-09-17 14:00:05,811] [basehttp.py:154] [basehttp:log_message] [WARNING]- "GET /media/DeviceLNV/Device/334.jpg HTTP/1.1" 404 1800
[2026-09-17 14:00:05,817] [basehttp.py:154] [basehttp:log_message] [WARNING]- "GET /media/DeviceLNV/Zaihuo/334.jpg HTTP/1.1" 404 1800
[2026-09-17 14:00:05,823] [log.py:228] [log:log_response] [WARNING]- Not Found: /media/DeviceLNV/Device/316.jpg
[2026-09-17 14:00:05,833] [basehttp.py:154] [basehttp:log_message] [WARNING]- "GET /media/DeviceLNV/Device/316.jpg HTTP/1.1" 404 1800
[2026-09-17 14:00:05,842] [log.py:228] [log:log_response] [WARNING]- Not Found: /media/DeviceLNV/Zaihuo/316.jpg
[2026-09-17 14:00:05,853] [basehttp.py:154] [basehttp:log_message] [WARNING]- "GET /media/DeviceLNV/Zaihuo/316.jpg HTTP/1.1" 404 1800
[2026-09-17 14:00:05,855] [log.py:228] [log:log_response] [WARNING]- Not Found: /media/DeviceLNV/Device/331.jpg
[2026-09-17 14:00:05,860] [basehttp.py:154] [basehttp:log_message] [WARNING]- "GET /media/DeviceLNV/Device/331.jpg HTTP/1.1" 404 1800
[2026-09-17 14:00:05,863] [log.py:228] [log:log_response] [WARNING]- Not Found: /media/DeviceLNV/Zaihuo/331.jpg
[2026-09-17 14:00:05,880] [basehttp.py:154] [basehttp:log_message] [WARNING]- "GET /media/DeviceLNV/Zaihuo/331.jpg HTTP/1.1" 404 1800
[2026-09-17 14:00:05,892] [log.py:228] [log:log_response] [WARNING]- Not Found: /media/DeviceLNV/Device/1046.jpg
[2026-09-17 14:00:05,895] [basehttp.py:154] [basehttp:log_message] [WARNING]- "GET /media/DeviceLNV/Device/1046.jpg HTTP/1.1" 404 1803
[2026-09-17 14:00:05,903] [log.py:228] [log:log_response] [WARNING]- Not Found: /media/DeviceLNV/Zaihuo/1046.jpg
[2026-09-17 14:00:05,910] [log.py:228] [log:log_response] [WARNING]- Not Found: /media/DeviceLNV/Device/1492.jpg
[2026-09-17 14:00:05,911] [basehttp.py:154] [basehttp:log_message] [WARNING]- "GET /media/DeviceLNV/Zaihuo/1046.jpg HTTP/1.1" 404 1803
[2026-09-17 14:00:05,917] [log.py:228] [log:log_response] [WARNING]- Not Found: /media/DeviceLNV/Zaihuo/1492.jpg
[2026-09-17 14:00:05,923] [basehttp.py:154] [basehttp:log_message] [WARNING]- "GET /media/DeviceLNV/Device/1492.jpg HTTP/1.1" 404 1803
[2026-09-17 14:00:05,926] [basehttp.py:154] [basehttp:log_message] [WARNING]- "GET /media/DeviceLNV/Zaihuo/1492.jpg HTTP/1.1" 404 1803
[2026-09-17 14:00:05,944] [log.py:228] [log:log_response] [WARNING]- Not Found: /media/DeviceLNV/Device/317.jpg
[2026-09-17 14:00:05,949] [log.py:228] [log:log_response] [WARNING]- Not Found: /media/DeviceLNV/Zaihuo/317.jpg
[2026-09-17 14:00:05,949] [basehttp.py:154] [basehttp:log_message] [WARNING]- "GET /media/DeviceLNV/Device/317.jpg HTTP/1.1" 404 1800
[2026-09-17 14:00:05,953] [log.py:228] [log:log_response] [WARNING]- Not Found: /media/DeviceLNV/Device/344.jpg
[2026-09-17 14:00:05,953] [basehttp.py:154] [basehttp:log_message] [WARNING]- "GET /media/DeviceLNV/Zaihuo/317.jpg HTTP/1.1" 404 1800
[2026-09-17 14:00:05,957] [basehttp.py:154] [basehttp:log_message] [WARNING]- "GET /media/DeviceLNV/Device/344.jpg HTTP/1.1" 404 1800
[2026-09-17 14:00:05,969] [log.py:228] [log:log_response] [WARNING]- Not Found: /media/DeviceLNV/Zaihuo/344.jpg
[2026-09-17 14:00:05,977] [log.py:228] [log:log_response] [WARNING]- Not Found: /media/DeviceLNV/Device/319.jpg
[2026-09-17 14:00:05,977] [basehttp.py:154] [basehttp:log_message] [WARNING]- "GET /media/DeviceLNV/Zaihuo/344.jpg HTTP/1.1" 404 1800
[2026-09-17 14:00:05,980] [log.py:228] [log:log_response] [WARNING]- Not Found: /media/DeviceLNV/Zaihuo/319.jpg
[2026-09-17 14:00:05,987] [basehttp.py:154] [basehttp:log_message] [WARNING]- "GET /media/DeviceLNV/Device/319.jpg HTTP/1.1" 404 1800
[2026-09-17 14:00:05,995] [basehttp.py:154] [basehttp:log_message] [WARNING]- "GET /media/DeviceLNV/Zaihuo/319.jpg HTTP/1.1" 404 1800
[2026-09-17 14:00:05,999] [log.py:228] [log:log_response] [WARNING]- Not Found: /media/DeviceLNV/Device/322.jpg
[2026-09-17 14:00:06,003] [log.py:228] [log:log_response] [WARNING]- Not Found: /media/DeviceLNV/Zaihuo/322.jpg
[2026-09-17 14:00:06,004] [basehttp.py:154] [basehttp:log_message] [WARNING]- "GET /media/DeviceLNV/Device/322.jpg HTTP/1.1" 404 1800
[2026-09-17 14:00:06,006] [basehttp.py:154] [basehttp:log_message] [WARNING]- "GET /media/DeviceLNV/Zaihuo/322.jpg HTTP/1.1" 404 1800
[2026-09-17 14:00:06,020] [log.py:228] [log:log_response] [WARNING]- Not Found: /media/DeviceLNV/Device/1066.jpg
[2026-09-17 14:00:06,028] [basehttp.py:154] [basehttp:log_message] [WARNING]- "GET /media/DeviceLNV/Device/1066.jpg HTTP/1.1" 404 1803
[2026-09-17 14:00:06,047] [log.py:228] [log:log_response] [WARNING]- Not Found: /media/DeviceLNV/Zaihuo/1066.jpg
[2026-09-17 14:00:06,055] [basehttp.py:154] [basehttp:log_message] [WARNING]- "GET /media/DeviceLNV/Zaihuo/1066.jpg HTTP/1.1" 404 1803
[2026-09-17 14:00:06,061] [log.py:228] [log:log_response] [WARNING]- Not Found: /media/DeviceLNV/Device/345.jpg
[2026-09-17 14:00:06,071] [log.py:228] [log:log_response] [WARNING]- Not Found: /media/DeviceLNV/Zaihuo/345.jpg
[2026-09-17 14:00:06,073] [basehttp.py:154] [basehttp:log_message] [WARNING]- "GET /media/DeviceLNV/Device/345.jpg HTTP/1.1" 404 1800
[2026-09-17 14:00:06,086] [basehttp.py:154] [basehttp:log_message] [WARNING]- "GET /media/DeviceLNV/Zaihuo/345.jpg HTTP/1.1" 404 1800
[2026-09-17 14:00:06,087] [log.py:228] [log:log_response] [WARNING]- Not Found: /media/DeviceLNV/Device/341.jpg
[2026-09-17 14:00:06,088] [log.py:228] [log:log_response] [WARNING]- Not Found: /media/DeviceLNV/Zaihuo/341.jpg
[2026-09-17 14:00:06,098] [basehttp.py:154] [basehttp:log_message] [WARNING]- "GET /media/DeviceLNV/Zaihuo/341.jpg HTTP/1.1" 404 1800
[2026-09-17 14:00:06,102] [basehttp.py:154] [basehttp:log_message] [WARNING]- "GET /media/DeviceLNV/Device/341.jpg HTTP/1.1" 404 1800
[2026-09-17 14:00:06,108] [log.py:228] [log:log_response] [WARNING]- Not Found: /media/DeviceLNV/Device/337.jpg
[2026-09-17 14:00:06,120] [basehttp.py:154] [basehttp:log_message] [WARNING]- "GET /media/DeviceLNV/Device/337.jpg HTTP/1.1" 404 1800
[2026-09-17 14:00:06,123] [log.py:228] [log:log_response] [WARNING]- Not Found: /media/DeviceLNV/Zaihuo/337.jpg
[2026-09-17 14:00:06,129] [basehttp.py:154] [basehttp:log_message] [WARNING]- "GET /media/DeviceLNV/Zaihuo/337.jpg HTTP/1.1" 404 1800
[2026-09-17 14:00:06,144] [log.py:228] [log:log_response] [WARNING]- Not Found: /media/DeviceLNV/Device/332.jpg
[2026-09-17 14:00:06,148] [log.py:228] [log:log_response] [WARNING]- Not Found: /media/DeviceLNV/Zaihuo/332.jpg
[2026-09-17 14:00:06,157] [basehttp.py:154] [basehttp:log_message] [WARNING]- "GET /media/DeviceLNV/Device/332.jpg HTTP/1.1" 404 1800
[2026-09-17 14:00:06,157] [basehttp.py:154] [basehttp:log_message] [WARNING]- "GET /media/DeviceLNV/Zaihuo/332.jpg HTTP/1.1" 404 1800
[2026-09-17 14:00:06,159] [log.py:228] [log:log_response] [WARNING]- Not Found: /media/DeviceLNV/Zaihuo/1178.jpg
[2026-09-17 14:00:06,170] [basehttp.py:154] [basehttp:log_message] [WARNING]- "GET /media/DeviceLNV/Zaihuo/1178.jpg HTTP/1.1" 404 1803
[2026-09-17 14:00:06,171] [log.py:228] [log:log_response] [WARNING]- Not Found: /media/DeviceLNV/Device/1178.jpg
[2026-09-17 14:00:06,183] [basehttp.py:154] [basehttp:log_message] [WARNING]- "GET /media/DeviceLNV/Device/1178.jpg HTTP/1.1" 404 1803
[2026-09-17 14:00:06,191] [log.py:228] [log:log_response] [WARNING]- Not Found: /media/DeviceLNV/Device/326.jpg
[2026-09-17 14:00:06,196] [log.py:228] [log:log_response] [WARNING]- Not Found: /media/DeviceLNV/Zaihuo/326.jpg
[2026-09-17 14:00:06,199] [basehttp.py:154] [basehttp:log_message] [WARNING]- "GET /media/DeviceLNV/Device/326.jpg HTTP/1.1" 404 1800
[2026-09-17 14:00:06,205] [log.py:228] [log:log_response] [WARNING]- Not Found: /media/DeviceLNV/Device/327.jpg
[2026-09-17 14:00:06,205] [basehttp.py:154] [basehttp:log_message] [WARNING]- "GET /media/DeviceLNV/Zaihuo/326.jpg HTTP/1.1" 404 1800
[2026-09-17 14:00:06,212] [log.py:228] [log:log_response] [WARNING]- Not Found: /media/DeviceLNV/Zaihuo/327.jpg
[2026-09-17 14:00:06,214] [basehttp.py:154] [basehttp:log_message] [WARNING]- "GET /media/DeviceLNV/Device/327.jpg HTTP/1.1" 404 1800
[2026-09-17 14:00:06,219] [basehttp.py:154] [basehttp:log_message] [WARNING]- "GET /media/DeviceLNV/Zaihuo/327.jpg HTTP/1.1" 404 1800
[2026-09-17 14:00:06,233] [log.py:228] [log:log_response] [WARNING]- Not Found: /media/DeviceLNV/Device/324.jpg
[2026-09-17 14:00:06,242] [log.py:228] [log:log_response] [WARNING]- Not Found: /media/DeviceLNV/Zaihuo/324.jpg
[2026-09-17 14:00:06,249] [basehttp.py:154] [basehttp:log_message] [WARNING]- "GET /media/DeviceLNV/Device/324.jpg HTTP/1.1" 404 1800
[2026-09-17 14:00:06,250] [basehttp.py:154] [basehttp:log_message] [WARNING]- "GET /media/DeviceLNV/Zaihuo/324.jpg HTTP/1.1" 404 1800
[2026-09-17 14:00:06,257] [log.py:228] [log:log_response] [WARNING]- Not Found: /media/DeviceLNV/Device/1179.jpg
[2026-09-17 14:00:06,263] [log.py:228] [log:log_response] [WARNING]- Not Found: /media/DeviceLNV/Zaihuo/1179.jpg
[2026-09-17 14:00:06,265] [basehttp.py:154] [basehttp:log_message] [WARNING]- "GET /media/DeviceLNV/Device/1179.jpg HTTP/1.1" 404 1803
[2026-09-17 14:00:06,267] [basehttp.py:154] [basehttp:log_message] [WARNING]- "GET /media/DeviceLNV/Zaihuo/1179.jpg HTTP/1.1" 404 1803
[2026-09-17 14:00:06,276] [log.py:228] [log:log_response] [WARNING]- Not Found: /media/DeviceLNV/Device/321.jpg
[2026-09-17 14:00:06,286] [basehttp.py:154] [basehttp:log_message] [WARNING]- "GET /media/DeviceLNV/Device/321.jpg HTTP/1.1" 404 1800
[2026-09-17 14:00:06,288] [log.py:228] [log:log_response] [WARNING]- Not Found: /media/DeviceLNV/Zaihuo/321.jpg
[2026-09-17 14:00:06,293] [basehttp.py:154] [basehttp:log_message] [WARNING]- "GET /media/DeviceLNV/Zaihuo/321.jpg HTTP/1.1" 404 1800
[2026-09-17 14:00:06,298] [log.py:228] [log:log_response] [WARNING]- Not Found: /media/DeviceLNV/Device/283.jpg
[2026-09-17 14:00:06,304] [log.py:228] [log:log_response] [WARNING]- Not Found: /media/DeviceLNV/Zaihuo/283.jpg
[2026-09-17 14:00:06,307] [basehttp.py:154] [basehttp:log_message] [WARNING]- "GET /media/DeviceLNV/Device/283.jpg HTTP/1.1" 404 1800
[2026-09-17 14:00:06,313] [basehttp.py:154] [basehttp:log_message] [WARNING]- "GET /media/DeviceLNV/Zaihuo/283.jpg HTTP/1.1" 404 1800
[2026-09-17 14:00:06,318] [log.py:228] [log:log_response] [WARNING]- Not Found: /media/DeviceLNV/Device/292.jpg
[2026-09-17 14:00:06,329] [basehttp.py:154] [basehttp:log_message] [WARNING]- "GET /media/DeviceLNV/Device/292.jpg HTTP/1.1" 404 1800
[2026-09-17 14:00:06,330] [log.py:228] [log:log_response] [WARNING]- Not Found: /media/DeviceLNV/Zaihuo/292.jpg
[2026-09-17 14:00:06,476] [basehttp.py:154] [basehttp:log_message] [WARNING]- "GET /media/DeviceLNV/Zaihuo/292.jpg HTTP/1.1" 404 1800
[2026-09-17 14:00:06,478] [log.py:228] [log:log_response] [WARNING]- Not Found: /media/DeviceLNV/Device/294.jpg
[2026-09-17 14:00:06,488] [log.py:228] [log:log_response] [WARNING]- Not Found: /media/DeviceLNV/Zaihuo/294.jpg
[2026-09-17 14:00:06,488] [basehttp.py:154] [basehttp:log_message] [WARNING]- "GET /media/DeviceLNV/Device/294.jpg HTTP/1.1" 404 1800
[2026-09-17 14:00:06,496] [basehttp.py:154] [basehttp:log_message] [WARNING]- "GET /media/DeviceLNV/Zaihuo/294.jpg HTTP/1.1" 404 1800
[2026-09-17 14:00:06,523] [log.py:228] [log:log_response] [WARNING]- Not Found: /media/DeviceLNV/Zaihuo/286.jpg
[2026-09-17 14:00:06,526] [log.py:228] [log:log_response] [WARNING]- Not Found: /media/DeviceLNV/Device/286.jpg
[2026-09-17 14:00:06,528] [basehttp.py:154] [basehttp:log_message] [WARNING]- "GET /media/DeviceLNV/Zaihuo/286.jpg HTTP/1.1" 404 1800
[2026-09-17 14:00:06,533] [basehttp.py:154] [basehttp:log_message] [WARNING]- "GET /media/DeviceLNV/Device/286.jpg HTTP/1.1" 404 1800
[2026-09-17 14:00:06,533] [log.py:228] [log:log_response] [WARNING]- Not Found: /media/DeviceLNV/Device/1550.jpg
[2026-09-17 14:00:06,547] [basehttp.py:154] [basehttp:log_message] [WARNING]- "GET /media/DeviceLNV/Device/1550.jpg HTTP/1.1" 404 1803
[2026-09-17 14:00:06,557] [log.py:228] [log:log_response] [WARNING]- Not Found: /media/DeviceLNV/Zaihuo/1550.jpg
[2026-09-17 14:00:06,564] [basehttp.py:154] [basehttp:log_message] [WARNING]- "GET /media/DeviceLNV/Zaihuo/1550.jpg HTTP/1.1" 404 1803
[2026-09-17 14:00:06,566] [log.py:228] [log:log_response] [WARNING]- Not Found: /media/DeviceLNV/Device/1551.jpg
[2026-09-17 14:00:06,572] [log.py:228] [log:log_response] [WARNING]- Not Found: /media/DeviceLNV/Zaihuo/1551.jpg
[2026-09-17 14:00:06,576] [basehttp.py:154] [basehttp:log_message] [WARNING]- "GET /media/DeviceLNV/Device/1551.jpg HTTP/1.1" 404 1803
[2026-09-17 14:00:06,579] [basehttp.py:154] [basehttp:log_message] [WARNING]- "GET /media/DeviceLNV/Zaihuo/1551.jpg HTTP/1.1" 404 1803
[2026-09-17 14:00:06,586] [log.py:228] [log:log_response] [WARNING]- Not Found: /media/DeviceLNV/Device/375.jpg
[2026-09-17 14:00:06,596] [log.py:228] [log:log_response] [WARNING]- Not Found: /media/DeviceLNV/Zaihuo/375.jpg
[2026-09-17 14:00:06,596] [basehttp.py:154] [basehttp:log_message] [WARNING]- "GET /media/DeviceLNV/Device/375.jpg HTTP/1.1" 404 1800
[2026-09-17 14:00:06,598] [basehttp.py:154] [basehttp:log_message] [WARNING]- "GET /media/DeviceLNV/Zaihuo/375.jpg HTTP/1.1" 404 1800
[2026-09-17 14:00:06,627] [log.py:228] [log:log_response] [WARNING]- Not Found: /media/DeviceLNV/Zaihuo/1553.jpg
[2026-09-17 14:00:06,631] [basehttp.py:154] [basehttp:log_message] [WARNING]- "GET /media/DeviceLNV/Zaihuo/1553.jpg HTTP/1.1" 404 1803
[2026-09-17 14:00:06,636] [log.py:228] [log:log_response] [WARNING]- Not Found: /media/DeviceLNV/Device/1553.jpg
[2026-09-17 14:00:06,643] [log.py:228] [log:log_response] [WARNING]- Not Found: /media/DeviceLNV/Device/374.jpg
[2026-09-17 14:00:06,648] [log.py:228] [log:log_response] [WARNING]- Not Found: /media/DeviceLNV/Zaihuo/374.jpg
[2026-09-17 14:00:06,648] [basehttp.py:154] [basehttp:log_message] [WARNING]- "GET /media/DeviceLNV/Device/1553.jpg HTTP/1.1" 404 1803
[2026-09-17 14:00:06,650] [basehttp.py:154] [basehttp:log_message] [WARNING]- "GET /media/DeviceLNV/Device/374.jpg HTTP/1.1" 404 1800
[2026-09-17 14:00:06,655] [log.py:228] [log:log_response] [WARNING]- Not Found: /media/DeviceLNV/Device/281.jpg
[2026-09-17 14:00:06,659] [basehttp.py:154] [basehttp:log_message] [WARNING]- "GET /media/DeviceLNV/Zaihuo/374.jpg HTTP/1.1" 404 1800
[2026-09-17 14:00:06,663] [log.py:228] [log:log_response] [WARNING]- Not Found: /media/DeviceLNV/Zaihuo/281.jpg
[2026-09-17 14:00:06,663] [basehttp.py:154] [basehttp:log_message] [WARNING]- "GET /media/DeviceLNV/Device/281.jpg HTTP/1.1" 404 1800
[2026-09-17 14:00:06,677] [basehttp.py:154] [basehttp:log_message] [WARNING]- "GET /media/DeviceLNV/Zaihuo/281.jpg HTTP/1.1" 404 1800
[2026-09-17 14:00:06,705] [log.py:228] [log:log_response] [WARNING]- Not Found: /media/DeviceLNV/Device/289.jpg
[2026-09-17 14:00:06,719] [log.py:228] [log:log_response] [WARNING]- Not Found: /media/DeviceLNV/Device/1044.jpg
[2026-09-17 14:00:06,721] [log.py:228] [log:log_response] [WARNING]- Not Found: /media/DeviceLNV/Zaihuo/1044.jpg
[2026-09-17 14:00:06,724] [basehttp.py:154] [basehttp:log_message] [WARNING]- "GET /media/DeviceLNV/Device/1044.jpg HTTP/1.1" 404 1803
[2026-09-17 14:00:06,724] [basehttp.py:154] [basehttp:log_message] [WARNING]- "GET /media/DeviceLNV/Device/289.jpg HTTP/1.1" 404 1800
[2026-09-17 14:00:06,724] [log.py:228] [log:log_response] [WARNING]- Not Found: /media/DeviceLNV/Zaihuo/289.jpg
[2026-09-17 14:00:06,725] [basehttp.py:154] [basehttp:log_message] [WARNING]- "GET /media/DeviceLNV/Zaihuo/1044.jpg HTTP/1.1" 404 1803
[2026-09-17 14:00:06,729] [log.py:228] [log:log_response] [WARNING]- Not Found: /media/DeviceLNV/Zaihuo/373.jpg
[2026-09-17 14:00:06,739] [basehttp.py:154] [basehttp:log_message] [WARNING]- "GET /media/DeviceLNV/Zaihuo/289.jpg HTTP/1.1" 404 1800
[2026-09-17 14:00:06,743] [log.py:228] [log:log_response] [WARNING]- Not Found: /media/DeviceLNV/Device/373.jpg
[2026-09-17 14:00:06,745] [basehttp.py:154] [basehttp:log_message] [WARNING]- "GET /media/DeviceLNV/Zaihuo/373.jpg HTTP/1.1" 404 1800
[2026-09-17 14:00:06,754] [basehttp.py:154] [basehttp:log_message] [WARNING]- "GET /media/DeviceLNV/Device/373.jpg HTTP/1.1" 404 1800
[2026-09-17 14:00:06,795] [log.py:228] [log:log_response] [WARNING]- Not Found: /media/DeviceLNV/Device/1512.jpg
[2026-09-17 14:00:06,796] [log.py:228] [log:log_response] [WARNING]- Not Found: /media/DeviceLNV/Zaihuo/1512.jpg
[2026-09-17 14:00:06,799] [log.py:228] [log:log_response] [WARNING]- Not Found: /media/DeviceLNV/Device/1461.jpg
[2026-09-17 14:00:06,803] [basehttp.py:154] [basehttp:log_message] [WARNING]- "GET /media/DeviceLNV/Device/1512.jpg HTTP/1.1" 404 1803
[2026-09-17 14:00:06,806] [basehttp.py:154] [basehttp:log_message] [WARNING]- "GET /media/DeviceLNV/Zaihuo/1512.jpg HTTP/1.1" 404 1803
[2026-09-17 14:00:06,809] [basehttp.py:154] [basehttp:log_message] [WARNING]- "GET /media/DeviceLNV/Device/1461.jpg HTTP/1.1" 404 1803
[2026-09-17 14:00:06,810] [log.py:228] [log:log_response] [WARNING]- Not Found: /media/DeviceLNV/Device/2047.jpg
[2026-09-17 14:00:06,816] [log.py:228] [log:log_response] [WARNING]- Not Found: /media/DeviceLNV/Zaihuo/1461.jpg
[2026-09-17 14:00:06,822] [basehttp.py:154] [basehttp:log_message] [WARNING]- "GET /media/DeviceLNV/Device/2047.jpg HTTP/1.1" 404 1803
[2026-09-17 14:00:06,825] [log.py:228] [log:log_response] [WARNING]- Not Found: /media/DeviceLNV/Zaihuo/2047.jpg
[2026-09-17 14:00:06,828] [basehttp.py:154] [basehttp:log_message] [WARNING]- "GET /media/DeviceLNV/Zaihuo/1461.jpg HTTP/1.1" 404 1803
[2026-09-17 14:00:06,833] [basehttp.py:154] [basehttp:log_message] [WARNING]- "GET /media/DeviceLNV/Zaihuo/2047.jpg HTTP/1.1" 404 1803
[2026-09-17 14:00:06,858] [log.py:228] [log:log_response] [WARNING]- Not Found: /media/DeviceLNV/Zaihuo/338.jpg
[2026-09-17 14:00:06,863] [log.py:228] [log:log_response] [WARNING]- Not Found: /media/DeviceLNV/Device/339.jpg
[2026-09-17 14:00:06,864] [basehttp.py:154] [basehttp:log_message] [WARNING]- "GET /media/DeviceLNV/Zaihuo/338.jpg HTTP/1.1" 404 1800
[2026-09-17 14:00:06,866] [log.py:228] [log:log_response] [WARNING]- Not Found: /media/DeviceLNV/Device/338.jpg
[2026-09-17 14:00:06,869] [log.py:228] [log:log_response] [WARNING]- Not Found: /media/DeviceLNV/Device/340.jpg
[2026-09-17 14:00:06,869] [basehttp.py:154] [basehttp:log_message] [WARNING]- "GET /media/DeviceLNV/Device/339.jpg HTTP/1.1" 404 1800
[2026-09-17 14:00:06,871] [basehttp.py:154] [basehttp:log_message] [WARNING]- "GET /media/DeviceLNV/Device/338.jpg HTTP/1.1" 404 1800
[2026-09-17 14:00:06,879] [log.py:228] [log:log_response] [WARNING]- Not Found: /media/DeviceLNV/Zaihuo/340.jpg
[2026-09-17 14:00:06,879] [basehttp.py:154] [basehttp:log_message] [WARNING]- "GET /media/DeviceLNV/Device/340.jpg HTTP/1.1" 404 1800
[2026-09-17 14:00:06,885] [log.py:228] [log:log_response] [WARNING]- Not Found: /media/DeviceLNV/Zaihuo/339.jpg
[2026-09-17 14:00:06,885] [basehttp.py:154] [basehttp:log_message] [WARNING]- "GET /media/DeviceLNV/Zaihuo/340.jpg HTTP/1.1" 404 1800
[2026-09-17 14:00:06,895] [basehttp.py:154] [basehttp:log_message] [WARNING]- "GET /media/DeviceLNV/Zaihuo/339.jpg HTTP/1.1" 404 1800
[2026-09-17 14:00:06,919] [log.py:228] [log:log_response] [WARNING]- Not Found: /media/DeviceLNV/Zaihuo/1552.jpg
[2026-09-17 14:00:06,922] [log.py:228] [log:log_response] [WARNING]- Not Found: /media/DeviceLNV/Device/1552.jpg
[2026-09-17 14:00:06,924] [basehttp.py:154] [basehttp:log_message] [WARNING]- "GET /media/DeviceLNV/Zaihuo/1552.jpg HTTP/1.1" 404 1803
[2026-09-17 14:00:06,927] [log.py:228] [log:log_response] [WARNING]- Not Found: /media/DeviceLNV/Device/282.jpg
[2026-09-17 14:00:06,927] [basehttp.py:154] [basehttp:log_message] [WARNING]- "GET /media/DeviceLNV/Device/1552.jpg HTTP/1.1" 404 1803
[2026-09-17 14:00:06,935] [basehttp.py:154] [basehttp:log_message] [WARNING]- "GET /media/DeviceLNV/Device/282.jpg HTTP/1.1" 404 1800
[2026-09-17 14:00:06,936] [log.py:228] [log:log_response] [WARNING]- Not Found: /media/DeviceLNV/Device/304.jpg
[2026-09-17 14:00:06,937] [basehttp.py:154] [basehttp:log_message] [WARNING]- "GET /media/DeviceLNV/Device/304.jpg HTTP/1.1" 404 1800
[2026-09-17 14:00:06,941] [log.py:228] [log:log_response] [WARNING]- Not Found: /media/DeviceLNV/Zaihuo/282.jpg
[2026-09-17 14:00:06,941] [log.py:228] [log:log_response] [WARNING]- Not Found: /media/DeviceLNV/Zaihuo/304.jpg
[2026-09-17 14:00:06,943] [basehttp.py:154] [basehttp:log_message] [WARNING]- "GET /media/DeviceLNV/Zaihuo/282.jpg HTTP/1.1" 404 1800
[2026-09-17 14:00:06,943] [basehttp.py:154] [basehttp:log_message] [WARNING]- "GET /media/DeviceLNV/Zaihuo/304.jpg HTTP/1.1" 404 1800
[2026-09-17 14:00:43,001] [UserIP.py:88] [UserIP:process_response] [INFO]- 2026-09-17 14:00:43: C1010S3/AnonymousUser/Cao.Edwin> None/EDWIN/bxbei > 127.0.0.1/127.0.0.1 > <WSGIRequest: POST '/DeviceLNV/M_edit/'>
[2026-09-17 14:00:43,024] [basehttp.py:154] [basehttp:log_message] [INFO]- "POST /DeviceLNV/M_edit/ HTTP/1.1" 200 2487786
[2026-09-17 14:00:44,362] [basehttp.py:154] [basehttp:log_message] [INFO]- "GET /.well-known/appspecific/com.chrome.devtools.json HTTP/1.1" 200 38274
[2026-09-17 14:00:44,562] [basehttp.py:154] [basehttp:log_message] [WARNING]- "GET /static/js/lib/bootstrap.min.js.map HTTP/1.1" 404 1806
[2026-09-17 14:00:44,567] [basehttp.py:154] [basehttp:log_message] [WARNING]- "GET /static/js/axios.min.map HTTP/1.1" 404 1773
[2026-09-17 14:00:44,567] [basehttp.py:154] [basehttp:log_message] [WARNING]- "GET /static/js/xlsx/FileSaver.min.js.map HTTP/1.1" 404 1809
[2026-09-17 14:00:44,591] [basehttp.py:154] [basehttp:log_message] [WARNING]- "GET /static/css/bootstrap.min.css.map HTTP/1.1" 404 1800
[2026-09-17 14:01:29,262] [basehttp.py:154] [basehttp:log_message] [INFO]- "GET /DeviceLNV/BorrowedDeviceLNV/ HTTP/1.1" 200 78234
[2026-09-17 14:01:29,365] [basehttp.py:154] [basehttp:log_message] [INFO]- "GET /.well-known/appspecific/com.chrome.devtools.json HTTP/1.1" 200 38274
[2026-09-17 14:01:29,410] [basehttp.py:154] [basehttp:log_message] [WARNING]- "GET /static/css/bootstrap.min.css.map HTTP/1.1" 404 1800
[2026-09-17 14:01:29,418] [basehttp.py:154] [basehttp:log_message] [WARNING]- "GET /static/js/lib/bootstrap.min.js.map HTTP/1.1" 404 1806
[2026-09-17 14:01:29,591] [basehttp.py:154] [basehttp:log_message] [WARNING]- "GET /static/js/axios.min.map HTTP/1.1" 404 1773
[2026-09-17 14:01:29,596] [basehttp.py:154] [basehttp:log_message] [WARNING]- "GET /static/js/xlsx/FileSaver.min.js.map HTTP/1.1" 404 1809
[2026-09-17 14:01:29,842] [basehttp.py:154] [basehttp:log_message] [INFO]- "GET /favicon.ico HTTP/1.1" 200 38274
[2026-09-17 14:01:30,975] [UserIP.py:88] [UserIP:process_response] [INFO]- 2026-09-17 14:01:30: C1010S3/AnonymousUser/Cao.Edwin> None/EDWIN/bxbei > 127.0.0.1/127.0.0.1 > <WSGIRequest: POST '/DeviceLNV/BorrowedDeviceLNV/'>
[2026-09-17 14:01:30,997] [basehttp.py:154] [basehttp:log_message] [INFO]- "POST /DeviceLNV/BorrowedDeviceLNV/ HTTP/1.1" 200 2147288
[2026-09-17 14:01:31,306] [log.py:228] [log:log_response] [WARNING]- Not Found: /media/DeviceLNV/Device/2260.jpg
[2026-09-17 14:01:31,310] [basehttp.py:154] [basehttp:log_message] [WARNING]- "GET /media/DeviceLNV/Device/2260.jpg HTTP/1.1" 404 1803
[2026-09-17 14:01:31,310] [log.py:228] [log:log_response] [WARNING]- Not Found: /media/DeviceLNV/Device/233.jpg
[2026-09-17 14:01:31,315] [log.py:228] [log:log_response] [WARNING]- Not Found: /media/DeviceLNV/Device/2214.jpg
[2026-09-17 14:01:31,316] [basehttp.py:154] [basehttp:log_message] [WARNING]- "GET /media/DeviceLNV/Device/233.jpg HTTP/1.1" 404 1800
[2026-09-17 14:01:31,320] [basehttp.py:154] [basehttp:log_message] [WARNING]- "GET /media/DeviceLNV/Device/2214.jpg HTTP/1.1" 404 1803
[2026-09-17 14:01:31,323] [log.py:228] [log:log_response] [WARNING]- Not Found: /media/DeviceLNV/Device/1462.jpg
[2026-09-17 14:01:31,329] [log.py:228] [log:log_response] [WARNING]- Not Found: /media/DeviceLNV/Device/244.jpg
[2026-09-17 14:01:31,329] [basehttp.py:154] [basehttp:log_message] [WARNING]- "GET /media/DeviceLNV/Device/1462.jpg HTTP/1.1" 404 1803
[2026-09-17 14:01:31,334] [log.py:228] [log:log_response] [WARNING]- Not Found: /media/DeviceLNV/Device/2218.jpg
[2026-09-17 14:01:31,335] [basehttp.py:154] [basehttp:log_message] [WARNING]- "GET /media/DeviceLNV/Device/244.jpg HTTP/1.1" 404 1800
[2026-09-17 14:01:31,341] [basehttp.py:154] [basehttp:log_message] [WARNING]- "GET /media/DeviceLNV/Device/2218.jpg HTTP/1.1" 404 1803
[2026-09-17 14:01:31,355] [log.py:228] [log:log_response] [WARNING]- Not Found: /media/DeviceLNV/Device/253.jpg
[2026-09-17 14:01:31,361] [basehttp.py:154] [basehttp:log_message] [WARNING]- "GET /media/DeviceLNV/Device/253.jpg HTTP/1.1" 404 1800
[2026-09-17 14:01:31,368] [log.py:228] [log:log_response] [WARNING]- Not Found: /media/DeviceLNV/Device/261.jpg
[2026-09-17 14:01:31,375] [basehttp.py:154] [basehttp:log_message] [WARNING]- "GET /media/DeviceLNV/Device/261.jpg HTTP/1.1" 404 1800
[2026-09-17 14:01:31,381] [log.py:228] [log:log_response] [WARNING]- Not Found: /media/DeviceLNV/Device/262.jpg
[2026-09-17 14:01:31,386] [log.py:228] [log:log_response] [WARNING]- Not Found: /media/DeviceLNV/Device/268.jpg
[2026-09-17 14:01:31,388] [basehttp.py:154] [basehttp:log_message] [WARNING]- "GET /media/DeviceLNV/Device/262.jpg HTTP/1.1" 404 1800
[2026-09-17 14:01:31,390] [basehttp.py:154] [basehttp:log_message] [WARNING]- "GET /media/DeviceLNV/Device/268.jpg HTTP/1.1" 404 1800
[2026-09-17 14:01:31,391] [log.py:228] [log:log_response] [WARNING]- Not Found: /media/DeviceLNV/Device/266.jpg
[2026-09-17 14:01:31,401] [basehttp.py:154] [basehttp:log_message] [WARNING]- "GET /media/DeviceLNV/Device/266.jpg HTTP/1.1" 404 1800
[2026-09-17 14:01:31,414] [log.py:228] [log:log_response] [WARNING]- Not Found: /media/DeviceLNV/Device/269.jpg
[2026-09-17 14:01:31,418] [basehttp.py:154] [basehttp:log_message] [WARNING]- "GET /media/DeviceLNV/Device/269.jpg HTTP/1.1" 404 1800
[2026-09-17 14:01:31,420] [log.py:228] [log:log_response] [WARNING]- Not Found: /media/DeviceLNV/Device/267.jpg
[2026-09-17 14:01:31,432] [basehttp.py:154] [basehttp:log_message] [WARNING]- "GET /media/DeviceLNV/Device/267.jpg HTTP/1.1" 404 1800
[2026-09-17 14:01:31,435] [log.py:228] [log:log_response] [WARNING]- Not Found: /media/DeviceLNV/Device/2098.jpg
[2026-09-17 14:01:31,439] [log.py:228] [log:log_response] [WARNING]- Not Found: /media/DeviceLNV/Device/1292.jpg
[2026-09-17 14:01:31,445] [basehttp.py:154] [basehttp:log_message] [WARNING]- "GET /media/DeviceLNV/Device/1292.jpg HTTP/1.1" 404 1803
[2026-09-17 14:01:31,445] [basehttp.py:154] [basehttp:log_message] [WARNING]- "GET /media/DeviceLNV/Device/2098.jpg HTTP/1.1" 404 1803
[2026-09-17 14:01:31,447] [log.py:228] [log:log_response] [WARNING]- Not Found: /media/DeviceLNV/Device/209.jpg
[2026-09-17 14:01:31,458] [basehttp.py:154] [basehttp:log_message] [WARNING]- "GET /media/DeviceLNV/Device/209.jpg HTTP/1.1" 404 1800
[2026-09-17 14:01:31,459] [log.py:228] [log:log_response] [WARNING]- Not Found: /media/DeviceLNV/Device/264.jpg
[2026-09-17 14:01:31,477] [log.py:228] [log:log_response] [WARNING]- Not Found: /media/DeviceLNV/Device/228.jpg
[2026-09-17 14:01:31,478] [basehttp.py:154] [basehttp:log_message] [WARNING]- "GET /media/DeviceLNV/Device/228.jpg HTTP/1.1" 404 1800
[2026-09-17 14:01:31,478] [basehttp.py:154] [basehttp:log_message] [WARNING]- "GET /media/DeviceLNV/Device/264.jpg HTTP/1.1" 404 1800
[2026-09-17 14:01:31,501] [log.py:228] [log:log_response] [WARNING]- Not Found: /media/DeviceLNV/Device/214.jpg
[2026-09-17 14:01:31,506] [basehttp.py:154] [basehttp:log_message] [WARNING]- "GET /media/DeviceLNV/Device/214.jpg HTTP/1.1" 404 1800
[2026-09-17 14:01:31,518] [log.py:228] [log:log_response] [WARNING]- Not Found: /media/DeviceLNV/Device/2050.jpg
[2026-09-17 14:01:31,524] [basehttp.py:154] [basehttp:log_message] [WARNING]- "GET /media/DeviceLNV/Device/2050.jpg HTTP/1.1" 404 1803
[2026-09-17 14:01:31,525] [log.py:228] [log:log_response] [WARNING]- Not Found: /media/DeviceLNV/Device/2049.jpg
[2026-09-17 14:01:31,530] [log.py:228] [log:log_response] [WARNING]- Not Found: /media/DeviceLNV/Device/1298.jpg
[2026-09-17 14:01:31,530] [basehttp.py:154] [basehttp:log_message] [WARNING]- "GET /media/DeviceLNV/Device/2049.jpg HTTP/1.1" 404 1803
[2026-09-17 14:01:31,534] [log.py:228] [log:log_response] [WARNING]- Not Found: /media/DeviceLNV/Device/259.jpg
[2026-09-17 14:01:31,535] [basehttp.py:154] [basehttp:log_message] [WARNING]- "GET /media/DeviceLNV/Device/1298.jpg HTTP/1.1" 404 1803
[2026-09-17 14:01:31,545] [basehttp.py:154] [basehttp:log_message] [WARNING]- "GET /media/DeviceLNV/Device/259.jpg HTTP/1.1" 404 1800
[2026-09-17 14:01:31,553] [log.py:228] [log:log_response] [WARNING]- Not Found: /media/DeviceLNV/Device/1301.jpg
[2026-09-17 14:01:31,559] [log.py:228] [log:log_response] [WARNING]- Not Found: /media/DeviceLNV/Device/260.jpg
[2026-09-17 14:01:31,567] [basehttp.py:154] [basehttp:log_message] [WARNING]- "GET /media/DeviceLNV/Device/1301.jpg HTTP/1.1" 404 1803
[2026-09-17 14:01:31,567] [basehttp.py:154] [basehttp:log_message] [WARNING]- "GET /media/DeviceLNV/Device/260.jpg HTTP/1.1" 404 1800
[2026-09-17 14:01:31,575] [log.py:228] [log:log_response] [WARNING]- Not Found: /media/DeviceLNV/Device/1383.jpg
[2026-09-17 14:01:31,588] [basehttp.py:154] [basehttp:log_message] [WARNING]- "GET /media/DeviceLNV/Device/1383.jpg HTTP/1.1" 404 1803
[2026-09-17 14:01:31,601] [log.py:228] [log:log_response] [WARNING]- Not Found: /media/DeviceLNV/Device/1296.jpg
[2026-09-17 14:01:31,605] [log.py:228] [log:log_response] [WARNING]- Not Found: /media/DeviceLNV/Device/1294.jpg
[2026-09-17 14:01:31,612] [basehttp.py:154] [basehttp:log_message] [WARNING]- "GET /media/DeviceLNV/Device/1296.jpg HTTP/1.1" 404 1803
[2026-09-17 14:01:31,617] [log.py:228] [log:log_response] [WARNING]- Not Found: /media/DeviceLNV/Device/1297.jpg
[2026-09-17 14:01:31,618] [basehttp.py:154] [basehttp:log_message] [WARNING]- "GET /media/DeviceLNV/Device/1294.jpg HTTP/1.1" 404 1803
[2026-09-17 14:01:31,625] [basehttp.py:154] [basehttp:log_message] [WARNING]- "GET /media/DeviceLNV/Device/1297.jpg HTTP/1.1" 404 1803
[2026-09-17 14:01:31,627] [log.py:228] [log:log_response] [WARNING]- Not Found: /media/DeviceLNV/Device/1302.jpg
[2026-09-17 14:01:31,633] [log.py:228] [log:log_response] [WARNING]- Not Found: /media/DeviceLNV/Device/223.jpg
[2026-09-17 14:01:31,635] [basehttp.py:154] [basehttp:log_message] [WARNING]- "GET /media/DeviceLNV/Device/1302.jpg HTTP/1.1" 404 1803
[2026-09-17 14:01:31,637] [log.py:228] [log:log_response] [WARNING]- Not Found: /media/DeviceLNV/Device/1934.jpg
[2026-09-17 14:01:31,642] [basehttp.py:154] [basehttp:log_message] [WARNING]- "GET /media/DeviceLNV/Device/223.jpg HTTP/1.1" 404 1800
[2026-09-17 14:01:31,649] [basehttp.py:154] [basehttp:log_message] [WARNING]- "GET /media/DeviceLNV/Device/1934.jpg HTTP/1.1" 404 1803
[2026-09-17 14:01:31,674] [log.py:228] [log:log_response] [WARNING]- Not Found: /media/DeviceLNV/Device/2220.jpg
[2026-09-17 14:01:31,679] [log.py:228] [log:log_response] [WARNING]- Not Found: /media/DeviceLNV/Device/1460.jpg
[2026-09-17 14:01:31,680] [basehttp.py:154] [basehttp:log_message] [WARNING]- "GET /media/DeviceLNV/Device/2220.jpg HTTP/1.1" 404 1803
[2026-09-17 14:01:31,685] [basehttp.py:154] [basehttp:log_message] [WARNING]- "GET /media/DeviceLNV/Device/1460.jpg HTTP/1.1" 404 1803
[2026-09-17 14:01:31,687] [log.py:228] [log:log_response] [WARNING]- Not Found: /media/DeviceLNV/Device/242.jpg
[2026-09-17 14:01:31,703] [basehttp.py:154] [basehttp:log_message] [WARNING]- "GET /media/DeviceLNV/Device/242.jpg HTTP/1.1" 404 1800
[2026-09-17 14:01:31,711] [log.py:228] [log:log_response] [WARNING]- Not Found: /media/DeviceLNV/Device/248.jpg
[2026-09-17 14:01:31,712] [log.py:228] [log:log_response] [WARNING]- Not Found: /media/DeviceLNV/Device/246.jpg
[2026-09-17 14:01:31,718] [log.py:228] [log:log_response] [WARNING]- Not Found: /media/DeviceLNV/Device/251.jpg
[2026-09-17 14:01:31,724] [basehttp.py:154] [basehttp:log_message] [WARNING]- "GET /media/DeviceLNV/Device/246.jpg HTTP/1.1" 404 1800
[2026-09-17 14:01:31,726] [basehttp.py:154] [basehttp:log_message] [WARNING]- "GET /media/DeviceLNV/Device/248.jpg HTTP/1.1" 404 1800
[2026-09-17 14:01:31,737] [basehttp.py:154] [basehttp:log_message] [WARNING]- "GET /media/DeviceLNV/Device/251.jpg HTTP/1.1" 404 1800
[2026-09-17 14:01:31,769] [log.py:228] [log:log_response] [WARNING]- Not Found: /media/DeviceLNV/Device/252.jpg
[2026-09-17 14:01:31,777] [log.py:228] [log:log_response] [WARNING]- Not Found: /media/DeviceLNV/Device/243.jpg
[2026-09-17 14:01:31,778] [basehttp.py:154] [basehttp:log_message] [WARNING]- "GET /media/DeviceLNV/Device/252.jpg HTTP/1.1" 404 1800
[2026-09-17 14:01:31,782] [basehttp.py:154] [basehttp:log_message] [WARNING]- "GET /media/DeviceLNV/Device/243.jpg HTTP/1.1" 404 1800
[2026-09-17 14:01:31,788] [log.py:228] [log:log_response] [WARNING]- Not Found: /media/DeviceLNV/Device/250.jpg
[2026-09-17 14:01:31,791] [basehttp.py:154] [basehttp:log_message] [WARNING]- "GET /media/DeviceLNV/Device/250.jpg HTTP/1.1" 404 1800
[2026-09-17 14:01:31,797] [log.py:228] [log:log_response] [WARNING]- Not Found: /media/DeviceLNV/Device/334.jpg
[2026-09-17 14:01:31,803] [basehttp.py:154] [basehttp:log_message] [WARNING]- "GET /media/DeviceLNV/Device/334.jpg HTTP/1.1" 404 1800
[2026-09-17 14:01:31,811] [log.py:228] [log:log_response] [WARNING]- Not Found: /media/DeviceLNV/Device/1065.jpg
[2026-09-17 14:01:31,816] [basehttp.py:154] [basehttp:log_message] [WARNING]- "GET /media/DeviceLNV/Device/1065.jpg HTTP/1.1" 404 1803
[2026-09-17 14:01:31,824] [log.py:228] [log:log_response] [WARNING]- Not Found: /media/DeviceLNV/Device/254.jpg
[2026-09-17 14:01:31,827] [log.py:228] [log:log_response] [WARNING]- Not Found: /media/DeviceLNV/Device/316.jpg
[2026-09-17 14:01:31,834] [basehttp.py:154] [basehttp:log_message] [WARNING]- "GET /media/DeviceLNV/Device/254.jpg HTTP/1.1" 404 1800
[2026-09-17 14:01:31,835] [basehttp.py:154] [basehttp:log_message] [WARNING]- "GET /media/DeviceLNV/Device/316.jpg HTTP/1.1" 404 1800
[2026-09-17 14:01:31,838] [log.py:228] [log:log_response] [WARNING]- Not Found: /media/DeviceLNV/Device/331.jpg
[2026-09-17 14:01:31,844] [basehttp.py:154] [basehttp:log_message] [WARNING]- "GET /media/DeviceLNV/Device/331.jpg HTTP/1.1" 404 1800
[2026-09-17 14:01:31,863] [log.py:228] [log:log_response] [WARNING]- Not Found: /media/DeviceLNV/Device/1492.jpg
[2026-09-17 14:01:31,866] [log.py:228] [log:log_response] [WARNING]- Not Found: /media/DeviceLNV/Device/1046.jpg
[2026-09-17 14:01:31,868] [basehttp.py:154] [basehttp:log_message] [WARNING]- "GET /media/DeviceLNV/Device/1492.jpg HTTP/1.1" 404 1803
[2026-09-17 14:01:31,869] [basehttp.py:154] [basehttp:log_message] [WARNING]- "GET /media/DeviceLNV/Device/1046.jpg HTTP/1.1" 404 1803
[2026-09-17 14:01:31,875] [log.py:228] [log:log_response] [WARNING]- Not Found: /media/DeviceLNV/Device/317.jpg
[2026-09-17 14:01:31,880] [basehttp.py:154] [basehttp:log_message] [WARNING]- "GET /media/DeviceLNV/Device/317.jpg HTTP/1.1" 404 1800
[2026-09-17 14:01:31,892] [log.py:228] [log:log_response] [WARNING]- Not Found: /media/DeviceLNV/Device/344.jpg
[2026-09-17 14:01:31,900] [basehttp.py:154] [basehttp:log_message] [WARNING]- "GET /media/DeviceLNV/Device/344.jpg HTTP/1.1" 404 1800
[2026-09-17 14:01:31,903] [log.py:228] [log:log_response] [WARNING]- Not Found: /media/DeviceLNV/Device/322.jpg
[2026-09-17 14:01:31,913] [basehttp.py:154] [basehttp:log_message] [WARNING]- "GET /media/DeviceLNV/Device/322.jpg HTTP/1.1" 404 1800
[2026-09-17 14:01:31,922] [log.py:228] [log:log_response] [WARNING]- Not Found: /media/DeviceLNV/Device/319.jpg
[2026-09-17 14:01:31,939] [basehttp.py:154] [basehttp:log_message] [WARNING]- "GET /media/DeviceLNV/Device/319.jpg HTTP/1.1" 404 1800
[2026-09-17 14:01:31,948] [log.py:228] [log:log_response] [WARNING]- Not Found: /media/DeviceLNV/Device/345.jpg
[2026-09-17 14:01:31,959] [log.py:228] [log:log_response] [WARNING]- Not Found: /media/DeviceLNV/Device/1066.jpg
[2026-09-17 14:01:31,960] [basehttp.py:154] [basehttp:log_message] [WARNING]- "GET /media/DeviceLNV/Device/345.jpg HTTP/1.1" 404 1800
[2026-09-17 14:01:31,967] [basehttp.py:154] [basehttp:log_message] [WARNING]- "GET /media/DeviceLNV/Device/1066.jpg HTTP/1.1" 404 1803
[2026-09-17 14:01:31,971] [log.py:228] [log:log_response] [WARNING]- Not Found: /media/DeviceLNV/Device/341.jpg
[2026-09-17 14:01:31,977] [basehttp.py:154] [basehttp:log_message] [WARNING]- "GET /media/DeviceLNV/Device/341.jpg HTTP/1.1" 404 1800
[2026-09-17 14:01:31,989] [log.py:228] [log:log_response] [WARNING]- Not Found: /media/DeviceLNV/Device/332.jpg
[2026-09-17 14:01:31,995] [basehttp.py:154] [basehttp:log_message] [WARNING]- "GET /media/DeviceLNV/Device/332.jpg HTTP/1.1" 404 1800
[2026-09-17 14:01:31,996] [log.py:228] [log:log_response] [WARNING]- Not Found: /media/DeviceLNV/Device/1178.jpg
[2026-09-17 14:01:31,999] [log.py:228] [log:log_response] [WARNING]- Not Found: /media/DeviceLNV/Device/337.jpg
[2026-09-17 14:01:32,009] [basehttp.py:154] [basehttp:log_message] [WARNING]- "GET /media/DeviceLNV/Device/1178.jpg HTTP/1.1" 404 1803
[2026-09-17 14:01:32,013] [basehttp.py:154] [basehttp:log_message] [WARNING]- "GET /media/DeviceLNV/Device/337.jpg HTTP/1.1" 404 1800
[2026-09-17 14:01:32,018] [log.py:228] [log:log_response] [WARNING]- Not Found: /media/DeviceLNV/Device/326.jpg
[2026-09-17 14:01:32,029] [basehttp.py:154] [basehttp:log_message] [WARNING]- "GET /media/DeviceLNV/Device/326.jpg HTTP/1.1" 404 1800
[2026-09-17 14:01:32,036] [log.py:228] [log:log_response] [WARNING]- Not Found: /media/DeviceLNV/Device/327.jpg
[2026-09-17 14:01:32,046] [log.py:228] [log:log_response] [WARNING]- Not Found: /media/DeviceLNV/Device/324.jpg
[2026-09-17 14:01:32,047] [basehttp.py:154] [basehttp:log_message] [WARNING]- "GET /media/DeviceLNV/Device/327.jpg HTTP/1.1" 404 1800
[2026-09-17 14:01:32,050] [basehttp.py:154] [basehttp:log_message] [WARNING]- "GET /media/DeviceLNV/Device/324.jpg HTTP/1.1" 404 1800
[2026-09-17 14:01:32,053] [log.py:228] [log:log_response] [WARNING]- Not Found: /media/DeviceLNV/Device/1179.jpg
[2026-09-17 14:01:32,058] [basehttp.py:154] [basehttp:log_message] [WARNING]- "GET /media/DeviceLNV/Device/1179.jpg HTTP/1.1" 404 1803
[2026-09-17 14:01:32,064] [log.py:228] [log:log_response] [WARNING]- Not Found: /media/DeviceLNV/Device/321.jpg
[2026-09-17 14:01:32,072] [basehttp.py:154] [basehttp:log_message] [WARNING]- "GET /media/DeviceLNV/Device/321.jpg HTTP/1.1" 404 1800
[2026-09-17 14:01:32,072] [log.py:228] [log:log_response] [WARNING]- Not Found: /media/DeviceLNV/Device/283.jpg
[2026-09-17 14:01:32,078] [basehttp.py:154] [basehttp:log_message] [WARNING]- "GET /media/DeviceLNV/Device/283.jpg HTTP/1.1" 404 1800
[2026-09-17 14:01:32,085] [log.py:228] [log:log_response] [WARNING]- Not Found: /media/DeviceLNV/Device/292.jpg
[2026-09-17 14:01:32,094] [basehttp.py:154] [basehttp:log_message] [WARNING]- "GET /media/DeviceLNV/Device/292.jpg HTTP/1.1" 404 1800
[2026-09-17 14:01:32,097] [log.py:228] [log:log_response] [WARNING]- Not Found: /media/DeviceLNV/Device/294.jpg
[2026-09-17 14:01:32,106] [log.py:228] [log:log_response] [WARNING]- Not Found: /media/DeviceLNV/Device/286.jpg
[2026-09-17 14:01:32,107] [basehttp.py:154] [basehttp:log_message] [WARNING]- "GET /media/DeviceLNV/Device/294.jpg HTTP/1.1" 404 1800
[2026-09-17 14:01:32,110] [basehttp.py:154] [basehttp:log_message] [WARNING]- "GET /media/DeviceLNV/Device/286.jpg HTTP/1.1" 404 1800
[2026-09-17 14:01:32,116] [log.py:228] [log:log_response] [WARNING]- Not Found: /media/DeviceLNV/Device/1550.jpg
[2026-09-17 14:01:32,120] [log.py:228] [log:log_response] [WARNING]- Not Found: /media/DeviceLNV/Device/1551.jpg
[2026-09-17 14:01:32,128] [basehttp.py:154] [basehttp:log_message] [WARNING]- "GET /media/DeviceLNV/Device/1550.jpg HTTP/1.1" 404 1803
[2026-09-17 14:01:32,132] [basehttp.py:154] [basehttp:log_message] [WARNING]- "GET /media/DeviceLNV/Device/1551.jpg HTTP/1.1" 404 1803
[2026-09-17 14:01:32,136] [log.py:228] [log:log_response] [WARNING]- Not Found: /media/DeviceLNV/Device/375.jpg
[2026-09-17 14:01:32,139] [log.py:228] [log:log_response] [WARNING]- Not Found: /media/DeviceLNV/Device/1553.jpg
[2026-09-17 14:01:32,152] [basehttp.py:154] [basehttp:log_message] [WARNING]- "GET /media/DeviceLNV/Device/375.jpg HTTP/1.1" 404 1800
[2026-09-17 14:01:32,152] [basehttp.py:154] [basehttp:log_message] [WARNING]- "GET /media/DeviceLNV/Device/1553.jpg HTTP/1.1" 404 1803
[2026-09-17 14:01:32,159] [log.py:228] [log:log_response] [WARNING]- Not Found: /media/DeviceLNV/Device/374.jpg
[2026-09-17 14:01:32,162] [basehttp.py:154] [basehttp:log_message] [WARNING]- "GET /media/DeviceLNV/Device/374.jpg HTTP/1.1" 404 1800
[2026-09-17 14:01:32,177] [log.py:228] [log:log_response] [WARNING]- Not Found: /media/DeviceLNV/Device/281.jpg
[2026-09-17 14:01:32,187] [basehttp.py:154] [basehttp:log_message] [WARNING]- "GET /media/DeviceLNV/Device/281.jpg HTTP/1.1" 404 1800
[2026-09-17 14:01:32,187] [log.py:228] [log:log_response] [WARNING]- Not Found: /media/DeviceLNV/Device/1044.jpg
[2026-09-17 14:01:32,194] [log.py:228] [log:log_response] [WARNING]- Not Found: /media/DeviceLNV/Device/289.jpg
[2026-09-17 14:01:32,195] [basehttp.py:154] [basehttp:log_message] [WARNING]- "GET /media/DeviceLNV/Device/1044.jpg HTTP/1.1" 404 1803
[2026-09-17 14:01:32,202] [basehttp.py:154] [basehttp:log_message] [WARNING]- "GET /media/DeviceLNV/Device/289.jpg HTTP/1.1" 404 1800
[2026-09-17 14:01:32,206] [log.py:228] [log:log_response] [WARNING]- Not Found: /media/DeviceLNV/Device/1512.jpg
[2026-09-17 14:01:32,215] [basehttp.py:154] [basehttp:log_message] [WARNING]- "GET /media/DeviceLNV/Device/1512.jpg HTTP/1.1" 404 1803
[2026-09-17 14:01:32,221] [log.py:228] [log:log_response] [WARNING]- Not Found: /media/DeviceLNV/Device/373.jpg
[2026-09-17 14:01:32,227] [basehttp.py:154] [basehttp:log_message] [WARNING]- "GET /media/DeviceLNV/Device/373.jpg HTTP/1.1" 404 1800
[2026-09-17 14:01:32,238] [log.py:228] [log:log_response] [WARNING]- Not Found: /media/DeviceLNV/Device/1461.jpg
[2026-09-17 14:01:32,247] [log.py:228] [log:log_response] [WARNING]- Not Found: /media/DeviceLNV/Device/338.jpg
[2026-09-17 14:01:32,247] [basehttp.py:154] [basehttp:log_message] [WARNING]- "GET /media/DeviceLNV/Device/1461.jpg HTTP/1.1" 404 1803
[2026-09-17 14:01:32,248] [log.py:228] [log:log_response] [WARNING]- Not Found: /media/DeviceLNV/Device/2047.jpg
[2026-09-17 14:01:32,252] [basehttp.py:154] [basehttp:log_message] [WARNING]- "GET /media/DeviceLNV/Device/338.jpg HTTP/1.1" 404 1800
[2026-09-17 14:01:32,259] [log.py:228] [log:log_response] [WARNING]- Not Found: /media/DeviceLNV/Device/339.jpg
[2026-09-17 14:01:32,259] [basehttp.py:154] [basehttp:log_message] [WARNING]- "GET /media/DeviceLNV/Device/2047.jpg HTTP/1.1" 404 1803
[2026-09-17 14:01:32,263] [basehttp.py:154] [basehttp:log_message] [WARNING]- "GET /media/DeviceLNV/Device/339.jpg HTTP/1.1" 404 1800
[2026-09-17 14:01:32,271] [log.py:228] [log:log_response] [WARNING]- Not Found: /media/DeviceLNV/Device/340.jpg
[2026-09-17 14:01:32,279] [basehttp.py:154] [basehttp:log_message] [WARNING]- "GET /media/DeviceLNV/Device/340.jpg HTTP/1.1" 404 1800
[2026-09-17 14:01:32,292] [log.py:228] [log:log_response] [WARNING]- Not Found: /media/DeviceLNV/Device/1552.jpg
[2026-09-17 14:01:32,305] [basehttp.py:154] [basehttp:log_message] [WARNING]- "GET /media/DeviceLNV/Device/1552.jpg HTTP/1.1" 404 1803
[2026-09-17 14:01:32,318] [log.py:228] [log:log_response] [WARNING]- Not Found: /media/DeviceLNV/Device/282.jpg
[2026-09-17 14:01:32,333] [basehttp.py:154] [basehttp:log_message] [WARNING]- "GET /media/DeviceLNV/Device/282.jpg HTTP/1.1" 404 1800
[2026-09-17 14:01:32,335] [log.py:228] [log:log_response] [WARNING]- Not Found: /media/DeviceLNV/Device/304.jpg
[2026-09-17 14:01:32,338] [log.py:228] [log:log_response] [WARNING]- Not Found: /media/DeviceLNV/Device/307.jpg
[2026-09-17 14:01:32,341] [basehttp.py:154] [basehttp:log_message] [WARNING]- "GET /media/DeviceLNV/Device/304.jpg HTTP/1.1" 404 1800
[2026-09-17 14:01:32,349] [basehttp.py:154] [basehttp:log_message] [WARNING]- "GET /media/DeviceLNV/Device/307.jpg HTTP/1.1" 404 1800
[2026-09-17 14:01:32,352] [log.py:228] [log:log_response] [WARNING]- Not Found: /media/DeviceLNV/Device/299.jpg
[2026-09-17 14:01:32,358] [log.py:228] [log:log_response] [WARNING]- Not Found: /media/DeviceLNV/Device/370.jpg
[2026-09-17 14:01:32,361] [basehttp.py:154] [basehttp:log_message] [WARNING]- "GET /media/DeviceLNV/Device/299.jpg HTTP/1.1" 404 1800
[2026-09-17 14:01:32,370] [basehttp.py:154] [basehttp:log_message] [WARNING]- "GET /media/DeviceLNV/Device/370.jpg HTTP/1.1" 404 1800
[2026-09-17 14:01:32,378] [log.py:228] [log:log_response] [WARNING]- Not Found: /media/DeviceLNV/Device/290.jpg
[2026-09-17 14:01:32,386] [basehttp.py:154] [basehttp:log_message] [WARNING]- "GET /media/DeviceLNV/Device/290.jpg HTTP/1.1" 404 1800
[2026-09-17 14:01:32,389] [log.py:228] [log:log_response] [WARNING]- Not Found: /media/DeviceLNV/Device/291.jpg
[2026-09-17 14:01:32,396] [basehttp.py:154] [basehttp:log_message] [WARNING]- "GET /media/DeviceLNV/Device/291.jpg HTTP/1.1" 404 1800
[2026-09-17 14:01:32,399] [log.py:228] [log:log_response] [WARNING]- Not Found: /media/DeviceLNV/Device/296.jpg
[2026-09-17 14:01:32,408] [log.py:228] [log:log_response] [WARNING]- Not Found: /media/DeviceLNV/Device/1177.jpg
[2026-09-17 14:01:32,408] [basehttp.py:154] [basehttp:log_message] [WARNING]- "GET /media/DeviceLNV/Device/296.jpg HTTP/1.1" 404 1800
[2026-09-17 14:01:32,417] [log.py:228] [log:log_response] [WARNING]- Not Found: /media/DeviceLNV/Device/288.jpg
[2026-09-17 14:01:32,418] [basehttp.py:154] [basehttp:log_message] [WARNING]- "GET /media/DeviceLNV/Device/1177.jpg HTTP/1.1" 404 1803
[2026-09-17 14:01:32,422] [basehttp.py:154] [basehttp:log_message] [WARNING]- "GET /media/DeviceLNV/Device/288.jpg HTTP/1.1" 404 1800
[2026-09-17 14:01:32,427] [log.py:228] [log:log_response] [WARNING]- Not Found: /media/DeviceLNV/Device/305.jpg
[2026-09-17 14:01:32,433] [basehttp.py:154] [basehttp:log_message] [WARNING]- "GET /media/DeviceLNV/Device/305.jpg HTTP/1.1" 404 1800
[2026-09-17 14:01:32,441] [log.py:228] [log:log_response] [WARNING]- Not Found: /media/DeviceLNV/Device/2128.jpg
[2026-09-17 14:01:32,446] [basehttp.py:154] [basehttp:log_message] [WARNING]- "GET /media/DeviceLNV/Device/2128.jpg HTTP/1.1" 404 1803
[2026-09-17 14:01:32,449] [log.py:228] [log:log_response] [WARNING]- Not Found: /media/DeviceLNV/Device/2129.jpg
[2026-09-17 14:01:32,454] [basehttp.py:154] [basehttp:log_message] [WARNING]- "GET /media/DeviceLNV/Device/2129.jpg HTTP/1.1" 404 1803
[2026-09-17 14:01:32,458] [log.py:228] [log:log_response] [WARNING]- Not Found: /media/DeviceLNV/Device/287.jpg
[2026-09-17 14:01:32,459] [basehttp.py:154] [basehttp:log_message] [WARNING]- "GET /media/DeviceLNV/Device/287.jpg HTTP/1.1" 404 1800
[2026-09-17 14:01:32,466] [log.py:228] [log:log_response] [WARNING]- Not Found: /media/DeviceLNV/Device/295.jpg
[2026-09-17 14:01:32,467] [basehttp.py:154] [basehttp:log_message] [WARNING]- "GET /media/DeviceLNV/Device/295.jpg HTTP/1.1" 404 1800
[2026-09-17 14:01:40,002] [log.py:228] [log:log_response] [WARNING]- Not Found: /media/DeviceLNV/Device/904.jpg
[2026-09-17 14:01:40,006] [log.py:228] [log:log_response] [WARNING]- Not Found: /media/DeviceLNV/Device/2470.jpg
[2026-09-17 14:01:40,007] [basehttp.py:154] [basehttp:log_message] [WARNING]- "GET /media/DeviceLNV/Device/904.jpg HTTP/1.1" 404 1800
[2026-09-17 14:01:40,008] [basehttp.py:154] [basehttp:log_message] [WARNING]- "GET /media/DeviceLNV/Device/2470.jpg HTTP/1.1" 404 1803
[2026-09-17 14:01:40,011] [log.py:228] [log:log_response] [WARNING]- Not Found: /media/DeviceLNV/Device/2133.jpg
[2026-09-17 14:01:40,016] [basehttp.py:154] [basehttp:log_message] [WARNING]- "GET /media/DeviceLNV/Device/2133.jpg HTTP/1.1" 404 1803
[2026-09-17 14:01:40,019] [log.py:228] [log:log_response] [WARNING]- Not Found: /media/DeviceLNV/Device/1247.jpg
[2026-09-17 14:01:40,023] [basehttp.py:154] [basehttp:log_message] [WARNING]- "GET /media/DeviceLNV/Device/1247.jpg HTTP/1.1" 404 1803
[2026-09-17 14:01:40,024] [log.py:228] [log:log_response] [WARNING]- Not Found: /media/DeviceLNV/Device/2247.jpg
[2026-09-17 14:01:40,028] [log.py:228] [log:log_response] [WARNING]- Not Found: /media/DeviceLNV/Device/2471.jpg
[2026-09-17 14:01:40,033] [basehttp.py:154] [basehttp:log_message] [WARNING]- "GET /media/DeviceLNV/Device/2247.jpg HTTP/1.1" 404 1803
[2026-09-17 14:01:40,034] [basehttp.py:154] [basehttp:log_message] [WARNING]- "GET /media/DeviceLNV/Device/2471.jpg HTTP/1.1" 404 1803
[2026-09-17 14:01:40,044] [log.py:228] [log:log_response] [WARNING]- Not Found: /media/DeviceLNV/Device/2473.jpg
[2026-09-17 14:01:40,050] [log.py:228] [log:log_response] [WARNING]- Not Found: /media/DeviceLNV/Device/2472.jpg
[2026-09-17 14:01:40,053] [basehttp.py:154] [basehttp:log_message] [WARNING]- "GET /media/DeviceLNV/Device/2473.jpg HTTP/1.1" 404 1803
[2026-09-17 14:01:40,059] [basehttp.py:154] [basehttp:log_message] [WARNING]- "GET /media/DeviceLNV/Device/2472.jpg HTTP/1.1" 404 1803
[2026-09-17 14:01:40,077] [log.py:228] [log:log_response] [WARNING]- Not Found: /media/DeviceLNV/Device/2474.jpg
[2026-09-17 14:01:40,087] [log.py:228] [log:log_response] [WARNING]- Not Found: /media/DeviceLNV/Device/2475.jpg
[2026-09-17 14:01:40,088] [log.py:228] [log:log_response] [WARNING]- Not Found: /media/DeviceLNV/Device/2476.jpg
[2026-09-17 14:01:40,088] [basehttp.py:154] [basehttp:log_message] [WARNING]- "GET /media/DeviceLNV/Device/2474.jpg HTTP/1.1" 404 1803
[2026-09-17 14:01:40,089] [basehttp.py:154] [basehttp:log_message] [WARNING]- "GET /media/DeviceLNV/Device/2475.jpg HTTP/1.1" 404 1803
[2026-09-17 14:01:40,094] [log.py:228] [log:log_response] [WARNING]- Not Found: /media/DeviceLNV/Device/2477.jpg
[2026-09-17 14:01:40,095] [basehttp.py:154] [basehttp:log_message] [WARNING]- "GET /media/DeviceLNV/Device/2476.jpg HTTP/1.1" 404 1803
[2026-09-17 14:01:40,101] [basehttp.py:154] [basehttp:log_message] [WARNING]- "GET /media/DeviceLNV/Device/2477.jpg HTTP/1.1" 404 1803
[2026-09-17 14:01:40,103] [log.py:228] [log:log_response] [WARNING]- Not Found: /media/DeviceLNV/Device/2478.jpg
[2026-09-17 14:01:40,105] [basehttp.py:154] [basehttp:log_message] [WARNING]- "GET /media/DeviceLNV/Device/2478.jpg HTTP/1.1" 404 1803
[2026-09-17 14:01:40,108] [log.py:228] [log:log_response] [WARNING]- Not Found: /media/DeviceLNV/Device/3203.jpg
[2026-09-17 14:01:40,110] [basehttp.py:154] [basehttp:log_message] [WARNING]- "GET /media/DeviceLNV/Device/3203.jpg HTTP/1.1" 404 1803
[2026-09-17 14:03:12,265] [basehttp.py:154] [basehttp:log_message] [INFO]- "GET /DeviceLNV/BorrowedDeviceLNV/ HTTP/1.1" 200 78234
[2026-09-17 14:03:12,539] [basehttp.py:154] [basehttp:log_message] [WARNING]- "GET /static/css/bootstrap.min.css.map HTTP/1.1" 404 1800
[2026-09-17 14:03:12,540] [basehttp.py:154] [basehttp:log_message] [WARNING]- "GET /static/js/lib/bootstrap.min.js.map HTTP/1.1" 404 1806
[2026-09-17 14:03:12,571] [basehttp.py:154] [basehttp:log_message] [INFO]- "GET /.well-known/appspecific/com.chrome.devtools.json HTTP/1.1" 200 38274
[2026-09-17 14:03:12,667] [basehttp.py:154] [basehttp:log_message] [WARNING]- "GET /static/js/axios.min.map HTTP/1.1" 404 1773
[2026-09-17 14:03:12,729] [basehttp.py:154] [basehttp:log_message] [WARNING]- "GET /static/js/xlsx/FileSaver.min.js.map HTTP/1.1" 404 1809
[2026-09-17 14:03:13,048] [basehttp.py:154] [basehttp:log_message] [INFO]- "GET /favicon.ico HTTP/1.1" 200 38274
[2026-09-17 14:03:15,011] [UserIP.py:88] [UserIP:process_response] [INFO]- 2026-09-17 14:03:15: C1010S3/AnonymousUser/Cao.Edwin> None/EDWIN/bxbei > 127.0.0.1/127.0.0.1 > <WSGIRequest: POST '/DeviceLNV/BorrowedDeviceLNV/'>
[2026-09-17 14:03:15,081] [basehttp.py:154] [basehttp:log_message] [INFO]- "POST /DeviceLNV/BorrowedDeviceLNV/ HTTP/1.1" 200 2147288
[2026-09-17 14:03:15,424] [log.py:228] [log:log_response] [WARNING]- Not Found: /media/DeviceLNV/Device/2260.jpg
[2026-09-17 14:03:15,434] [log.py:228] [log:log_response] [WARNING]- Not Found: /media/DeviceLNV/Device/233.jpg
[2026-09-17 14:03:15,436] [basehttp.py:154] [basehttp:log_message] [WARNING]- "GET /media/DeviceLNV/Device/2260.jpg HTTP/1.1" 404 1803
[2026-09-17 14:03:15,437] [log.py:228] [log:log_response] [WARNING]- Not Found: /media/DeviceLNV/Device/2214.jpg
[2026-09-17 14:03:15,441] [basehttp.py:154] [basehttp:log_message] [WARNING]- "GET /media/DeviceLNV/Device/233.jpg HTTP/1.1" 404 1800
[2026-09-17 14:03:15,443] [basehttp.py:154] [basehttp:log_message] [WARNING]- "GET /media/DeviceLNV/Device/2214.jpg HTTP/1.1" 404 1803
[2026-09-17 14:03:15,463] [log.py:228] [log:log_response] [WARNING]- Not Found: /media/DeviceLNV/Device/1462.jpg
[2026-09-17 14:03:15,466] [basehttp.py:154] [basehttp:log_message] [WARNING]- "GET /media/DeviceLNV/Device/1462.jpg HTTP/1.1" 404 1803
[2026-09-17 14:03:15,467] [log.py:228] [log:log_response] [WARNING]- Not Found: /media/DeviceLNV/Device/244.jpg
[2026-09-17 14:03:15,473] [basehttp.py:154] [basehttp:log_message] [WARNING]- "GET /media/DeviceLNV/Device/244.jpg HTTP/1.1" 404 1800
[2026-09-17 14:03:15,478] [log.py:228] [log:log_response] [WARNING]- Not Found: /media/DeviceLNV/Device/2218.jpg
[2026-09-17 14:03:15,488] [basehttp.py:154] [basehttp:log_message] [WARNING]- "GET /media/DeviceLNV/Device/2218.jpg HTTP/1.1" 404 1803
[2026-09-17 14:03:15,499] [log.py:228] [log:log_response] [WARNING]- Not Found: /media/DeviceLNV/Device/262.jpg
[2026-09-17 14:03:15,504] [log.py:228] [log:log_response] [WARNING]- Not Found: /media/DeviceLNV/Device/253.jpg
[2026-09-17 14:03:15,515] [basehttp.py:154] [basehttp:log_message] [WARNING]- "GET /media/DeviceLNV/Device/262.jpg HTTP/1.1" 404 1800
[2026-09-17 14:03:15,520] [basehttp.py:154] [basehttp:log_message] [WARNING]- "GET /media/DeviceLNV/Device/253.jpg HTTP/1.1" 404 1800
[2026-09-17 14:03:15,520] [log.py:228] [log:log_response] [WARNING]- Not Found: /media/DeviceLNV/Device/261.jpg
[2026-09-17 14:03:15,530] [basehttp.py:154] [basehttp:log_message] [WARNING]- "GET /media/DeviceLNV/Device/261.jpg HTTP/1.1" 404 1800
[2026-09-17 14:03:15,532] [log.py:228] [log:log_response] [WARNING]- Not Found: /media/DeviceLNV/Device/268.jpg
[2026-09-17 14:03:15,543] [basehttp.py:154] [basehttp:log_message] [WARNING]- "GET /media/DeviceLNV/Device/268.jpg HTTP/1.1" 404 1800
[2026-09-17 14:03:15,543] [log.py:228] [log:log_response] [WARNING]- Not Found: /media/DeviceLNV/Device/266.jpg
[2026-09-17 14:03:15,556] [basehttp.py:154] [basehttp:log_message] [WARNING]- "GET /media/DeviceLNV/Device/266.jpg HTTP/1.1" 404 1800
[2026-09-17 14:03:15,557] [log.py:228] [log:log_response] [WARNING]- Not Found: /media/DeviceLNV/Device/269.jpg
[2026-09-17 14:03:15,571] [basehttp.py:154] [basehttp:log_message] [WARNING]- "GET /media/DeviceLNV/Device/269.jpg HTTP/1.1" 404 1800
[2026-09-17 14:03:15,607] [log.py:228] [log:log_response] [WARNING]- Not Found: /media/DeviceLNV/Device/267.jpg
[2026-09-17 14:03:15,610] [basehttp.py:154] [basehttp:log_message] [WARNING]- "GET /media/DeviceLNV/Device/267.jpg HTTP/1.1" 404 1800
[2026-09-17 14:03:15,636] [log.py:228] [log:log_response] [WARNING]- Not Found: /media/DeviceLNV/Device/2098.jpg
[2026-09-17 14:03:15,637] [basehttp.py:154] [basehttp:log_message] [WARNING]- "GET /media/DeviceLNV/Device/2098.jpg HTTP/1.1" 404 1803
[2026-09-17 14:03:15,642] [log.py:228] [log:log_response] [WARNING]- Not Found: /media/DeviceLNV/Device/209.jpg
[2026-09-17 14:03:15,655] [log.py:228] [log:log_response] [WARNING]- Not Found: /media/DeviceLNV/Device/1292.jpg
[2026-09-17 14:03:15,656] [log.py:228] [log:log_response] [WARNING]- Not Found: /media/DeviceLNV/Device/228.jpg
[2026-09-17 14:03:15,656] [basehttp.py:154] [basehttp:log_message] [WARNING]- "GET /media/DeviceLNV/Device/209.jpg HTTP/1.1" 404 1800
[2026-09-17 14:03:15,657] [basehttp.py:154] [basehttp:log_message] [WARNING]- "GET /media/DeviceLNV/Device/1292.jpg HTTP/1.1" 404 1803
[2026-09-17 14:03:15,658] [basehttp.py:154] [basehttp:log_message] [WARNING]- "GET /media/DeviceLNV/Device/228.jpg HTTP/1.1" 404 1800
[2026-09-17 14:03:15,661] [log.py:228] [log:log_response] [WARNING]- Not Found: /media/DeviceLNV/Device/264.jpg
[2026-09-17 14:03:15,662] [basehttp.py:154] [basehttp:log_message] [WARNING]- "GET /media/DeviceLNV/Device/264.jpg HTTP/1.1" 404 1800
[2026-09-17 14:03:15,720] [log.py:228] [log:log_response] [WARNING]- Not Found: /media/DeviceLNV/Device/2049.jpg
[2026-09-17 14:03:15,729] [basehttp.py:154] [basehttp:log_message] [WARNING]- "GET /media/DeviceLNV/Device/2049.jpg HTTP/1.1" 404 1803
[2026-09-17 14:03:15,729] [log.py:228] [log:log_response] [WARNING]- Not Found: /media/DeviceLNV/Device/214.jpg
[2026-09-17 14:03:15,738] [basehttp.py:154] [basehttp:log_message] [WARNING]- "GET /media/DeviceLNV/Device/214.jpg HTTP/1.1" 404 1800
[2026-09-17 14:03:15,765] [log.py:228] [log:log_response] [WARNING]- Not Found: /media/DeviceLNV/Device/2050.jpg
[2026-09-17 14:03:15,775] [basehttp.py:154] [basehttp:log_message] [WARNING]- "GET /media/DeviceLNV/Device/2050.jpg HTTP/1.1" 404 1803
[2026-09-17 14:03:15,776] [log.py:228] [log:log_response] [WARNING]- Not Found: /media/DeviceLNV/Device/1298.jpg
[2026-09-17 14:03:15,784] [log.py:228] [log:log_response] [WARNING]- Not Found: /media/DeviceLNV/Device/1301.jpg
[2026-09-17 14:03:15,788] [basehttp.py:154] [basehttp:log_message] [WARNING]- "GET /media/DeviceLNV/Device/1298.jpg HTTP/1.1" 404 1803
[2026-09-17 14:03:15,789] [basehttp.py:154] [basehttp:log_message] [WARNING]- "GET /media/DeviceLNV/Device/1301.jpg HTTP/1.1" 404 1803
[2026-09-17 14:03:15,793] [log.py:228] [log:log_response] [WARNING]- Not Found: /media/DeviceLNV/Device/259.jpg
[2026-09-17 14:03:15,800] [log.py:228] [log:log_response] [WARNING]- Not Found: /media/DeviceLNV/Device/260.jpg
[2026-09-17 14:03:15,825] [basehttp.py:154] [basehttp:log_message] [WARNING]- "GET /media/DeviceLNV/Device/260.jpg HTTP/1.1" 404 1800
[2026-09-17 14:03:15,825] [log.py:228] [log:log_response] [WARNING]- Not Found: /media/DeviceLNV/Device/1383.jpg
[2026-09-17 14:03:15,834] [basehttp.py:154] [basehttp:log_message] [WARNING]- "GET /media/DeviceLNV/Device/259.jpg HTTP/1.1" 404 1800
[2026-09-17 14:03:15,842] [basehttp.py:154] [basehttp:log_message] [WARNING]- "GET /media/DeviceLNV/Device/1383.jpg HTTP/1.1" 404 1803
[2026-09-17 14:03:15,880] [log.py:228] [log:log_response] [WARNING]- Not Found: /media/DeviceLNV/Device/1294.jpg
[2026-09-17 14:03:15,886] [basehttp.py:154] [basehttp:log_message] [WARNING]- "GET /media/DeviceLNV/Device/1294.jpg HTTP/1.1" 404 1803
[2026-09-17 14:03:15,893] [log.py:228] [log:log_response] [WARNING]- Not Found: /media/DeviceLNV/Device/1296.jpg
[2026-09-17 14:03:15,895] [basehttp.py:154] [basehttp:log_message] [WARNING]- "GET /media/DeviceLNV/Device/1296.jpg HTTP/1.1" 404 1803
[2026-09-17 14:03:15,899] [log.py:228] [log:log_response] [WARNING]- Not Found: /media/DeviceLNV/Device/1297.jpg
[2026-09-17 14:03:15,902] [basehttp.py:154] [basehttp:log_message] [WARNING]- "GET /media/DeviceLNV/Device/1297.jpg HTTP/1.1" 404 1803
[2026-09-17 14:03:15,940] [log.py:228] [log:log_response] [WARNING]- Not Found: /media/DeviceLNV/Device/1302.jpg
[2026-09-17 14:03:15,944] [basehttp.py:154] [basehttp:log_message] [WARNING]- "GET /media/DeviceLNV/Device/1302.jpg HTTP/1.1" 404 1803
[2026-09-17 14:03:15,945] [log.py:228] [log:log_response] [WARNING]- Not Found: /media/DeviceLNV/Device/223.jpg
[2026-09-17 14:03:15,953] [log.py:228] [log:log_response] [WARNING]- Not Found: /media/DeviceLNV/Device/1934.jpg
[2026-09-17 14:03:15,957] [basehttp.py:154] [basehttp:log_message] [WARNING]- "GET /media/DeviceLNV/Device/1934.jpg HTTP/1.1" 404 1803
[2026-09-17 14:03:15,960] [basehttp.py:154] [basehttp:log_message] [WARNING]- "GET /media/DeviceLNV/Device/223.jpg HTTP/1.1" 404 1800
[2026-09-17 14:03:15,984] [log.py:228] [log:log_response] [WARNING]- Not Found: /media/DeviceLNV/Device/2220.jpg
[2026-09-17 14:03:15,998] [log.py:228] [log:log_response] [WARNING]- Not Found: /media/DeviceLNV/Device/1460.jpg
[2026-09-17 14:03:16,000] [basehttp.py:154] [basehttp:log_message] [WARNING]- "GET /media/DeviceLNV/Device/2220.jpg HTTP/1.1" 404 1803
[2026-09-17 14:03:16,001] [basehttp.py:154] [basehttp:log_message] [WARNING]- "GET /media/DeviceLNV/Device/1460.jpg HTTP/1.1" 404 1803
[2026-09-17 14:03:16,007] [log.py:228] [log:log_response] [WARNING]- Not Found: /media/DeviceLNV/Device/246.jpg
[2026-09-17 14:03:16,012] [basehttp.py:154] [basehttp:log_message] [WARNING]- "GET /media/DeviceLNV/Device/246.jpg HTTP/1.1" 404 1800
[2026-09-17 14:03:16,052] [log.py:228] [log:log_response] [WARNING]- Not Found: /media/DeviceLNV/Device/242.jpg
[2026-09-17 14:03:16,055] [basehttp.py:154] [basehttp:log_message] [WARNING]- "GET /media/DeviceLNV/Device/242.jpg HTTP/1.1" 404 1800
[2026-09-17 14:03:16,079] [log.py:228] [log:log_response] [WARNING]- Not Found: /media/DeviceLNV/Device/248.jpg
[2026-09-17 14:03:16,080] [log.py:228] [log:log_response] [WARNING]- Not Found: /media/DeviceLNV/Device/251.jpg
[2026-09-17 14:03:16,082] [basehttp.py:154] [basehttp:log_message] [WARNING]- "GET /media/DeviceLNV/Device/248.jpg HTTP/1.1" 404 1800
[2026-09-17 14:03:16,083] [basehttp.py:154] [basehttp:log_message] [WARNING]- "GET /media/DeviceLNV/Device/251.jpg HTTP/1.1" 404 1800
[2026-09-17 14:03:16,090] [log.py:228] [log:log_response] [WARNING]- Not Found: /media/DeviceLNV/Device/252.jpg
[2026-09-17 14:03:16,093] [basehttp.py:154] [basehttp:log_message] [WARNING]- "GET /media/DeviceLNV/Device/252.jpg HTTP/1.1" 404 1800
[2026-09-17 14:03:16,105] [log.py:228] [log:log_response] [WARNING]- Not Found: /media/DeviceLNV/Device/243.jpg
[2026-09-17 14:03:16,112] [log.py:228] [log:log_response] [WARNING]- Not Found: /media/DeviceLNV/Device/250.jpg
[2026-09-17 14:03:16,113] [log.py:228] [log:log_response] [WARNING]- Not Found: /media/DeviceLNV/Device/254.jpg
[2026-09-17 14:03:16,114] [basehttp.py:154] [basehttp:log_message] [WARNING]- "GET /media/DeviceLNV/Device/250.jpg HTTP/1.1" 404 1800
[2026-09-17 14:03:16,118] [basehttp.py:154] [basehttp:log_message] [WARNING]- "GET /media/DeviceLNV/Device/254.jpg HTTP/1.1" 404 1800
[2026-09-17 14:03:16,119] [basehttp.py:154] [basehttp:log_message] [WARNING]- "GET /media/DeviceLNV/Device/243.jpg HTTP/1.1" 404 1800
[2026-09-17 14:03:16,139] [log.py:228] [log:log_response] [WARNING]- Not Found: /media/DeviceLNV/Device/1065.jpg
[2026-09-17 14:03:16,158] [basehttp.py:154] [basehttp:log_message] [WARNING]- "GET /media/DeviceLNV/Device/1065.jpg HTTP/1.1" 404 1803
[2026-09-17 14:03:16,203] [log.py:228] [log:log_response] [WARNING]- Not Found: /media/DeviceLNV/Device/316.jpg
[2026-09-17 14:03:16,205] [log.py:228] [log:log_response] [WARNING]- Not Found: /media/DeviceLNV/Device/331.jpg
[2026-09-17 14:03:16,206] [basehttp.py:154] [basehttp:log_message] [WARNING]- "GET /media/DeviceLNV/Device/316.jpg HTTP/1.1" 404 1800
[2026-09-17 14:03:16,207] [basehttp.py:154] [basehttp:log_message] [WARNING]- "GET /media/DeviceLNV/Device/331.jpg HTTP/1.1" 404 1800
[2026-09-17 14:03:16,208] [log.py:228] [log:log_response] [WARNING]- Not Found: /media/DeviceLNV/Device/334.jpg
[2026-09-17 14:03:16,213] [basehttp.py:154] [basehttp:log_message] [WARNING]- "GET /media/DeviceLNV/Device/334.jpg HTTP/1.1" 404 1800
[2026-09-17 14:03:16,222] [log.py:228] [log:log_response] [WARNING]- Not Found: /media/DeviceLNV/Device/1046.jpg
[2026-09-17 14:03:16,226] [basehttp.py:154] [basehttp:log_message] [WARNING]- "GET /media/DeviceLNV/Device/1046.jpg HTTP/1.1" 404 1803
[2026-09-17 14:03:16,229] [log.py:228] [log:log_response] [WARNING]- Not Found: /media/DeviceLNV/Device/1492.jpg
[2026-09-17 14:03:16,239] [basehttp.py:154] [basehttp:log_message] [WARNING]- "GET /media/DeviceLNV/Device/1492.jpg HTTP/1.1" 404 1803
[2026-09-17 14:03:16,242] [log.py:228] [log:log_response] [WARNING]- Not Found: /media/DeviceLNV/Device/317.jpg
[2026-09-17 14:03:16,258] [log.py:228] [log:log_response] [WARNING]- Not Found: /media/DeviceLNV/Device/319.jpg
[2026-09-17 14:03:16,270] [basehttp.py:154] [basehttp:log_message] [WARNING]- "GET /media/DeviceLNV/Device/317.jpg HTTP/1.1" 404 1800
[2026-09-17 14:03:16,271] [basehttp.py:154] [basehttp:log_message] [WARNING]- "GET /media/DeviceLNV/Device/319.jpg HTTP/1.1" 404 1800
[2026-09-17 14:03:16,316] [log.py:228] [log:log_response] [WARNING]- Not Found: /media/DeviceLNV/Device/344.jpg
[2026-09-17 14:03:16,325] [basehttp.py:154] [basehttp:log_message] [WARNING]- "GET /media/DeviceLNV/Device/344.jpg HTTP/1.1" 404 1800
[2026-09-17 14:03:16,340] [log.py:228] [log:log_response] [WARNING]- Not Found: /media/DeviceLNV/Device/1066.jpg
[2026-09-17 14:03:16,352] [log.py:228] [log:log_response] [WARNING]- Not Found: /media/DeviceLNV/Device/322.jpg
[2026-09-17 14:03:16,361] [log.py:228] [log:log_response] [WARNING]- Not Found: /media/DeviceLNV/Device/345.jpg
[2026-09-17 14:03:16,365] [log.py:228] [log:log_response] [WARNING]- Not Found: /media/DeviceLNV/Device/341.jpg
[2026-09-17 14:03:16,373] [log.py:228] [log:log_response] [WARNING]- Not Found: /media/DeviceLNV/Device/337.jpg
[2026-09-17 14:03:16,383] [log.py:228] [log:log_response] [WARNING]- Not Found: /media/DeviceLNV/Device/332.jpg
[2026-09-17 14:03:16,423] [basehttp.py:154] [basehttp:log_message] [WARNING]- "GET /media/DeviceLNV/Device/1066.jpg HTTP/1.1" 404 1803
[2026-09-17 14:03:16,423] [basehttp.py:154] [basehttp:log_message] [WARNING]- "GET /media/DeviceLNV/Device/345.jpg HTTP/1.1" 404 1800
[2026-09-17 14:03:16,423] [basehttp.py:154] [basehttp:log_message] [WARNING]- "GET /media/DeviceLNV/Device/341.jpg HTTP/1.1" 404 1800
[2026-09-17 14:03:16,423] [basehttp.py:154] [basehttp:log_message] [WARNING]- "GET /media/DeviceLNV/Device/322.jpg HTTP/1.1" 404 1800
[2026-09-17 14:03:16,424] [basehttp.py:154] [basehttp:log_message] [WARNING]- "GET /media/DeviceLNV/Device/337.jpg HTTP/1.1" 404 1800
[2026-09-17 14:03:16,424] [basehttp.py:154] [basehttp:log_message] [WARNING]- "GET /media/DeviceLNV/Device/332.jpg HTTP/1.1" 404 1800
[2026-09-17 14:03:16,481] [log.py:228] [log:log_response] [WARNING]- Not Found: /media/DeviceLNV/Device/326.jpg
[2026-09-17 14:03:16,492] [basehttp.py:154] [basehttp:log_message] [WARNING]- "GET /media/DeviceLNV/Device/326.jpg HTTP/1.1" 404 1800
[2026-09-17 14:03:16,500] [log.py:228] [log:log_response] [WARNING]- Not Found: /media/DeviceLNV/Device/1178.jpg
[2026-09-17 14:03:16,504] [basehttp.py:154] [basehttp:log_message] [WARNING]- "GET /media/DeviceLNV/Device/1178.jpg HTTP/1.1" 404 1803
[2026-09-17 14:03:16,507] [log.py:228] [log:log_response] [WARNING]- Not Found: /media/DeviceLNV/Device/324.jpg
[2026-09-17 14:03:16,513] [log.py:228] [log:log_response] [WARNING]- Not Found: /media/DeviceLNV/Device/327.jpg
[2026-09-17 14:03:16,513] [basehttp.py:154] [basehttp:log_message] [WARNING]- "GET /media/DeviceLNV/Device/324.jpg HTTP/1.1" 404 1800
[2026-09-17 14:03:16,515] [basehttp.py:154] [basehttp:log_message] [WARNING]- "GET /media/DeviceLNV/Device/327.jpg HTTP/1.1" 404 1800
[2026-09-17 14:03:16,541] [log.py:228] [log:log_response] [WARNING]- Not Found: /media/DeviceLNV/Device/1179.jpg
[2026-09-17 14:03:16,558] [log.py:228] [log:log_response] [WARNING]- Not Found: /media/DeviceLNV/Device/321.jpg
[2026-09-17 14:03:16,560] [basehttp.py:154] [basehttp:log_message] [WARNING]- "GET /media/DeviceLNV/Device/1179.jpg HTTP/1.1" 404 1803
[2026-09-17 14:03:16,562] [basehttp.py:154] [basehttp:log_message] [WARNING]- "GET /media/DeviceLNV/Device/321.jpg HTTP/1.1" 404 1800
[2026-09-17 14:03:16,572] [log.py:228] [log:log_response] [WARNING]- Not Found: /media/DeviceLNV/Device/283.jpg
[2026-09-17 14:03:16,576] [basehttp.py:154] [basehttp:log_message] [WARNING]- "GET /media/DeviceLNV/Device/283.jpg HTTP/1.1" 404 1800
[2026-09-17 14:03:16,655] [log.py:228] [log:log_response] [WARNING]- Not Found: /media/DeviceLNV/Device/294.jpg
[2026-09-17 14:03:16,656] [log.py:228] [log:log_response] [WARNING]- Not Found: /media/DeviceLNV/Device/286.jpg
[2026-09-17 14:03:16,657] [basehttp.py:154] [basehttp:log_message] [WARNING]- "GET /media/DeviceLNV/Device/294.jpg HTTP/1.1" 404 1800
[2026-09-17 14:03:16,658] [basehttp.py:154] [basehttp:log_message] [WARNING]- "GET /media/DeviceLNV/Device/286.jpg HTTP/1.1" 404 1800
[2026-09-17 14:03:16,664] [log.py:228] [log:log_response] [WARNING]- Not Found: /media/DeviceLNV/Device/292.jpg
[2026-09-17 14:03:16,673] [log.py:228] [log:log_response] [WARNING]- Not Found: /media/DeviceLNV/Device/1551.jpg
[2026-09-17 14:03:16,678] [basehttp.py:154] [basehttp:log_message] [WARNING]- "GET /media/DeviceLNV/Device/292.jpg HTTP/1.1" 404 1800
[2026-09-17 14:03:16,691] [basehttp.py:154] [basehttp:log_message] [WARNING]- "GET /media/DeviceLNV/Device/1551.jpg HTTP/1.1" 404 1803
[2026-09-17 14:03:16,694] [log.py:228] [log:log_response] [WARNING]- Not Found: /media/DeviceLNV/Device/1550.jpg
[2026-09-17 14:03:16,698] [basehttp.py:154] [basehttp:log_message] [WARNING]- "GET /media/DeviceLNV/Device/1550.jpg HTTP/1.1" 404 1803
[2026-09-17 14:03:16,714] [log.py:228] [log:log_response] [WARNING]- Not Found: /media/DeviceLNV/Device/375.jpg
[2026-09-17 14:03:16,728] [basehttp.py:154] [basehttp:log_message] [WARNING]- "GET /media/DeviceLNV/Device/375.jpg HTTP/1.1" 404 1800
[2026-09-17 14:03:16,735] [log.py:228] [log:log_response] [WARNING]- Not Found: /media/DeviceLNV/Device/374.jpg
[2026-09-17 14:03:16,746] [basehttp.py:154] [basehttp:log_message] [WARNING]- "GET /media/DeviceLNV/Device/374.jpg HTTP/1.1" 404 1800
[2026-09-17 14:03:16,747] [log.py:228] [log:log_response] [WARNING]- Not Found: /media/DeviceLNV/Device/1553.jpg
[2026-09-17 14:03:16,760] [log.py:228] [log:log_response] [WARNING]- Not Found: /media/DeviceLNV/Device/281.jpg
[2026-09-17 14:03:16,762] [basehttp.py:154] [basehttp:log_message] [WARNING]- "GET /media/DeviceLNV/Device/1553.jpg HTTP/1.1" 404 1803
[2026-09-17 14:03:16,775] [basehttp.py:154] [basehttp:log_message] [WARNING]- "GET /media/DeviceLNV/Device/281.jpg HTTP/1.1" 404 1800
[2026-09-17 14:03:16,787] [log.py:228] [log:log_response] [WARNING]- Not Found: /media/DeviceLNV/Device/289.jpg
[2026-09-17 14:03:16,796] [log.py:228] [log:log_response] [WARNING]- Not Found: /media/DeviceLNV/Device/1044.jpg
[2026-09-17 14:03:16,800] [basehttp.py:154] [basehttp:log_message] [WARNING]- "GET /media/DeviceLNV/Device/289.jpg HTTP/1.1" 404 1800
[2026-09-17 14:03:16,809] [basehttp.py:154] [basehttp:log_message] [WARNING]- "GET /media/DeviceLNV/Device/1044.jpg HTTP/1.1" 404 1803
[2026-09-17 14:03:16,812] [log.py:228] [log:log_response] [WARNING]- Not Found: /media/DeviceLNV/Device/373.jpg
[2026-09-17 14:03:16,815] [basehttp.py:154] [basehttp:log_message] [WARNING]- "GET /media/DeviceLNV/Device/373.jpg HTTP/1.1" 404 1800
[2026-09-17 14:03:16,857] [log.py:228] [log:log_response] [WARNING]- Not Found: /media/DeviceLNV/Device/1512.jpg
[2026-09-17 14:03:16,867] [basehttp.py:154] [basehttp:log_message] [WARNING]- "GET /media/DeviceLNV/Device/1512.jpg HTTP/1.1" 404 1803
[2026-09-17 14:03:16,873] [log.py:228] [log:log_response] [WARNING]- Not Found: /media/DeviceLNV/Device/1461.jpg
[2026-09-17 14:03:16,880] [basehttp.py:154] [basehttp:log_message] [WARNING]- "GET /media/DeviceLNV/Device/1461.jpg HTTP/1.1" 404 1803
[2026-09-17 14:03:16,919] [log.py:228] [log:log_response] [WARNING]- Not Found: /media/DeviceLNV/Device/2047.jpg
[2026-09-17 14:03:16,957] [basehttp.py:154] [basehttp:log_message] [WARNING]- "GET /media/DeviceLNV/Device/2047.jpg HTTP/1.1" 404 1803
[2026-09-17 14:03:17,158] [log.py:228] [log:log_response] [WARNING]- Not Found: /media/DeviceLNV/Device/338.jpg
[2026-09-17 14:03:17,159] [basehttp.py:154] [basehttp:log_message] [WARNING]- "GET /media/DeviceLNV/Device/338.jpg HTTP/1.1" 404 1800
[2026-09-17 14:03:17,167] [log.py:228] [log:log_response] [WARNING]- Not Found: /media/DeviceLNV/Device/340.jpg
[2026-09-17 14:03:17,170] [basehttp.py:154] [basehttp:log_message] [WARNING]- "GET /media/DeviceLNV/Device/340.jpg HTTP/1.1" 404 1800
[2026-09-17 14:03:17,173] [log.py:228] [log:log_response] [WARNING]- Not Found: /media/DeviceLNV/Device/1552.jpg
[2026-09-17 14:03:17,179] [basehttp.py:154] [basehttp:log_message] [WARNING]- "GET /media/DeviceLNV/Device/1552.jpg HTTP/1.1" 404 1803
[2026-09-17 14:03:17,183] [log.py:228] [log:log_response] [WARNING]- Not Found: /media/DeviceLNV/Device/282.jpg
[2026-09-17 14:03:17,191] [basehttp.py:154] [basehttp:log_message] [WARNING]- "GET /media/DeviceLNV/Device/282.jpg HTTP/1.1" 404 1800
[2026-09-17 14:03:17,193] [log.py:228] [log:log_response] [WARNING]- Not Found: /media/DeviceLNV/Device/339.jpg
[2026-09-17 14:03:17,196] [log.py:228] [log:log_response] [WARNING]- Not Found: /media/DeviceLNV/Device/307.jpg
[2026-09-17 14:03:17,197] [basehttp.py:154] [basehttp:log_message] [WARNING]- "GET /media/DeviceLNV/Device/339.jpg HTTP/1.1" 404 1800
[2026-09-17 14:03:17,199] [basehttp.py:154] [basehttp:log_message] [WARNING]- "GET /media/DeviceLNV/Device/307.jpg HTTP/1.1" 404 1800
[2026-09-17 14:03:17,211] [log.py:228] [log:log_response] [WARNING]- Not Found: /media/DeviceLNV/Device/304.jpg
[2026-09-17 14:03:17,216] [basehttp.py:154] [basehttp:log_message] [WARNING]- "GET /media/DeviceLNV/Device/304.jpg HTTP/1.1" 404 1800
[2026-09-17 14:03:17,217] [log.py:228] [log:log_response] [WARNING]- Not Found: /media/DeviceLNV/Device/299.jpg
[2026-09-17 14:03:17,222] [log.py:228] [log:log_response] [WARNING]- Not Found: /media/DeviceLNV/Device/370.jpg
[2026-09-17 14:03:17,225] [basehttp.py:154] [basehttp:log_message] [WARNING]- "GET /media/DeviceLNV/Device/299.jpg HTTP/1.1" 404 1800
[2026-09-17 14:03:17,226] [basehttp.py:154] [basehttp:log_message] [WARNING]- "GET /media/DeviceLNV/Device/370.jpg HTTP/1.1" 404 1800
[2026-09-17 14:03:17,234] [log.py:228] [log:log_response] [WARNING]- Not Found: /media/DeviceLNV/Device/290.jpg
[2026-09-17 14:03:17,242] [basehttp.py:154] [basehttp:log_message] [WARNING]- "GET /media/DeviceLNV/Device/290.jpg HTTP/1.1" 404 1800
[2026-09-17 14:03:17,248] [log.py:228] [log:log_response] [WARNING]- Not Found: /media/DeviceLNV/Device/296.jpg
[2026-09-17 14:03:17,249] [log.py:228] [log:log_response] [WARNING]- Not Found: /media/DeviceLNV/Device/291.jpg
[2026-09-17 14:03:17,255] [basehttp.py:154] [basehttp:log_message] [WARNING]- "GET /media/DeviceLNV/Device/296.jpg HTTP/1.1" 404 1800
[2026-09-17 14:03:17,256] [basehttp.py:154] [basehttp:log_message] [WARNING]- "GET /media/DeviceLNV/Device/291.jpg HTTP/1.1" 404 1800
[2026-09-17 14:03:17,259] [log.py:228] [log:log_response] [WARNING]- Not Found: /media/DeviceLNV/Device/1177.jpg
[2026-09-17 14:03:17,267] [basehttp.py:154] [basehttp:log_message] [WARNING]- "GET /media/DeviceLNV/Device/1177.jpg HTTP/1.1" 404 1803
[2026-09-17 14:03:17,268] [log.py:228] [log:log_response] [WARNING]- Not Found: /media/DeviceLNV/Device/288.jpg
[2026-09-17 14:03:17,274] [log.py:228] [log:log_response] [WARNING]- Not Found: /media/DeviceLNV/Device/305.jpg
[2026-09-17 14:03:17,279] [basehttp.py:154] [basehttp:log_message] [WARNING]- "GET /media/DeviceLNV/Device/288.jpg HTTP/1.1" 404 1800
[2026-09-17 14:03:17,280] [basehttp.py:154] [basehttp:log_message] [WARNING]- "GET /media/DeviceLNV/Device/305.jpg HTTP/1.1" 404 1800
[2026-09-17 14:03:17,285] [log.py:228] [log:log_response] [WARNING]- Not Found: /media/DeviceLNV/Device/2128.jpg
[2026-09-17 14:03:17,290] [basehttp.py:154] [basehttp:log_message] [WARNING]- "GET /media/DeviceLNV/Device/2128.jpg HTTP/1.1" 404 1803
[2026-09-17 14:03:17,295] [log.py:228] [log:log_response] [WARNING]- Not Found: /media/DeviceLNV/Device/2129.jpg
[2026-09-17 14:03:17,295] [basehttp.py:154] [basehttp:log_message] [WARNING]- "GET /media/DeviceLNV/Device/2129.jpg HTTP/1.1" 404 1803
[2026-09-17 14:03:17,299] [log.py:228] [log:log_response] [WARNING]- Not Found: /media/DeviceLNV/Device/287.jpg
[2026-09-17 14:03:17,299] [basehttp.py:154] [basehttp:log_message] [WARNING]- "GET /media/DeviceLNV/Device/287.jpg HTTP/1.1" 404 1800
[2026-09-17 14:03:17,305] [log.py:228] [log:log_response] [WARNING]- Not Found: /media/DeviceLNV/Device/295.jpg
[2026-09-17 14:03:17,305] [basehttp.py:154] [basehttp:log_message] [WARNING]- "GET /media/DeviceLNV/Device/295.jpg HTTP/1.1" 404 1800
[2026-09-17 14:12:46,032] [basehttp.py:154] [basehttp:log_message] [INFO]- "GET /TestDeviceLNV/device-score-page/ HTTP/1.1" 200 57960
[2026-09-17 14:12:46,328] [basehttp.py:154] [basehttp:log_message] [INFO]- "GET /.well-known/appspecific/com.chrome.devtools.json HTTP/1.1" 200 38274
[2026-09-17 14:12:46,456] [basehttp.py:154] [basehttp:log_message] [WARNING]- "GET /static/css/bootstrap.min.css.map HTTP/1.1" 404 1800
[2026-09-17 14:12:46,507] [basehttp.py:154] [basehttp:log_message] [WARNING]- "GET /static/js/lib/bootstrap.min.js.map HTTP/1.1" 404 1806
[2026-09-17 14:12:46,610] [basehttp.py:154] [basehttp:log_message] [INFO]- "GET /static/js/echart/echart.js HTTP/1.1" 200 771071
[2026-09-17 14:12:46,628] [basehttp.py:154] [basehttp:log_message] [WARNING]- "GET /static/js/axios.min.map HTTP/1.1" 404 1773
[2026-09-17 14:12:46,717] [basehttp.py:154] [basehttp:log_message] [WARNING]- "GET /static/js/xlsx/FileSaver.min.js.map HTTP/1.1" 404 1809
[2026-09-17 14:12:46,830] [basehttp.py:154] [basehttp:log_message] [INFO]- "GET /static/download_UPK/element-ui@2.12.0/lib/theme-chalk/fonts/element-icons.woff HTTP/1.1" 200 28200
[2026-09-17 14:12:46,845] [basehttp.py:154] [basehttp:log_message] [INFO]- "GET /TestDeviceLNV/device-score/?action=get_models HTTP/1.1" 200 422
[2026-09-17 14:12:46,956] [basehttp.py:154] [basehttp:log_message] [INFO]- "GET /favicon.ico HTTP/1.1" 200 38274
[2026-09-17 14:13:00,461] [basehttp.py:154] [basehttp:log_message] [INFO]- "GET /TestDeviceLNV/device-score/?model=LNV HTTP/1.1" 200 1931995
[2026-09-17 14:13:00,536] [basehttp.py:154] [basehttp:log_message] [INFO]- "GET /TestDeviceLNV/device-score/?model=LNV HTTP/1.1" 200 1931995
[2026-09-17 14:44:37,791] [basehttp.py:154] [basehttp:log_message] [INFO]- "GET /TestDeviceLNV/device-score-page/ HTTP/1.1" 200 67150
[2026-09-17 14:44:38,019] [basehttp.py:154] [basehttp:log_message] [WARNING]- "GET /static/css/bootstrap.min.css.map HTTP/1.1" 404 1800
[2026-09-17 14:44:38,034] [basehttp.py:154] [basehttp:log_message] [INFO]- "GET /.well-known/appspecific/com.chrome.devtools.json HTTP/1.1" 200 38274
[2026-09-17 14:44:38,061] [basehttp.py:154] [basehttp:log_message] [WARNING]- "GET /static/js/lib/bootstrap.min.js.map HTTP/1.1" 404 1806
[2026-09-17 14:44:38,296] [basehttp.py:154] [basehttp:log_message] [WARNING]- "GET /static/js/axios.min.map HTTP/1.1" 404 1773
[2026-09-17 14:44:38,521] [basehttp.py:154] [basehttp:log_message] [WARNING]- "GET /static/js/xlsx/FileSaver.min.js.map HTTP/1.1" 404 1809
[2026-09-17 14:44:38,886] [basehttp.py:154] [basehttp:log_message] [INFO]- "GET /TestDeviceLNV/device-score/?action=get_models HTTP/1.1" 200 422
[2026-09-17 14:44:38,892] [basehttp.py:154] [basehttp:log_message] [INFO]- "GET /favicon.ico HTTP/1.1" 200 38274
[2026-09-17 14:45:04,538] [basehttp.py:154] [basehttp:log_message] [INFO]- "GET /TestDeviceLNV/device-score/?model=LNV HTTP/1.1" 200 2067467
[2026-09-17 14:45:21,577] [basehttp.py:154] [basehttp:log_message] [INFO]- "GET /TestDeviceLNV/device-score/?model=LNV HTTP/1.1" 200 2067467
[2026-09-17 14:45:31,359] [basehttp.py:154] [basehttp:log_message] [INFO]- "GET /TestDeviceLNV/device-score/?action=get_audit_list HTTP/1.1" 200 98293
[2026-09-17 14:51:39,956] [basehttp.py:154] [basehttp:log_message] [INFO]- "GET /TestDeviceLNV/device-score/?model=A31CD HTTP/1.1" 200 42
[2026-09-17 14:51:43,835] [basehttp.py:154] [basehttp:log_message] [INFO]- "GET /TestDeviceLNV/device-score/?model=A31LKE HTTP/1.1" 200 43
[2026-09-17 14:51:45,987] [basehttp.py:154] [basehttp:log_message] [INFO]- "GET /TestDeviceLNV/device-score/?model=A31KS HTTP/1.1" 200 42
[2026-09-17 14:54:57,818] [basehttp.py:154] [basehttp:log_message] [INFO]- "GET /TestDeviceLNV/device-score-page/ HTTP/1.1" 200 67150
[2026-09-17 14:54:57,955] [basehttp.py:154] [basehttp:log_message] [INFO]- "GET /.well-known/appspecific/com.chrome.devtools.json HTTP/1.1" 200 38274
[2026-09-17 14:54:57,956] [basehttp.py:154] [basehttp:log_message] [WARNING]- "GET /static/css/bootstrap.min.css.map HTTP/1.1" 404 1800
[2026-09-17 14:54:57,966] [basehttp.py:154] [basehttp:log_message] [WARNING]- "GET /static/js/lib/bootstrap.min.js.map HTTP/1.1" 404 1806
[2026-09-17 14:54:58,139] [basehttp.py:154] [basehttp:log_message] [WARNING]- "GET /static/js/axios.min.map HTTP/1.1" 404 1773
[2026-09-17 14:54:58,229] [basehttp.py:154] [basehttp:log_message] [WARNING]- "GET /static/js/xlsx/FileSaver.min.js.map HTTP/1.1" 404 1809
[2026-09-17 14:54:58,361] [basehttp.py:154] [basehttp:log_message] [INFO]- "GET /TestDeviceLNV/device-score/?action=get_models HTTP/1.1" 200 422
[2026-09-17 14:54:58,490] [basehttp.py:154] [basehttp:log_message] [INFO]- "GET /favicon.ico HTTP/1.1" 200 38274
[2026-09-17 14:55:19,593] [basehttp.py:154] [basehttp:log_message] [INFO]- "GET /TestDeviceLNV/device-score/?model=LNV HTTP/1.1" 200 2067467
[2026-09-17 14:55:22,143] [basehttp.py:154] [basehttp:log_message] [INFO]- "GET /TestDeviceLNV/device-score/?action=get_audit_list HTTP/1.1" 200 93238
[2026-09-17 14:55:40,793] [basehttp.py:154] [basehttp:log_message] [INFO]- "GET /TestDeviceLNV/device-score/?model=LNV HTTP/1.1" 200 2067467
[2026-09-17 14:58:45,380] [basehttp.py:154] [basehttp:log_message] [INFO]- "GET /TestDeviceLNV/device-score-page/ HTTP/1.1" 200 67150
[2026-09-17 14:58:45,531] [basehttp.py:154] [basehttp:log_message] [INFO]- "GET /.well-known/appspecific/com.chrome.devtools.json HTTP/1.1" 200 38274
[2026-09-17 14:58:45,556] [basehttp.py:154] [basehttp:log_message] [WARNING]- "GET /static/css/bootstrap.min.css.map HTTP/1.1" 404 1800
[2026-09-17 14:58:45,563] [basehttp.py:154] [basehttp:log_message] [WARNING]- "GET /static/js/lib/bootstrap.min.js.map HTTP/1.1" 404 1806
[2026-09-17 14:58:45,720] [basehttp.py:154] [basehttp:log_message] [WARNING]- "GET /static/js/axios.min.map HTTP/1.1" 404 1773
[2026-09-17 14:58:45,806] [basehttp.py:154] [basehttp:log_message] [WARNING]- "GET /static/js/xlsx/FileSaver.min.js.map HTTP/1.1" 404 1809
[2026-09-17 14:58:45,891] [basehttp.py:154] [basehttp:log_message] [INFO]- "GET /TestDeviceLNV/device-score/?action=get_models HTTP/1.1" 200 422
[2026-09-17 14:58:46,009] [basehttp.py:154] [basehttp:log_message] [INFO]- "GET /favicon.ico HTTP/1.1" 200 38274
[2026-09-17 14:58:52,734] [basehttp.py:154] [basehttp:log_message] [INFO]- "GET /TestDeviceLNV/device-score/?action=get_audit_list HTTP/1.1" 200 126436
[2026-09-17 14:59:06,713] [basehttp.py:154] [basehttp:log_message] [INFO]- "GET /TestDeviceLNV/device-score/?model=LNV HTTP/1.1" 200 2067467
[2026-09-17 14:59:27,932] [basehttp.py:154] [basehttp:log_message] [INFO]- "GET /TestDeviceLNV/device-score/?model=LNV HTTP/1.1" 200 2067467
[2026-09-17 15:00:30,703] [basehttp.py:154] [basehttp:log_message] [INFO]- "GET /TestDeviceLNV/device-score-page/ HTTP/1.1" 200 67266
[2026-09-17 15:00:30,807] [basehttp.py:154] [basehttp:log_message] [INFO]- "GET /.well-known/appspecific/com.chrome.devtools.json HTTP/1.1" 200 38274
[2026-09-17 15:00:30,835] [basehttp.py:154] [basehttp:log_message] [WARNING]- "GET /static/css/bootstrap.min.css.map HTTP/1.1" 404 1800
[2026-09-17 15:00:30,856] [basehttp.py:154] [basehttp:log_message] [WARNING]- "GET /static/js/lib/bootstrap.min.js.map HTTP/1.1" 404 1806
[2026-09-17 15:00:31,003] [basehttp.py:154] [basehttp:log_message] [WARNING]- "GET /static/js/axios.min.map HTTP/1.1" 404 1773
[2026-09-17 15:00:31,085] [basehttp.py:154] [basehttp:log_message] [WARNING]- "GET /static/js/xlsx/FileSaver.min.js.map HTTP/1.1" 404 1809
[2026-09-17 15:00:31,211] [basehttp.py:154] [basehttp:log_message] [INFO]- "GET /TestDeviceLNV/device-score/?action=get_models HTTP/1.1" 200 422
[2026-09-17 15:00:31,216] [basehttp.py:154] [basehttp:log_message] [INFO]- "GET /TestDeviceLNV/device-score/?model=LNV HTTP/1.1" 200 2067467
[2026-09-17 15:00:31,317] [basehttp.py:154] [basehttp:log_message] [INFO]- "GET /TestDeviceLNV/device-score/?model=LNV HTTP/1.1" 200 2067467
[2026-09-17 15:00:31,568] [basehttp.py:154] [basehttp:log_message] [INFO]- "GET /favicon.ico HTTP/1.1" 200 38274
[2026-09-17 15:00:33,585] [basehttp.py:154] [basehttp:log_message] [INFO]- "GET /TestDeviceLNV/device-score/?action=get_audit_list HTTP/1.1" 200 126436
[2026-09-17 15:04:03,802] [basehttp.py:154] [basehttp:log_message] [INFO]- "GET /DeviceLNV/M_edit/ HTTP/1.1" 200 139749
[2026-09-17 15:04:03,973] [basehttp.py:154] [basehttp:log_message] [INFO]- "GET /.well-known/appspecific/com.chrome.devtools.json HTTP/1.1" 200 38274
[2026-09-17 15:04:03,996] [basehttp.py:154] [basehttp:log_message] [WARNING]- "GET /static/css/bootstrap.min.css.map HTTP/1.1" 404 1800
[2026-09-17 15:04:04,019] [basehttp.py:154] [basehttp:log_message] [WARNING]- "GET /static/js/lib/bootstrap.min.js.map HTTP/1.1" 404 1806
[2026-09-17 15:04:04,191] [basehttp.py:154] [basehttp:log_message] [WARNING]- "GET /static/js/axios.min.map HTTP/1.1" 404 1773
[2026-09-17 15:04:04,287] [basehttp.py:154] [basehttp:log_message] [WARNING]- "GET /static/js/xlsx/FileSaver.min.js.map HTTP/1.1" 404 1809
[2026-09-17 15:04:04,739] [basehttp.py:154] [basehttp:log_message] [INFO]- "GET /favicon.ico HTTP/1.1" 200 38274
[2026-09-17 15:04:11,574] [UserIP.py:88] [UserIP:process_response] [INFO]- 2026-09-17 15:04:11: C1010S3/AnonymousUser/Cao.Edwin> None/EDWIN/bxbei > 127.0.0.1/127.0.0.1 > <WSGIRequest: POST '/DeviceLNV/M_edit/'>
[2026-09-17 15:04:11,586] [basehttp.py:154] [basehttp:log_message] [INFO]- "POST /DeviceLNV/M_edit/ HTTP/1.1" 200 37109
[2026-09-17 15:04:47,158] [UserIP.py:88] [UserIP:process_response] [INFO]- 2026-09-17 15:04:47: C1010S3/AnonymousUser/Cao.Edwin> None/EDWIN/bxbei > 127.0.0.1/127.0.0.1 > <WSGIRequest: POST '/DeviceLNV/M_edit/'>
[2026-09-17 15:04:47,187] [basehttp.py:154] [basehttp:log_message] [INFO]- "POST /DeviceLNV/M_edit/ HTTP/1.1" 200 81149
[2026-09-17 15:04:47,540] [log.py:228] [log:log_response] [WARNING]- Not Found: /media/DeviceLNV/Device/257.jpg
[2026-09-17 15:04:47,542] [basehttp.py:154] [basehttp:log_message] [WARNING]- "GET /media/DeviceLNV/Device/257.jpg HTTP/1.1" 404 1800
[2026-09-17 15:04:47,542] [log.py:228] [log:log_response] [WARNING]- Not Found: /media/DeviceLNV/Zaihuo/257.jpg
[2026-09-17 15:04:47,550] [log.py:228] [log:log_response] [WARNING]- Not Found: /media/DeviceLNV/Zaihuo/258.jpg
[2026-09-17 15:04:47,553] [basehttp.py:154] [basehttp:log_message] [WARNING]- "GET /media/DeviceLNV/Zaihuo/257.jpg HTTP/1.1" 404 1800
[2026-09-17 15:04:47,553] [basehttp.py:154] [basehttp:log_message] [WARNING]- "GET /media/DeviceLNV/Zaihuo/258.jpg HTTP/1.1" 404 1800
[2026-09-17 15:04:47,554] [log.py:228] [log:log_response] [WARNING]- Not Found: /media/DeviceLNV/Device/265.jpg
[2026-09-17 15:04:47,561] [basehttp.py:154] [basehttp:log_message] [WARNING]- "GET /media/DeviceLNV/Device/265.jpg HTTP/1.1" 404 1800
[2026-09-17 15:04:47,561] [log.py:228] [log:log_response] [WARNING]- Not Found: /media/DeviceLNV/Device/258.jpg
[2026-09-17 15:04:47,564] [basehttp.py:154] [basehttp:log_message] [WARNING]- "GET /media/DeviceLNV/Device/258.jpg HTTP/1.1" 404 1800
[2026-09-17 15:04:47,574] [log.py:228] [log:log_response] [WARNING]- Not Found: /media/DeviceLNV/Zaihuo/265.jpg
[2026-09-17 15:04:47,583] [basehttp.py:154] [basehttp:log_message] [WARNING]- "GET /media/DeviceLNV/Zaihuo/265.jpg HTTP/1.1" 404 1800
[2026-09-17 15:04:47,598] [log.py:228] [log:log_response] [WARNING]- Not Found: /media/DeviceLNV/Device/1295.jpg
[2026-09-17 15:04:47,600] [basehttp.py:154] [basehttp:log_message] [WARNING]- "GET /media/DeviceLNV/Device/1295.jpg HTTP/1.1" 404 1803
[2026-09-17 15:04:47,605] [log.py:228] [log:log_response] [WARNING]- Not Found: /media/DeviceLNV/Zaihuo/1409.jpg
[2026-09-17 15:04:47,608] [log.py:228] [log:log_response] [WARNING]- Not Found: /media/DeviceLNV/Zaihuo/1295.jpg
[2026-09-17 15:04:47,609] [basehttp.py:154] [basehttp:log_message] [WARNING]- "GET /media/DeviceLNV/Zaihuo/1409.jpg HTTP/1.1" 404 1803
[2026-09-17 15:04:47,619] [basehttp.py:154] [basehttp:log_message] [WARNING]- "GET /media/DeviceLNV/Zaihuo/1295.jpg HTTP/1.1" 404 1803
[2026-09-17 15:04:47,620] [log.py:228] [log:log_response] [WARNING]- Not Found: /media/DeviceLNV/Device/1409.jpg
[2026-09-17 15:04:47,628] [log.py:228] [log:log_response] [WARNING]- Not Found: /media/DeviceLNV/Device/1390.jpg
[2026-09-17 15:04:47,632] [basehttp.py:154] [basehttp:log_message] [WARNING]- "GET /media/DeviceLNV/Device/1409.jpg HTTP/1.1" 404 1803
[2026-09-17 15:04:47,644] [log.py:228] [log:log_response] [WARNING]- Not Found: /media/DeviceLNV/Zaihuo/1390.jpg
[2026-09-17 15:04:47,645] [basehttp.py:154] [basehttp:log_message] [WARNING]- "GET /media/DeviceLNV/Device/1390.jpg HTTP/1.1" 404 1803
[2026-09-17 15:04:47,645] [log.py:228] [log:log_response] [WARNING]- Not Found: /media/DeviceLNV/Device/1412.jpg
[2026-09-17 15:04:47,652] [basehttp.py:154] [basehttp:log_message] [WARNING]- "GET /media/DeviceLNV/Zaihuo/1390.jpg HTTP/1.1" 404 1803
[2026-09-17 15:04:47,654] [log.py:228] [log:log_response] [WARNING]- Not Found: /media/DeviceLNV/Zaihuo/1412.jpg
[2026-09-17 15:04:47,654] [basehttp.py:154] [basehttp:log_message] [WARNING]- "GET /media/DeviceLNV/Device/1412.jpg HTTP/1.1" 404 1803
[2026-09-17 15:04:47,658] [basehttp.py:154] [basehttp:log_message] [WARNING]- "GET /media/DeviceLNV/Zaihuo/1412.jpg HTTP/1.1" 404 1803
[2026-09-17 15:04:47,682] [log.py:228] [log:log_response] [WARNING]- Not Found: /media/DeviceLNV/Device/38.jpg
[2026-09-17 15:04:47,686] [basehttp.py:154] [basehttp:log_message] [WARNING]- "GET /media/DeviceLNV/Device/38.jpg HTTP/1.1" 404 1797
[2026-09-17 15:04:47,695] [log.py:228] [log:log_response] [WARNING]- Not Found: /media/DeviceLNV/Zaihuo/38.jpg
[2026-09-17 15:04:47,705] [basehttp.py:154] [basehttp:log_message] [WARNING]- "GET /media/DeviceLNV/Zaihuo/38.jpg HTTP/1.1" 404 1797
[2026-09-17 15:04:47,705] [log.py:228] [log:log_response] [WARNING]- Not Found: /media/DeviceLNV/Device/1599.jpg
[2026-09-17 15:04:47,708] [log.py:228] [log:log_response] [WARNING]- Not Found: /media/DeviceLNV/Device/764.jpg
[2026-09-17 15:04:47,709] [basehttp.py:154] [basehttp:log_message] [WARNING]- "GET /media/DeviceLNV/Device/1599.jpg HTTP/1.1" 404 1803
[2026-09-17 15:04:47,711] [basehttp.py:154] [basehttp:log_message] [WARNING]- "GET /media/DeviceLNV/Device/764.jpg HTTP/1.1" 404 1800
[2026-09-17 15:04:47,716] [log.py:228] [log:log_response] [WARNING]- Not Found: /media/DeviceLNV/Zaihuo/764.jpg
[2026-09-17 15:04:47,720] [log.py:228] [log:log_response] [WARNING]- Not Found: /media/DeviceLNV/Zaihuo/1599.jpg
[2026-09-17 15:04:47,728] [basehttp.py:154] [basehttp:log_message] [WARNING]- "GET /media/DeviceLNV/Zaihuo/764.jpg HTTP/1.1" 404 1800
[2026-09-17 15:04:47,729] [basehttp.py:154] [basehttp:log_message] [WARNING]- "GET /media/DeviceLNV/Zaihuo/1599.jpg HTTP/1.1" 404 1803
[2026-09-17 15:04:47,731] [log.py:228] [log:log_response] [WARNING]- Not Found: /media/DeviceLNV/Device/1601.jpg
[2026-09-17 15:04:47,733] [basehttp.py:154] [basehttp:log_message] [WARNING]- "GET /media/DeviceLNV/Device/1601.jpg HTTP/1.1" 404 1803
[2026-09-17 15:04:47,754] [log.py:228] [log:log_response] [WARNING]- Not Found: /media/DeviceLNV/Zaihuo/1601.jpg
[2026-09-17 15:04:47,758] [basehttp.py:154] [basehttp:log_message] [WARNING]- "GET /media/DeviceLNV/Zaihuo/1601.jpg HTTP/1.1" 404 1803
[2026-09-17 15:04:47,759] [log.py:228] [log:log_response] [WARNING]- Not Found: /media/DeviceLNV/Device/1608.jpg
[2026-09-17 15:04:47,761] [basehttp.py:154] [basehttp:log_message] [WARNING]- "GET /media/DeviceLNV/Device/1608.jpg HTTP/1.1" 404 1803
[2026-09-17 15:04:47,772] [log.py:228] [log:log_response] [WARNING]- Not Found: /media/DeviceLNV/Zaihuo/1608.jpg
[2026-09-17 15:04:47,780] [basehttp.py:154] [basehttp:log_message] [WARNING]- "GET /media/DeviceLNV/Zaihuo/1608.jpg HTTP/1.1" 404 1803
[2026-09-17 15:04:47,782] [log.py:228] [log:log_response] [WARNING]- Not Found: /media/DeviceLNV/Zaihuo/1609.jpg
[2026-09-17 15:04:47,788] [basehttp.py:154] [basehttp:log_message] [WARNING]- "GET /media/DeviceLNV/Zaihuo/1609.jpg HTTP/1.1" 404 1803
[2026-09-17 15:04:47,789] [log.py:228] [log:log_response] [WARNING]- Not Found: /media/DeviceLNV/Device/1609.jpg
[2026-09-17 15:04:47,792] [basehttp.py:154] [basehttp:log_message] [WARNING]- "GET /media/DeviceLNV/Device/1609.jpg HTTP/1.1" 404 1803
[2026-09-17 15:04:47,803] [log.py:228] [log:log_response] [WARNING]- Not Found: /media/DeviceLNV/Device/1611.jpg
[2026-09-17 15:04:47,812] [log.py:228] [log:log_response] [WARNING]- Not Found: /media/DeviceLNV/Device/1620.jpg
[2026-09-17 15:04:47,812] [log.py:228] [log:log_response] [WARNING]- Not Found: /media/DeviceLNV/Zaihuo/1611.jpg
[2026-09-17 15:04:47,814] [basehttp.py:154] [basehttp:log_message] [WARNING]- "GET /media/DeviceLNV/Device/1611.jpg HTTP/1.1" 404 1803
[2026-09-17 15:04:47,815] [basehttp.py:154] [basehttp:log_message] [WARNING]- "GET /media/DeviceLNV/Device/1620.jpg HTTP/1.1" 404 1803
[2026-09-17 15:04:47,818] [basehttp.py:154] [basehttp:log_message] [WARNING]- "GET /media/DeviceLNV/Zaihuo/1611.jpg HTTP/1.1" 404 1803
[2026-09-17 15:04:47,845] [log.py:228] [log:log_response] [WARNING]- Not Found: /media/DeviceLNV/Zaihuo/1620.jpg
[2026-09-17 15:04:47,846] [log.py:228] [log:log_response] [WARNING]- Not Found: /media/DeviceLNV/Device/1631.jpg
[2026-09-17 15:04:47,850] [log.py:228] [log:log_response] [WARNING]- Not Found: /media/DeviceLNV/Zaihuo/1631.jpg
[2026-09-17 15:04:47,851] [basehttp.py:154] [basehttp:log_message] [WARNING]- "GET /media/DeviceLNV/Zaihuo/1620.jpg HTTP/1.1" 404 1803
[2026-09-17 15:04:47,853] [basehttp.py:154] [basehttp:log_message] [WARNING]- "GET /media/DeviceLNV/Zaihuo/1631.jpg HTTP/1.1" 404 1803
[2026-09-17 15:04:47,853] [basehttp.py:154] [basehttp:log_message] [WARNING]- "GET /media/DeviceLNV/Device/1631.jpg HTTP/1.1" 404 1803
[2026-09-17 15:04:47,860] [log.py:228] [log:log_response] [WARNING]- Not Found: /media/DeviceLNV/Device/1640.jpg
[2026-09-17 15:04:47,875] [basehttp.py:154] [basehttp:log_message] [WARNING]- "GET /media/DeviceLNV/Device/1640.jpg HTTP/1.1" 404 1803
[2026-09-17 15:04:47,875] [log.py:228] [log:log_response] [WARNING]- Not Found: /media/DeviceLNV/Device/1641.jpg
[2026-09-17 15:04:47,879] [basehttp.py:154] [basehttp:log_message] [WARNING]- "GET /media/DeviceLNV/Device/1641.jpg HTTP/1.1" 404 1803
[2026-09-17 15:04:47,886] [log.py:228] [log:log_response] [WARNING]- Not Found: /media/DeviceLNV/Zaihuo/1640.jpg
[2026-09-17 15:04:47,896] [log.py:228] [log:log_response] [WARNING]- Not Found: /media/DeviceLNV/Zaihuo/1641.jpg
[2026-09-17 15:04:47,897] [basehttp.py:154] [basehttp:log_message] [WARNING]- "GET /media/DeviceLNV/Zaihuo/1640.jpg HTTP/1.1" 404 1803
[2026-09-17 15:04:47,899] [log.py:228] [log:log_response] [WARNING]- Not Found: /media/DeviceLNV/Zaihuo/1642.jpg
[2026-09-17 15:04:47,899] [basehttp.py:154] [basehttp:log_message] [WARNING]- "GET /media/DeviceLNV/Zaihuo/1641.jpg HTTP/1.1" 404 1803
[2026-09-17 15:04:47,900] [basehttp.py:154] [basehttp:log_message] [WARNING]- "GET /media/DeviceLNV/Zaihuo/1642.jpg HTTP/1.1" 404 1803
[2026-09-17 15:04:47,906] [log.py:228] [log:log_response] [WARNING]- Not Found: /media/DeviceLNV/Device/1642.jpg
[2026-09-17 15:04:47,918] [log.py:228] [log:log_response] [WARNING]- Not Found: /media/DeviceLNV/Device/1643.jpg
[2026-09-17 15:04:47,922] [basehttp.py:154] [basehttp:log_message] [WARNING]- "GET /media/DeviceLNV/Device/1642.jpg HTTP/1.1" 404 1803
[2026-09-17 15:04:47,922] [basehttp.py:154] [basehttp:log_message] [WARNING]- "GET /media/DeviceLNV/Device/1643.jpg HTTP/1.1" 404 1803
[2026-09-17 15:04:47,944] [log.py:228] [log:log_response] [WARNING]- Not Found: /media/DeviceLNV/Zaihuo/1643.jpg
[2026-09-17 15:04:47,946] [log.py:228] [log:log_response] [WARNING]- Not Found: /media/DeviceLNV/Device/1646.jpg
[2026-09-17 15:04:47,952] [basehttp.py:154] [basehttp:log_message] [WARNING]- "GET /media/DeviceLNV/Zaihuo/1643.jpg HTTP/1.1" 404 1803
[2026-09-17 15:04:47,956] [basehttp.py:154] [basehttp:log_message] [WARNING]- "GET /media/DeviceLNV/Device/1646.jpg HTTP/1.1" 404 1803
[2026-09-17 15:04:47,962] [log.py:228] [log:log_response] [WARNING]- Not Found: /media/DeviceLNV/Zaihuo/1646.jpg
[2026-09-17 15:04:47,967] [basehttp.py:154] [basehttp:log_message] [WARNING]- "GET /media/DeviceLNV/Zaihuo/1646.jpg HTTP/1.1" 404 1803
[2026-09-17 15:04:47,973] [log.py:228] [log:log_response] [WARNING]- Not Found: /media/DeviceLNV/Device/1652.jpg
[2026-09-17 15:04:47,984] [basehttp.py:154] [basehttp:log_message] [WARNING]- "GET /media/DeviceLNV/Device/1652.jpg HTTP/1.1" 404 1803
[2026-09-17 15:04:47,985] [log.py:228] [log:log_response] [WARNING]- Not Found: /media/DeviceLNV/Zaihuo/1652.jpg
[2026-09-17 15:04:47,992] [basehttp.py:154] [basehttp:log_message] [WARNING]- "GET /media/DeviceLNV/Zaihuo/1652.jpg HTTP/1.1" 404 1803
[2026-09-17 15:04:47,997] [log.py:228] [log:log_response] [WARNING]- Not Found: /media/DeviceLNV/Device/1654.jpg
[2026-09-17 15:04:47,999] [basehttp.py:154] [basehttp:log_message] [WARNING]- "GET /media/DeviceLNV/Device/1654.jpg HTTP/1.1" 404 1803
[2026-09-17 15:04:48,004] [log.py:228] [log:log_response] [WARNING]- Not Found: /media/DeviceLNV/Zaihuo/1654.jpg
[2026-09-17 15:04:48,013] [basehttp.py:154] [basehttp:log_message] [WARNING]- "GET /media/DeviceLNV/Zaihuo/1654.jpg HTTP/1.1" 404 1803
[2026-09-17 15:04:48,022] [log.py:228] [log:log_response] [WARNING]- Not Found: /media/DeviceLNV/Device/1657.jpg
[2026-09-17 15:04:48,032] [basehttp.py:154] [basehttp:log_message] [WARNING]- "GET /media/DeviceLNV/Device/1657.jpg HTTP/1.1" 404 1803
[2026-09-17 15:04:48,041] [log.py:228] [log:log_response] [WARNING]- Not Found: /media/DeviceLNV/Zaihuo/1657.jpg
[2026-09-17 15:04:48,045] [log.py:228] [log:log_response] [WARNING]- Not Found: /media/DeviceLNV/Device/1658.jpg
[2026-09-17 15:04:48,051] [log.py:228] [log:log_response] [WARNING]- Not Found: /media/DeviceLNV/Zaihuo/1658.jpg
[2026-09-17 15:04:48,052] [basehttp.py:154] [basehttp:log_message] [WARNING]- "GET /media/DeviceLNV/Zaihuo/1657.jpg HTTP/1.1" 404 1803
[2026-09-17 15:04:48,054] [basehttp.py:154] [basehttp:log_message] [WARNING]- "GET /media/DeviceLNV/Device/1658.jpg HTTP/1.1" 404 1803
[2026-09-17 15:04:48,056] [log.py:228] [log:log_response] [WARNING]- Not Found: /media/DeviceLNV/Device/1664.jpg
[2026-09-17 15:04:48,059] [basehttp.py:154] [basehttp:log_message] [WARNING]- "GET /media/DeviceLNV/Zaihuo/1658.jpg HTTP/1.1" 404 1803
[2026-09-17 15:04:48,059] [basehttp.py:154] [basehttp:log_message] [WARNING]- "GET /media/DeviceLNV/Device/1664.jpg HTTP/1.1" 404 1803
[2026-09-17 15:04:48,069] [log.py:228] [log:log_response] [WARNING]- Not Found: /media/DeviceLNV/Zaihuo/1664.jpg
[2026-09-17 15:04:48,079] [basehttp.py:154] [basehttp:log_message] [WARNING]- "GET /media/DeviceLNV/Zaihuo/1664.jpg HTTP/1.1" 404 1803
[2026-09-17 15:04:48,110] [log.py:228] [log:log_response] [WARNING]- Not Found: /media/DeviceLNV/Device/1736.jpg
[2026-09-17 15:04:48,111] [basehttp.py:154] [basehttp:log_message] [WARNING]- "GET /media/DeviceLNV/Device/1736.jpg HTTP/1.1" 404 1803
[2026-09-17 15:04:48,145] [log.py:228] [log:log_response] [WARNING]- Not Found: /media/DeviceLNV/Device/1744.jpg
[2026-09-17 15:04:48,145] [log.py:228] [log:log_response] [WARNING]- Not Found: /media/DeviceLNV/Zaihuo/1744.jpg
[2026-09-17 15:04:48,146] [basehttp.py:154] [basehttp:log_message] [WARNING]- "GET /media/DeviceLNV/Zaihuo/1744.jpg HTTP/1.1" 404 1803
[2026-09-17 15:04:48,146] [basehttp.py:154] [basehttp:log_message] [WARNING]- "GET /media/DeviceLNV/Device/1744.jpg HTTP/1.1" 404 1803
[2026-09-17 15:04:48,180] [log.py:228] [log:log_response] [WARNING]- Not Found: /media/DeviceLNV/Zaihuo/1736.jpg
[2026-09-17 15:04:48,181] [basehttp.py:154] [basehttp:log_message] [WARNING]- "GET /media/DeviceLNV/Zaihuo/1736.jpg HTTP/1.1" 404 1803
[2026-09-17 15:04:48,200] [log.py:228] [log:log_response] [WARNING]- Not Found: /media/DeviceLNV/Device/1748.jpg
[2026-09-17 15:04:48,201] [basehttp.py:154] [basehttp:log_message] [WARNING]- "GET /media/DeviceLNV/Device/1748.jpg HTTP/1.1" 404 1803
[2026-09-17 15:04:48,212] [log.py:228] [log:log_response] [WARNING]- Not Found: /media/DeviceLNV/Zaihuo/1748.jpg
[2026-09-17 15:04:48,215] [basehttp.py:154] [basehttp:log_message] [WARNING]- "GET /media/DeviceLNV/Zaihuo/1748.jpg HTTP/1.1" 404 1803
[2026-09-17 15:04:48,238] [log.py:228] [log:log_response] [WARNING]- Not Found: /media/DeviceLNV/Device/1751.jpg
[2026-09-17 15:04:48,238] [basehttp.py:154] [basehttp:log_message] [WARNING]- "GET /media/DeviceLNV/Device/1751.jpg HTTP/1.1" 404 1803
[2026-09-17 15:04:48,257] [log.py:228] [log:log_response] [WARNING]- Not Found: /media/DeviceLNV/Zaihuo/1751.jpg
[2026-09-17 15:04:48,258] [basehttp.py:154] [basehttp:log_message] [WARNING]- "GET /media/DeviceLNV/Zaihuo/1751.jpg HTTP/1.1" 404 1803
[2026-09-17 15:04:48,269] [log.py:228] [log:log_response] [WARNING]- Not Found: /media/DeviceLNV/Device/1799.jpg
[2026-09-17 15:04:48,271] [basehttp.py:154] [basehttp:log_message] [WARNING]- "GET /media/DeviceLNV/Device/1799.jpg HTTP/1.1" 404 1803
[2026-09-17 15:04:48,282] [log.py:228] [log:log_response] [WARNING]- Not Found: /media/DeviceLNV/Zaihuo/1799.jpg
[2026-09-17 15:04:48,283] [basehttp.py:154] [basehttp:log_message] [WARNING]- "GET /media/DeviceLNV/Zaihuo/1799.jpg HTTP/1.1" 404 1803
[2026-09-17 15:04:48,289] [log.py:228] [log:log_response] [WARNING]- Not Found: /media/DeviceLNV/Device/1804.jpg
[2026-09-17 15:04:48,292] [basehttp.py:154] [basehttp:log_message] [WARNING]- "GET /media/DeviceLNV/Device/1804.jpg HTTP/1.1" 404 1803
[2026-09-17 15:04:48,296] [log.py:228] [log:log_response] [WARNING]- Not Found: /media/DeviceLNV/Zaihuo/1804.jpg
[2026-09-17 15:04:48,297] [basehttp.py:154] [basehttp:log_message] [WARNING]- "GET /media/DeviceLNV/Zaihuo/1804.jpg HTTP/1.1" 404 1803
[2026-09-17 15:04:48,307] [log.py:228] [log:log_response] [WARNING]- Not Found: /media/DeviceLNV/Zaihuo/1806.jpg
[2026-09-17 15:04:48,312] [log.py:228] [log:log_response] [WARNING]- Not Found: /media/DeviceLNV/Device/1806.jpg
[2026-09-17 15:04:48,313] [basehttp.py:154] [basehttp:log_message] [WARNING]- "GET /media/DeviceLNV/Zaihuo/1806.jpg HTTP/1.1" 404 1803
[2026-09-17 15:04:48,314] [basehttp.py:154] [basehttp:log_message] [WARNING]- "GET /media/DeviceLNV/Device/1806.jpg HTTP/1.1" 404 1803
[2026-09-17 15:04:48,314] [log.py:228] [log:log_response] [WARNING]- Not Found: /media/DeviceLNV/Device/1807.jpg
[2026-09-17 15:04:48,360] [log.py:228] [log:log_response] [WARNING]- Not Found: /media/DeviceLNV/Zaihuo/1807.jpg
[2026-09-17 15:04:48,365] [basehttp.py:154] [basehttp:log_message] [WARNING]- "GET /media/DeviceLNV/Device/1807.jpg HTTP/1.1" 404 1803
[2026-09-17 15:04:48,370] [basehttp.py:154] [basehttp:log_message] [WARNING]- "GET /media/DeviceLNV/Zaihuo/1807.jpg HTTP/1.1" 404 1803
[2026-09-17 15:04:48,393] [log.py:228] [log:log_response] [WARNING]- Not Found: /media/DeviceLNV/Device/1886.jpg
[2026-09-17 15:04:48,398] [basehttp.py:154] [basehttp:log_message] [WARNING]- "GET /media/DeviceLNV/Device/1886.jpg HTTP/1.1" 404 1803
[2026-09-17 15:04:48,400] [log.py:228] [log:log_response] [WARNING]- Not Found: /media/DeviceLNV/Zaihuo/1886.jpg
[2026-09-17 15:04:48,402] [basehttp.py:154] [basehttp:log_message] [WARNING]- "GET /media/DeviceLNV/Zaihuo/1886.jpg HTTP/1.1" 404 1803
[2026-09-17 15:04:48,410] [log.py:228] [log:log_response] [WARNING]- Not Found: /media/DeviceLNV/Device/1040.jpg
[2026-09-17 15:04:48,418] [log.py:228] [log:log_response] [WARNING]- Not Found: /media/DeviceLNV/Zaihuo/1040.jpg
[2026-09-17 15:04:48,421] [basehttp.py:154] [basehttp:log_message] [WARNING]- "GET /media/DeviceLNV/Device/1040.jpg HTTP/1.1" 404 1803
[2026-09-17 15:04:48,423] [log.py:228] [log:log_response] [WARNING]- Not Found: /media/DeviceLNV/Device/702.jpg
[2026-09-17 15:04:48,423] [basehttp.py:154] [basehttp:log_message] [WARNING]- "GET /media/DeviceLNV/Device/702.jpg HTTP/1.1" 404 1800
[2026-09-17 15:04:48,424] [basehttp.py:154] [basehttp:log_message] [WARNING]- "GET /media/DeviceLNV/Zaihuo/1040.jpg HTTP/1.1" 404 1803
[2026-09-17 15:04:48,434] [log.py:228] [log:log_response] [WARNING]- Not Found: /media/DeviceLNV/Zaihuo/702.jpg
[2026-09-17 15:04:48,442] [basehttp.py:154] [basehttp:log_message] [WARNING]- "GET /media/DeviceLNV/Zaihuo/702.jpg HTTP/1.1" 404 1800
[2026-09-17 15:04:48,455] [log.py:228] [log:log_response] [WARNING]- Not Found: /media/DeviceLNV/Zaihuo/651.jpg
[2026-09-17 15:04:48,459] [log.py:228] [log:log_response] [WARNING]- Not Found: /media/DeviceLNV/Device/651.jpg
[2026-09-17 15:04:48,459] [basehttp.py:154] [basehttp:log_message] [WARNING]- "GET /media/DeviceLNV/Zaihuo/651.jpg HTTP/1.1" 404 1800
[2026-09-17 15:04:48,467] [basehttp.py:154] [basehttp:log_message] [WARNING]- "GET /media/DeviceLNV/Device/651.jpg HTTP/1.1" 404 1800
[2026-09-17 15:04:48,468] [log.py:228] [log:log_response] [WARNING]- Not Found: /media/DeviceLNV/Device/1960.jpg
[2026-09-17 15:04:48,483] [log.py:228] [log:log_response] [WARNING]- Not Found: /media/DeviceLNV/Device/801.jpg
[2026-09-17 15:04:48,483] [basehttp.py:154] [basehttp:log_message] [WARNING]- "GET /media/DeviceLNV/Device/1960.jpg HTTP/1.1" 404 1803
[2026-09-17 15:04:48,484] [basehttp.py:154] [basehttp:log_message] [WARNING]- "GET /media/DeviceLNV/Device/801.jpg HTTP/1.1" 404 1800
[2026-09-17 15:04:48,498] [log.py:228] [log:log_response] [WARNING]- Not Found: /media/DeviceLNV/Zaihuo/1960.jpg
[2026-09-17 15:04:48,505] [basehttp.py:154] [basehttp:log_message] [WARNING]- "GET /media/DeviceLNV/Zaihuo/1960.jpg HTTP/1.1" 404 1803
[2026-09-17 15:04:48,506] [log.py:228] [log:log_response] [WARNING]- Not Found: /media/DeviceLNV/Zaihuo/801.jpg
[2026-09-17 15:04:48,510] [basehttp.py:154] [basehttp:log_message] [WARNING]- "GET /media/DeviceLNV/Zaihuo/801.jpg HTTP/1.1" 404 1800
[2026-09-17 15:04:48,520] [log.py:228] [log:log_response] [WARNING]- Not Found: /media/DeviceLNV/Device/563.jpg
[2026-09-17 15:04:48,524] [log.py:228] [log:log_response] [WARNING]- Not Found: /media/DeviceLNV/Zaihuo/563.jpg
[2026-09-17 15:04:48,526] [basehttp.py:154] [basehttp:log_message] [WARNING]- "GET /media/DeviceLNV/Device/563.jpg HTTP/1.1" 404 1800
[2026-09-17 15:04:48,529] [basehttp.py:154] [basehttp:log_message] [WARNING]- "GET /media/DeviceLNV/Zaihuo/563.jpg HTTP/1.1" 404 1800
[2026-09-17 15:04:48,541] [log.py:228] [log:log_response] [WARNING]- Not Found: /media/DeviceLNV/Device/1317.jpg
[2026-09-17 15:04:48,547] [log.py:228] [log:log_response] [WARNING]- Not Found: /media/DeviceLNV/Zaihuo/1317.jpg
[2026-09-17 15:04:48,547] [basehttp.py:154] [basehttp:log_message] [WARNING]- "GET /media/DeviceLNV/Device/1317.jpg HTTP/1.1" 404 1803
[2026-09-17 15:04:48,549] [basehttp.py:154] [basehttp:log_message] [WARNING]- "GET /media/DeviceLNV/Zaihuo/1317.jpg HTTP/1.1" 404 1803
[2026-09-17 15:04:48,550] [log.py:228] [log:log_response] [WARNING]- Not Found: /media/DeviceLNV/Device/1316.jpg
[2026-09-17 15:04:48,555] [log.py:228] [log:log_response] [WARNING]- Not Found: /media/DeviceLNV/Zaihuo/1316.jpg
[2026-09-17 15:04:48,555] [basehttp.py:154] [basehttp:log_message] [WARNING]- "GET /media/DeviceLNV/Device/1316.jpg HTTP/1.1" 404 1803
[2026-09-17 15:04:48,560] [basehttp.py:154] [basehttp:log_message] [WARNING]- "GET /media/DeviceLNV/Zaihuo/1316.jpg HTTP/1.1" 404 1803
[2026-09-17 15:04:48,573] [log.py:228] [log:log_response] [WARNING]- Not Found: /media/DeviceLNV/Device/846.jpg
[2026-09-17 15:04:48,580] [basehttp.py:154] [basehttp:log_message] [WARNING]- "GET /media/DeviceLNV/Device/846.jpg HTTP/1.1" 404 1800
[2026-09-17 15:04:48,588] [log.py:228] [log:log_response] [WARNING]- Not Found: /media/DeviceLNV/Zaihuo/846.jpg
[2026-09-17 15:04:48,593] [basehttp.py:154] [basehttp:log_message] [WARNING]- "GET /media/DeviceLNV/Zaihuo/846.jpg HTTP/1.1" 404 1800
[2026-09-17 15:04:48,594] [log.py:228] [log:log_response] [WARNING]- Not Found: /media/DeviceLNV/Device/1364.jpg
[2026-09-17 15:04:48,597] [log.py:228] [log:log_response] [WARNING]- Not Found: /media/DeviceLNV/Device/1408.jpg
[2026-09-17 15:04:48,600] [log.py:228] [log:log_response] [WARNING]- Not Found: /media/DeviceLNV/Zaihuo/1364.jpg
[2026-09-17 15:04:48,603] [basehttp.py:154] [basehttp:log_message] [WARNING]- "GET /media/DeviceLNV/Device/1364.jpg HTTP/1.1" 404 1803
[2026-09-17 15:04:48,604] [basehttp.py:154] [basehttp:log_message] [WARNING]- "GET /media/DeviceLNV/Device/1408.jpg HTTP/1.1" 404 1803
[2026-09-17 15:04:48,608] [basehttp.py:154] [basehttp:log_message] [WARNING]- "GET /media/DeviceLNV/Zaihuo/1364.jpg HTTP/1.1" 404 1803
[2026-09-17 15:04:48,616] [log.py:228] [log:log_response] [WARNING]- Not Found: /media/DeviceLNV/Zaihuo/1408.jpg
[2026-09-17 15:04:48,626] [basehttp.py:154] [basehttp:log_message] [WARNING]- "GET /media/DeviceLNV/Zaihuo/1408.jpg HTTP/1.1" 404 1803
[2026-09-17 15:04:48,627] [log.py:228] [log:log_response] [WARNING]- Not Found: /media/DeviceLNV/Device/1410.jpg
[2026-09-17 15:04:48,632] [basehttp.py:154] [basehttp:log_message] [WARNING]- "GET /media/DeviceLNV/Device/1410.jpg HTTP/1.1" 404 1803
[2026-09-17 15:04:48,643] [log.py:228] [log:log_response] [WARNING]- Not Found: /media/DeviceLNV/Zaihuo/1410.jpg
[2026-09-17 15:04:48,649] [basehttp.py:154] [basehttp:log_message] [WARNING]- "GET /media/DeviceLNV/Zaihuo/1410.jpg HTTP/1.1" 404 1803
[2026-09-17 15:04:48,650] [log.py:228] [log:log_response] [WARNING]- Not Found: /media/DeviceLNV/Device/120.jpg
[2026-09-17 15:04:48,657] [basehttp.py:154] [basehttp:log_message] [WARNING]- "GET /media/DeviceLNV/Device/120.jpg HTTP/1.1" 404 1800
[2026-09-17 15:04:48,664] [log.py:228] [log:log_response] [WARNING]- Not Found: /media/DeviceLNV/Zaihuo/120.jpg
[2026-09-17 15:04:48,665] [log.py:228] [log:log_response] [WARNING]- Not Found: /media/DeviceLNV/Device/2040.jpg
[2026-09-17 15:04:48,666] [basehttp.py:154] [basehttp:log_message] [WARNING]- "GET /media/DeviceLNV/Zaihuo/120.jpg HTTP/1.1" 404 1800
[2026-09-17 15:04:48,674] [log.py:228] [log:log_response] [WARNING]- Not Found: /media/DeviceLNV/Zaihuo/2040.jpg
[2026-09-17 15:04:48,677] [basehttp.py:154] [basehttp:log_message] [WARNING]- "GET /media/DeviceLNV/Device/2040.jpg HTTP/1.1" 404 1803
[2026-09-17 15:04:48,680] [basehttp.py:154] [basehttp:log_message] [WARNING]- "GET /media/DeviceLNV/Zaihuo/2040.jpg HTTP/1.1" 404 1803
[2026-09-17 15:04:48,695] [log.py:228] [log:log_response] [WARNING]- Not Found: /media/DeviceLNV/Device/1336.jpg
[2026-09-17 15:04:48,697] [basehttp.py:154] [basehttp:log_message] [WARNING]- "GET /media/DeviceLNV/Device/1336.jpg HTTP/1.1" 404 1803
[2026-09-17 15:04:48,699] [log.py:228] [log:log_response] [WARNING]- Not Found: /media/DeviceLNV/Zaihuo/1336.jpg
[2026-09-17 15:04:48,703] [basehttp.py:154] [basehttp:log_message] [WARNING]- "GET /media/DeviceLNV/Zaihuo/1336.jpg HTTP/1.1" 404 1803
[2026-09-17 15:04:48,705] [log.py:228] [log:log_response] [WARNING]- Not Found: /media/DeviceLNV/Device/2446.jpg
[2026-09-17 15:04:48,706] [basehttp.py:154] [basehttp:log_message] [WARNING]- "GET /media/DeviceLNV/Device/2446.jpg HTTP/1.1" 404 1803
[2026-09-17 15:04:48,708] [log.py:228] [log:log_response] [WARNING]- Not Found: /media/DeviceLNV/Zaihuo/2446.jpg
[2026-09-17 15:04:48,710] [basehttp.py:154] [basehttp:log_message] [WARNING]- "GET /media/DeviceLNV/Zaihuo/2446.jpg HTTP/1.1" 404 1803
[2026-09-17 15:04:59,403] [UserIP.py:88] [UserIP:process_response] [INFO]- 2026-09-17 15:04:59: C1010S3/AnonymousUser/Cao.Edwin> None/EDWIN/bxbei > 127.0.0.1/127.0.0.1 > <WSGIRequest: POST '/DeviceLNV/M_edit/'>
[2026-09-17 15:04:59,442] [basehttp.py:154] [basehttp:log_message] [INFO]- "POST /DeviceLNV/M_edit/ HTTP/1.1" 200 2487806
[2026-09-17 15:04:59,907] [log.py:228] [log:log_response] [WARNING]- Not Found: /media/DeviceLNV/Zaihuo/1513.jpg
[2026-09-17 15:04:59,912] [basehttp.py:154] [basehttp:log_message] [WARNING]- "GET /media/DeviceLNV/Zaihuo/1513.jpg HTTP/1.1" 404 1803
[2026-09-17 15:04:59,938] [log.py:228] [log:log_response] [WARNING]- Not Found: /media/DeviceLNV/Zaihuo/2156.jpg
[2026-09-17 15:04:59,939] [log.py:228] [log:log_response] [WARNING]- Not Found: /media/DeviceLNV/Device/233.jpg
[2026-09-17 15:04:59,940] [basehttp.py:154] [basehttp:log_message] [WARNING]- "GET /media/DeviceLNV/Zaihuo/2156.jpg HTTP/1.1" 404 1803
[2026-09-17 15:04:59,941] [basehttp.py:154] [basehttp:log_message] [WARNING]- "GET /media/DeviceLNV/Device/233.jpg HTTP/1.1" 404 1800
[2026-09-17 15:04:59,951] [log.py:228] [log:log_response] [WARNING]- Not Found: /media/DeviceLNV/Device/2260.jpg
[2026-09-17 15:04:59,955] [log.py:228] [log:log_response] [WARNING]- Not Found: /media/DeviceLNV/Zaihuo/2260.jpg
[2026-09-17 15:04:59,956] [basehttp.py:154] [basehttp:log_message] [WARNING]- "GET /media/DeviceLNV/Device/2260.jpg HTTP/1.1" 404 1803
[2026-09-17 15:04:59,957] [basehttp.py:154] [basehttp:log_message] [WARNING]- "GET /media/DeviceLNV/Zaihuo/2260.jpg HTTP/1.1" 404 1803
[2026-09-17 15:04:59,960] [log.py:228] [log:log_response] [WARNING]- Not Found: /media/DeviceLNV/Zaihuo/233.jpg
[2026-09-17 15:04:59,970] [basehttp.py:154] [basehttp:log_message] [WARNING]- "GET /media/DeviceLNV/Zaihuo/233.jpg HTTP/1.1" 404 1800
[2026-09-17 15:04:59,976] [log.py:228] [log:log_response] [WARNING]- Not Found: /media/DeviceLNV/Device/2214.jpg
[2026-09-17 15:04:59,977] [log.py:228] [log:log_response] [WARNING]- Not Found: /media/DeviceLNV/Zaihuo/2214.jpg
[2026-09-17 15:04:59,980] [basehttp.py:154] [basehttp:log_message] [WARNING]- "GET /media/DeviceLNV/Device/2214.jpg HTTP/1.1" 404 1803
[2026-09-17 15:04:59,980] [log.py:228] [log:log_response] [WARNING]- Not Found: /media/DeviceLNV/Device/244.jpg
[2026-09-17 15:04:59,985] [basehttp.py:154] [basehttp:log_message] [WARNING]- "GET /media/DeviceLNV/Zaihuo/2214.jpg HTTP/1.1" 404 1803
[2026-09-17 15:04:59,991] [log.py:228] [log:log_response] [WARNING]- Not Found: /media/DeviceLNV/Zaihuo/244.jpg
[2026-09-17 15:04:59,993] [basehttp.py:154] [basehttp:log_message] [WARNING]- "GET /media/DeviceLNV/Device/244.jpg HTTP/1.1" 404 1800
[2026-09-17 15:04:59,995] [basehttp.py:154] [basehttp:log_message] [WARNING]- "GET /media/DeviceLNV/Zaihuo/244.jpg HTTP/1.1" 404 1800
[2026-09-17 15:05:00,029] [log.py:228] [log:log_response] [WARNING]- Not Found: /media/DeviceLNV/Device/202.jpg
[2026-09-17 15:05:00,039] [log.py:228] [log:log_response] [WARNING]- Not Found: /media/DeviceLNV/Zaihuo/202.jpg
[2026-09-17 15:05:00,042] [basehttp.py:154] [basehttp:log_message] [WARNING]- "GET /media/DeviceLNV/Device/202.jpg HTTP/1.1" 404 1800
[2026-09-17 15:05:00,049] [basehttp.py:154] [basehttp:log_message] [WARNING]- "GET /media/DeviceLNV/Zaihuo/202.jpg HTTP/1.1" 404 1800
[2026-09-17 15:05:00,060] [log.py:228] [log:log_response] [WARNING]- Not Found: /media/DeviceLNV/Device/1462.jpg
[2026-09-17 15:05:00,068] [log.py:228] [log:log_response] [WARNING]- Not Found: /media/DeviceLNV/Zaihuo/1462.jpg
[2026-09-17 15:05:00,072] [basehttp.py:154] [basehttp:log_message] [WARNING]- "GET /media/DeviceLNV/Device/1462.jpg HTTP/1.1" 404 1803
[2026-09-17 15:05:00,077] [basehttp.py:154] [basehttp:log_message] [WARNING]- "GET /media/DeviceLNV/Zaihuo/1462.jpg HTTP/1.1" 404 1803
[2026-09-17 15:05:00,077] [log.py:228] [log:log_response] [WARNING]- Not Found: /media/DeviceLNV/Device/2218.jpg
[2026-09-17 15:05:00,083] [log.py:228] [log:log_response] [WARNING]- Not Found: /media/DeviceLNV/Zaihuo/2218.jpg
[2026-09-17 15:05:00,091] [basehttp.py:154] [basehttp:log_message] [WARNING]- "GET /media/DeviceLNV/Device/2218.jpg HTTP/1.1" 404 1803
[2026-09-17 15:05:00,095] [basehttp.py:154] [basehttp:log_message] [WARNING]- "GET /media/DeviceLNV/Zaihuo/2218.jpg HTTP/1.1" 404 1803
[2026-09-17 15:05:00,110] [log.py:228] [log:log_response] [WARNING]- Not Found: /media/DeviceLNV/Device/253.jpg
[2026-09-17 15:05:00,113] [log.py:228] [log:log_response] [WARNING]- Not Found: /media/DeviceLNV/Device/1459.jpg
[2026-09-17 15:05:00,116] [basehttp.py:154] [basehttp:log_message] [WARNING]- "GET /media/DeviceLNV/Device/253.jpg HTTP/1.1" 404 1800
[2026-09-17 15:05:00,122] [basehttp.py:154] [basehttp:log_message] [WARNING]- "GET /media/DeviceLNV/Device/1459.jpg HTTP/1.1" 404 1803
[2026-09-17 15:05:00,137] [log.py:228] [log:log_response] [WARNING]- Not Found: /media/DeviceLNV/Zaihuo/1459.jpg
[2026-09-17 15:05:00,142] [log.py:228] [log:log_response] [WARNING]- Not Found: /media/DeviceLNV/Device/261.jpg
[2026-09-17 15:05:00,154] [basehttp.py:154] [basehttp:log_message] [WARNING]- "GET /media/DeviceLNV/Zaihuo/1459.jpg HTTP/1.1" 404 1803
[2026-09-17 15:05:00,155] [log.py:228] [log:log_response] [WARNING]- Not Found: /media/DeviceLNV/Zaihuo/261.jpg
[2026-09-17 15:05:00,161] [basehttp.py:154] [basehttp:log_message] [WARNING]- "GET /media/DeviceLNV/Device/261.jpg HTTP/1.1" 404 1800
[2026-09-17 15:05:00,186] [basehttp.py:154] [basehttp:log_message] [WARNING]- "GET /media/DeviceLNV/Zaihuo/261.jpg HTTP/1.1" 404 1800
[2026-09-17 15:05:00,213] [log.py:228] [log:log_response] [WARNING]- Not Found: /media/DeviceLNV/Device/262.jpg
[2026-09-17 15:05:00,221] [basehttp.py:154] [basehttp:log_message] [WARNING]- "GET /media/DeviceLNV/Device/262.jpg HTTP/1.1" 404 1800
[2026-09-17 15:05:00,223] [log.py:228] [log:log_response] [WARNING]- Not Found: /media/DeviceLNV/Zaihuo/262.jpg
[2026-09-17 15:05:00,225] [basehttp.py:154] [basehttp:log_message] [WARNING]- "GET /media/DeviceLNV/Zaihuo/262.jpg HTTP/1.1" 404 1800
[2026-09-17 15:05:00,229] [log.py:228] [log:log_response] [WARNING]- Not Found: /media/DeviceLNV/Device/268.jpg
[2026-09-17 15:05:00,230] [basehttp.py:154] [basehttp:log_message] [WARNING]- "GET /media/DeviceLNV/Device/268.jpg HTTP/1.1" 404 1800
[2026-09-17 15:05:00,248] [log.py:228] [log:log_response] [WARNING]- Not Found: /media/DeviceLNV/Zaihuo/268.jpg
[2026-09-17 15:05:00,255] [log.py:228] [log:log_response] [WARNING]- Not Found: /media/DeviceLNV/Device/266.jpg
[2026-09-17 15:05:00,256] [basehttp.py:154] [basehttp:log_message] [WARNING]- "GET /media/DeviceLNV/Zaihuo/268.jpg HTTP/1.1" 404 1800
[2026-09-17 15:05:00,257] [basehttp.py:154] [basehttp:log_message] [WARNING]- "GET /media/DeviceLNV/Device/266.jpg HTTP/1.1" 404 1800
[2026-09-17 15:05:00,265] [log.py:228] [log:log_response] [WARNING]- Not Found: /media/DeviceLNV/Zaihuo/266.jpg
[2026-09-17 15:05:00,275] [log.py:228] [log:log_response] [WARNING]- Not Found: /media/DeviceLNV/Device/269.jpg
[2026-09-17 15:05:00,276] [basehttp.py:154] [basehttp:log_message] [WARNING]- "GET /media/DeviceLNV/Zaihuo/266.jpg HTTP/1.1" 404 1800
[2026-09-17 15:05:00,283] [basehttp.py:154] [basehttp:log_message] [WARNING]- "GET /media/DeviceLNV/Device/269.jpg HTTP/1.1" 404 1800
[2026-09-17 15:05:00,292] [log.py:228] [log:log_response] [WARNING]- Not Found: /media/DeviceLNV/Zaihuo/269.jpg
[2026-09-17 15:05:00,298] [basehttp.py:154] [basehttp:log_message] [WARNING]- "GET /media/DeviceLNV/Zaihuo/269.jpg HTTP/1.1" 404 1800
[2026-09-17 15:05:00,299] [log.py:228] [log:log_response] [WARNING]- Not Found: /media/DeviceLNV/Device/267.jpg
[2026-09-17 15:05:00,306] [log.py:228] [log:log_response] [WARNING]- Not Found: /media/DeviceLNV/Device/2098.jpg
[2026-09-17 15:05:00,309] [basehttp.py:154] [basehttp:log_message] [WARNING]- "GET /media/DeviceLNV/Device/267.jpg HTTP/1.1" 404 1800
[2026-09-17 15:05:00,311] [basehttp.py:154] [basehttp:log_message] [WARNING]- "GET /media/DeviceLNV/Device/2098.jpg HTTP/1.1" 404 1803
[2026-09-17 15:05:00,316] [log.py:228] [log:log_response] [WARNING]- Not Found: /media/DeviceLNV/Zaihuo/267.jpg
[2026-09-17 15:05:00,320] [log.py:228] [log:log_response] [WARNING]- Not Found: /media/DeviceLNV/Zaihuo/2098.jpg
[2026-09-17 15:05:00,323] [basehttp.py:154] [basehttp:log_message] [WARNING]- "GET /media/DeviceLNV/Zaihuo/267.jpg HTTP/1.1" 404 1800
[2026-09-17 15:05:00,331] [basehttp.py:154] [basehttp:log_message] [WARNING]- "GET /media/DeviceLNV/Zaihuo/2098.jpg HTTP/1.1" 404 1803
[2026-09-17 15:05:00,336] [log.py:228] [log:log_response] [WARNING]- Not Found: /media/DeviceLNV/Device/1292.jpg
[2026-09-17 15:05:00,354] [basehttp.py:154] [basehttp:log_message] [WARNING]- "GET /media/DeviceLNV/Device/1292.jpg HTTP/1.1" 404 1803
[2026-09-17 15:05:00,363] [log.py:228] [log:log_response] [WARNING]- Not Found: /media/DeviceLNV/Zaihuo/1292.jpg
[2026-09-17 15:05:00,381] [basehttp.py:154] [basehttp:log_message] [WARNING]- "GET /media/DeviceLNV/Zaihuo/1292.jpg HTTP/1.1" 404 1803
[2026-09-17 15:05:00,384] [log.py:228] [log:log_response] [WARNING]- Not Found: /media/DeviceLNV/Zaihuo/2048.jpg
[2026-09-17 15:05:00,391] [log.py:228] [log:log_response] [WARNING]- Not Found: /media/DeviceLNV/Device/2048.jpg
[2026-09-17 15:05:00,392] [basehttp.py:154] [basehttp:log_message] [WARNING]- "GET /media/DeviceLNV/Zaihuo/2048.jpg HTTP/1.1" 404 1803
[2026-09-17 15:05:00,393] [basehttp.py:154] [basehttp:log_message] [WARNING]- "GET /media/DeviceLNV/Device/2048.jpg HTTP/1.1" 404 1803
[2026-09-17 15:05:00,393] [log.py:228] [log:log_response] [WARNING]- Not Found: /media/DeviceLNV/Zaihuo/209.jpg
[2026-09-17 15:05:00,396] [log.py:228] [log:log_response] [WARNING]- Not Found: /media/DeviceLNV/Device/209.jpg
[2026-09-17 15:05:00,400] [log.py:228] [log:log_response] [WARNING]- Not Found: /media/DeviceLNV/Device/2216.jpg
[2026-09-17 15:05:00,401] [basehttp.py:154] [basehttp:log_message] [WARNING]- "GET /media/DeviceLNV/Zaihuo/209.jpg HTTP/1.1" 404 1800
[2026-09-17 15:05:00,408] [basehttp.py:154] [basehttp:log_message] [WARNING]- "GET /media/DeviceLNV/Device/209.jpg HTTP/1.1" 404 1800
[2026-09-17 15:05:00,409] [basehttp.py:154] [basehttp:log_message] [WARNING]- "GET /media/DeviceLNV/Device/2216.jpg HTTP/1.1" 404 1803
[2026-09-17 15:05:00,437] [log.py:228] [log:log_response] [WARNING]- Not Found: /media/DeviceLNV/Zaihuo/2216.jpg
[2026-09-17 15:05:00,439] [basehttp.py:154] [basehttp:log_message] [WARNING]- "GET /media/DeviceLNV/Zaihuo/2216.jpg HTTP/1.1" 404 1803
[2026-09-17 15:05:00,440] [log.py:228] [log:log_response] [WARNING]- Not Found: /media/DeviceLNV/Device/247.jpg
[2026-09-17 15:05:00,447] [basehttp.py:154] [basehttp:log_message] [WARNING]- "GET /media/DeviceLNV/Device/247.jpg HTTP/1.1" 404 1800
[2026-09-17 15:05:00,462] [log.py:228] [log:log_response] [WARNING]- Not Found: /media/DeviceLNV/Zaihuo/247.jpg
[2026-09-17 15:05:00,473] [log.py:228] [log:log_response] [WARNING]- Not Found: /media/DeviceLNV/Device/264.jpg
[2026-09-17 15:05:00,473] [basehttp.py:154] [basehttp:log_message] [WARNING]- "GET /media/DeviceLNV/Zaihuo/247.jpg HTTP/1.1" 404 1800
[2026-09-17 15:05:00,477] [log.py:228] [log:log_response] [WARNING]- Not Found: /media/DeviceLNV/Device/2217.jpg
[2026-09-17 15:05:00,483] [basehttp.py:154] [basehttp:log_message] [WARNING]- "GET /media/DeviceLNV/Device/264.jpg HTTP/1.1" 404 1800
[2026-09-17 15:05:00,487] [basehttp.py:154] [basehttp:log_message] [WARNING]- "GET /media/DeviceLNV/Device/2217.jpg HTTP/1.1" 404 1803
[2026-09-17 15:05:00,493] [log.py:228] [log:log_response] [WARNING]- Not Found: /media/DeviceLNV/Zaihuo/264.jpg
[2026-09-17 15:05:00,499] [log.py:228] [log:log_response] [WARNING]- Not Found: /media/DeviceLNV/Zaihuo/2217.jpg
[2026-09-17 15:05:00,504] [basehttp.py:154] [basehttp:log_message] [WARNING]- "GET /media/DeviceLNV/Zaihuo/264.jpg HTTP/1.1" 404 1800
[2026-09-17 15:05:00,508] [basehttp.py:154] [basehttp:log_message] [WARNING]- "GET /media/DeviceLNV/Zaihuo/2217.jpg HTTP/1.1" 404 1803
[2026-09-17 15:05:00,513] [log.py:228] [log:log_response] [WARNING]- Not Found: /media/DeviceLNV/Device/228.jpg
[2026-09-17 15:05:00,524] [basehttp.py:154] [basehttp:log_message] [WARNING]- "GET /media/DeviceLNV/Device/228.jpg HTTP/1.1" 404 1800
[2026-09-17 15:05:00,538] [log.py:228] [log:log_response] [WARNING]- Not Found: /media/DeviceLNV/Zaihuo/228.jpg
[2026-09-17 15:05:00,548] [log.py:228] [log:log_response] [WARNING]- Not Found: /media/DeviceLNV/Device/214.jpg
[2026-09-17 15:05:00,553] [log.py:228] [log:log_response] [WARNING]- Not Found: /media/DeviceLNV/Device/2049.jpg
[2026-09-17 15:05:00,553] [basehttp.py:154] [basehttp:log_message] [WARNING]- "GET /media/DeviceLNV/Zaihuo/228.jpg HTTP/1.1" 404 1800
[2026-09-17 15:05:00,558] [basehttp.py:154] [basehttp:log_message] [WARNING]- "GET /media/DeviceLNV/Device/2049.jpg HTTP/1.1" 404 1803
[2026-09-17 15:05:00,558] [basehttp.py:154] [basehttp:log_message] [WARNING]- "GET /media/DeviceLNV/Device/214.jpg HTTP/1.1" 404 1800
[2026-09-17 15:05:00,562] [log.py:228] [log:log_response] [WARNING]- Not Found: /media/DeviceLNV/Zaihuo/214.jpg
[2026-09-17 15:05:00,574] [log.py:228] [log:log_response] [WARNING]- Not Found: /media/DeviceLNV/Zaihuo/2049.jpg
[2026-09-17 15:05:00,583] [basehttp.py:154] [basehttp:log_message] [WARNING]- "GET /media/DeviceLNV/Zaihuo/2049.jpg HTTP/1.1" 404 1803
[2026-09-17 15:05:00,584] [basehttp.py:154] [basehttp:log_message] [WARNING]- "GET /media/DeviceLNV/Zaihuo/214.jpg HTTP/1.1" 404 1800
[2026-09-17 15:05:00,605] [log.py:228] [log:log_response] [WARNING]- Not Found: /media/DeviceLNV/Device/2050.jpg
[2026-09-17 15:05:00,617] [basehttp.py:154] [basehttp:log_message] [WARNING]- "GET /media/DeviceLNV/Device/2050.jpg HTTP/1.1" 404 1803
[2026-09-17 15:05:00,624] [log.py:228] [log:log_response] [WARNING]- Not Found: /media/DeviceLNV/Zaihuo/2050.jpg
[2026-09-17 15:05:00,626] [log.py:228] [log:log_response] [WARNING]- Not Found: /media/DeviceLNV/Device/1298.jpg
[2026-09-17 15:05:00,631] [basehttp.py:154] [basehttp:log_message] [WARNING]- "GET /media/DeviceLNV/Zaihuo/2050.jpg HTTP/1.1" 404 1803
[2026-09-17 15:05:00,635] [log.py:228] [log:log_response] [WARNING]- Not Found: /media/DeviceLNV/Zaihuo/1298.jpg
[2026-09-17 15:05:00,635] [basehttp.py:154] [basehttp:log_message] [WARNING]- "GET /media/DeviceLNV/Device/1298.jpg HTTP/1.1" 404 1803
[2026-09-17 15:05:00,646] [log.py:228] [log:log_response] [WARNING]- Not Found: /media/DeviceLNV/Device/1299.jpg
[2026-09-17 15:05:00,648] [basehttp.py:154] [basehttp:log_message] [WARNING]- "GET /media/DeviceLNV/Zaihuo/1298.jpg HTTP/1.1" 404 1803
[2026-09-17 15:05:00,651] [log.py:228] [log:log_response] [WARNING]- Not Found: /media/DeviceLNV/Zaihuo/1299.jpg
[2026-09-17 15:05:00,658] [basehttp.py:154] [basehttp:log_message] [WARNING]- "GET /media/DeviceLNV/Device/1299.jpg HTTP/1.1" 404 1803
[2026-09-17 15:05:00,662] [basehttp.py:154] [basehttp:log_message] [WARNING]- "GET /media/DeviceLNV/Zaihuo/1299.jpg HTTP/1.1" 404 1803
[2026-09-17 15:05:00,677] [log.py:228] [log:log_response] [WARNING]- Not Found: /media/DeviceLNV/Device/1300.jpg
[2026-09-17 15:05:00,687] [basehttp.py:154] [basehttp:log_message] [WARNING]- "GET /media/DeviceLNV/Device/1300.jpg HTTP/1.1" 404 1803
[2026-09-17 15:05:00,692] [log.py:228] [log:log_response] [WARNING]- Not Found: /media/DeviceLNV/Zaihuo/1300.jpg
[2026-09-17 15:05:00,701] [basehttp.py:154] [basehttp:log_message] [WARNING]- "GET /media/DeviceLNV/Zaihuo/1300.jpg HTTP/1.1" 404 1803
[2026-09-17 15:05:00,701] [log.py:228] [log:log_response] [WARNING]- Not Found: /media/DeviceLNV/Device/1301.jpg
[2026-09-17 15:05:00,714] [log.py:228] [log:log_response] [WARNING]- Not Found: /media/DeviceLNV/Device/227.jpg
[2026-09-17 15:05:00,715] [basehttp.py:154] [basehttp:log_message] [WARNING]- "GET /media/DeviceLNV/Device/1301.jpg HTTP/1.1" 404 1803
[2026-09-17 15:05:00,726] [basehttp.py:154] [basehttp:log_message] [WARNING]- "GET /media/DeviceLNV/Device/227.jpg HTTP/1.1" 404 1800
[2026-09-17 15:05:00,733] [log.py:228] [log:log_response] [WARNING]- Not Found: /media/DeviceLNV/Zaihuo/1301.jpg
[2026-09-17 15:05:00,741] [log.py:228] [log:log_response] [WARNING]- Not Found: /media/DeviceLNV/Zaihuo/227.jpg
[2026-09-17 15:05:00,752] [basehttp.py:154] [basehttp:log_message] [WARNING]- "GET /media/DeviceLNV/Zaihuo/1301.jpg HTTP/1.1" 404 1803
[2026-09-17 15:05:00,756] [basehttp.py:154] [basehttp:log_message] [WARNING]- "GET /media/DeviceLNV/Zaihuo/227.jpg HTTP/1.1" 404 1800
[2026-09-17 15:05:00,767] [log.py:228] [log:log_response] [WARNING]- Not Found: /media/DeviceLNV/Device/259.jpg
[2026-09-17 15:05:00,773] [basehttp.py:154] [basehttp:log_message] [WARNING]- "GET /media/DeviceLNV/Device/259.jpg HTTP/1.1" 404 1800
[2026-09-17 15:05:00,791] [log.py:228] [log:log_response] [WARNING]- Not Found: /media/DeviceLNV/Zaihuo/259.jpg
[2026-09-17 15:05:00,800] [log.py:228] [log:log_response] [WARNING]- Not Found: /media/DeviceLNV/Zaihuo/260.jpg
[2026-09-17 15:05:00,802] [basehttp.py:154] [basehttp:log_message] [WARNING]- "GET /media/DeviceLNV/Zaihuo/259.jpg HTTP/1.1" 404 1800
[2026-09-17 15:05:00,807] [basehttp.py:154] [basehttp:log_message] [WARNING]- "GET /media/DeviceLNV/Zaihuo/260.jpg HTTP/1.1" 404 1800
[2026-09-17 15:05:00,812] [log.py:228] [log:log_response] [WARNING]- Not Found: /media/DeviceLNV/Device/260.jpg
[2026-09-17 15:05:00,820] [basehttp.py:154] [basehttp:log_message] [WARNING]- "GET /media/DeviceLNV/Device/260.jpg HTTP/1.1" 404 1800
[2026-09-17 15:05:00,842] [log.py:228] [log:log_response] [WARNING]- Not Found: /media/DeviceLNV/Zaihuo/1383.jpg
[2026-09-17 15:05:00,845] [log.py:228] [log:log_response] [WARNING]- Not Found: /media/DeviceLNV/Device/1383.jpg
[2026-09-17 15:05:00,845] [basehttp.py:154] [basehttp:log_message] [WARNING]- "GET /media/DeviceLNV/Zaihuo/1383.jpg HTTP/1.1" 404 1803
[2026-09-17 15:05:00,847] [basehttp.py:154] [basehttp:log_message] [WARNING]- "GET /media/DeviceLNV/Device/1383.jpg HTTP/1.1" 404 1803
[2026-09-17 15:05:00,853] [log.py:228] [log:log_response] [WARNING]- Not Found: /media/DeviceLNV/Device/1294.jpg
[2026-09-17 15:05:00,868] [log.py:228] [log:log_response] [WARNING]- Not Found: /media/DeviceLNV/Zaihuo/1294.jpg
[2026-09-17 15:05:00,873] [basehttp.py:154] [basehttp:log_message] [WARNING]- "GET /media/DeviceLNV/Device/1294.jpg HTTP/1.1" 404 1803
[2026-09-17 15:05:00,873] [log.py:228] [log:log_response] [WARNING]- Not Found: /media/DeviceLNV/Device/1296.jpg
[2026-09-17 15:05:00,876] [basehttp.py:154] [basehttp:log_message] [WARNING]- "GET /media/DeviceLNV/Zaihuo/1294.jpg HTTP/1.1" 404 1803
[2026-09-17 15:05:00,882] [basehttp.py:154] [basehttp:log_message] [WARNING]- "GET /media/DeviceLNV/Device/1296.jpg HTTP/1.1" 404 1803
[2026-09-17 15:05:00,885] [log.py:228] [log:log_response] [WARNING]- Not Found: /media/DeviceLNV/Zaihuo/1296.jpg
[2026-09-17 15:05:00,901] [basehttp.py:154] [basehttp:log_message] [WARNING]- "GET /media/DeviceLNV/Zaihuo/1296.jpg HTTP/1.1" 404 1803
[2026-09-17 15:05:00,907] [log.py:228] [log:log_response] [WARNING]- Not Found: /media/DeviceLNV/Device/1297.jpg
[2026-09-17 15:05:00,911] [basehttp.py:154] [basehttp:log_message] [WARNING]- "GET /media/DeviceLNV/Device/1297.jpg HTTP/1.1" 404 1803
[2026-09-17 15:05:00,923] [log.py:228] [log:log_response] [WARNING]- Not Found: /media/DeviceLNV/Zaihuo/1297.jpg
[2026-09-17 15:05:00,934] [basehttp.py:154] [basehttp:log_message] [WARNING]- "GET /media/DeviceLNV/Zaihuo/1297.jpg HTTP/1.1" 404 1803
[2026-09-17 15:05:00,936] [log.py:228] [log:log_response] [WARNING]- Not Found: /media/DeviceLNV/Zaihuo/1302.jpg
[2026-09-17 15:05:00,938] [log.py:228] [log:log_response] [WARNING]- Not Found: /media/DeviceLNV/Device/1302.jpg
[2026-09-17 15:05:00,940] [basehttp.py:154] [basehttp:log_message] [WARNING]- "GET /media/DeviceLNV/Zaihuo/1302.jpg HTTP/1.1" 404 1803
[2026-09-17 15:05:00,945] [log.py:228] [log:log_response] [WARNING]- Not Found: /media/DeviceLNV/Device/223.jpg
[2026-09-17 15:05:00,945] [basehttp.py:154] [basehttp:log_message] [WARNING]- "GET /media/DeviceLNV/Device/1302.jpg HTTP/1.1" 404 1803
[2026-09-17 15:05:00,960] [basehttp.py:154] [basehttp:log_message] [WARNING]- "GET /media/DeviceLNV/Device/223.jpg HTTP/1.1" 404 1800
[2026-09-17 15:05:00,962] [log.py:228] [log:log_response] [WARNING]- Not Found: /media/DeviceLNV/Zaihuo/223.jpg
[2026-09-17 15:05:00,976] [basehttp.py:154] [basehttp:log_message] [WARNING]- "GET /media/DeviceLNV/Zaihuo/223.jpg HTTP/1.1" 404 1800
[2026-09-17 15:05:00,991] [log.py:228] [log:log_response] [WARNING]- Not Found: /media/DeviceLNV/Device/1934.jpg
[2026-09-17 15:05:00,998] [basehttp.py:154] [basehttp:log_message] [WARNING]- "GET /media/DeviceLNV/Device/1934.jpg HTTP/1.1" 404 1803
[2026-09-17 15:05:01,016] [log.py:228] [log:log_response] [WARNING]- Not Found: /media/DeviceLNV/Zaihuo/1934.jpg
[2026-09-17 15:05:01,022] [basehttp.py:154] [basehttp:log_message] [WARNING]- "GET /media/DeviceLNV/Zaihuo/1934.jpg HTTP/1.1" 404 1803
[2026-09-17 15:05:01,024] [log.py:228] [log:log_response] [WARNING]- Not Found: /media/DeviceLNV/Device/2220.jpg
[2026-09-17 15:05:01,028] [log.py:228] [log:log_response] [WARNING]- Not Found: /media/DeviceLNV/Device/1460.jpg
[2026-09-17 15:05:01,029] [basehttp.py:154] [basehttp:log_message] [WARNING]- "GET /media/DeviceLNV/Device/2220.jpg HTTP/1.1" 404 1803
[2026-09-17 15:05:01,034] [basehttp.py:154] [basehttp:log_message] [WARNING]- "GET /media/DeviceLNV/Device/1460.jpg HTTP/1.1" 404 1803
[2026-09-17 15:05:01,034] [log.py:228] [log:log_response] [WARNING]- Not Found: /media/DeviceLNV/Zaihuo/2220.jpg
[2026-09-17 15:05:01,036] [log.py:228] [log:log_response] [WARNING]- Not Found: /media/DeviceLNV/Zaihuo/1460.jpg
[2026-09-17 15:05:01,047] [basehttp.py:154] [basehttp:log_message] [WARNING]- "GET /media/DeviceLNV/Zaihuo/2220.jpg HTTP/1.1" 404 1803
[2026-09-17 15:05:01,047] [basehttp.py:154] [basehttp:log_message] [WARNING]- "GET /media/DeviceLNV/Zaihuo/1460.jpg HTTP/1.1" 404 1803
[2026-09-17 15:05:01,053] [log.py:228] [log:log_response] [WARNING]- Not Found: /media/DeviceLNV/Device/246.jpg
[2026-09-17 15:05:01,063] [basehttp.py:154] [basehttp:log_message] [WARNING]- "GET /media/DeviceLNV/Device/246.jpg HTTP/1.1" 404 1800
[2026-09-17 15:05:01,068] [log.py:228] [log:log_response] [WARNING]- Not Found: /media/DeviceLNV/Zaihuo/246.jpg
[2026-09-17 15:05:01,071] [basehttp.py:154] [basehttp:log_message] [WARNING]- "GET /media/DeviceLNV/Zaihuo/246.jpg HTTP/1.1" 404 1800
[2026-09-17 15:05:01,082] [log.py:228] [log:log_response] [WARNING]- Not Found: /media/DeviceLNV/Device/242.jpg
[2026-09-17 15:05:01,087] [log.py:228] [log:log_response] [WARNING]- Not Found: /media/DeviceLNV/Zaihuo/242.jpg
[2026-09-17 15:05:01,087] [basehttp.py:154] [basehttp:log_message] [WARNING]- "GET /media/DeviceLNV/Device/242.jpg HTTP/1.1" 404 1800
[2026-09-17 15:05:01,102] [basehttp.py:154] [basehttp:log_message] [WARNING]- "GET /media/DeviceLNV/Zaihuo/242.jpg HTTP/1.1" 404 1800
[2026-09-17 15:05:01,117] [log.py:228] [log:log_response] [WARNING]- Not Found: /media/DeviceLNV/Zaihuo/248.jpg
[2026-09-17 15:05:01,118] [log.py:228] [log:log_response] [WARNING]- Not Found: /media/DeviceLNV/Device/248.jpg
[2026-09-17 15:05:01,123] [log.py:228] [log:log_response] [WARNING]- Not Found: /media/DeviceLNV/Device/251.jpg
[2026-09-17 15:05:01,124] [basehttp.py:154] [basehttp:log_message] [WARNING]- "GET /media/DeviceLNV/Zaihuo/248.jpg HTTP/1.1" 404 1800
[2026-09-17 15:05:01,124] [basehttp.py:154] [basehttp:log_message] [WARNING]- "GET /media/DeviceLNV/Device/248.jpg HTTP/1.1" 404 1800
[2026-09-17 15:05:01,132] [basehttp.py:154] [basehttp:log_message] [WARNING]- "GET /media/DeviceLNV/Device/251.jpg HTTP/1.1" 404 1800
[2026-09-17 15:05:01,136] [log.py:228] [log:log_response] [WARNING]- Not Found: /media/DeviceLNV/Zaihuo/251.jpg
[2026-09-17 15:05:01,144] [basehttp.py:154] [basehttp:log_message] [WARNING]- "GET /media/DeviceLNV/Zaihuo/251.jpg HTTP/1.1" 404 1800
[2026-09-17 15:05:01,163] [log.py:228] [log:log_response] [WARNING]- Not Found: /media/DeviceLNV/Zaihuo/252.jpg
[2026-09-17 15:05:01,172] [basehttp.py:154] [basehttp:log_message] [WARNING]- "GET /media/DeviceLNV/Zaihuo/252.jpg HTTP/1.1" 404 1800
[2026-09-17 15:05:01,173] [log.py:228] [log:log_response] [WARNING]- Not Found: /media/DeviceLNV/Device/252.jpg
[2026-09-17 15:05:01,187] [basehttp.py:154] [basehttp:log_message] [WARNING]- "GET /media/DeviceLNV/Device/252.jpg HTTP/1.1" 404 1800
[2026-09-17 15:05:01,196] [log.py:228] [log:log_response] [WARNING]- Not Found: /media/DeviceLNV/Device/243.jpg
[2026-09-17 15:05:01,198] [log.py:228] [log:log_response] [WARNING]- Not Found: /media/DeviceLNV/Zaihuo/243.jpg
[2026-09-17 15:05:01,206] [basehttp.py:154] [basehttp:log_message] [WARNING]- "GET /media/DeviceLNV/Device/243.jpg HTTP/1.1" 404 1800
[2026-09-17 15:05:01,209] [basehttp.py:154] [basehttp:log_message] [WARNING]- "GET /media/DeviceLNV/Zaihuo/243.jpg HTTP/1.1" 404 1800
[2026-09-17 15:05:01,217] [log.py:228] [log:log_response] [WARNING]- Not Found: /media/DeviceLNV/Device/250.jpg
[2026-09-17 15:05:01,219] [log.py:228] [log:log_response] [WARNING]- Not Found: /media/DeviceLNV/Zaihuo/250.jpg
[2026-09-17 15:05:01,221] [basehttp.py:154] [basehttp:log_message] [WARNING]- "GET /media/DeviceLNV/Device/250.jpg HTTP/1.1" 404 1800
[2026-09-17 15:05:01,225] [basehttp.py:154] [basehttp:log_message] [WARNING]- "GET /media/DeviceLNV/Zaihuo/250.jpg HTTP/1.1" 404 1800
[2026-09-17 15:05:01,232] [log.py:228] [log:log_response] [WARNING]- Not Found: /media/DeviceLNV/Device/254.jpg
[2026-09-17 15:05:01,238] [basehttp.py:154] [basehttp:log_message] [WARNING]- "GET /media/DeviceLNV/Device/254.jpg HTTP/1.1" 404 1800
[2026-09-17 15:05:01,252] [log.py:228] [log:log_response] [WARNING]- Not Found: /media/DeviceLNV/Zaihuo/254.jpg
[2026-09-17 15:05:01,259] [basehttp.py:154] [basehttp:log_message] [WARNING]- "GET /media/DeviceLNV/Zaihuo/254.jpg HTTP/1.1" 404 1800
[2026-09-17 15:05:01,269] [log.py:228] [log:log_response] [WARNING]- Not Found: /media/DeviceLNV/Zaihuo/1065.jpg
[2026-09-17 15:05:01,273] [basehttp.py:154] [basehttp:log_message] [WARNING]- "GET /media/DeviceLNV/Zaihuo/1065.jpg HTTP/1.1" 404 1803
[2026-09-17 15:05:01,285] [log.py:228] [log:log_response] [WARNING]- Not Found: /media/DeviceLNV/Device/1065.jpg
[2026-09-17 15:05:01,291] [basehttp.py:154] [basehttp:log_message] [WARNING]- "GET /media/DeviceLNV/Device/1065.jpg HTTP/1.1" 404 1803
[2026-09-17 15:05:01,306] [log.py:228] [log:log_response] [WARNING]- Not Found: /media/DeviceLNV/Device/334.jpg
[2026-09-17 15:05:01,313] [log.py:228] [log:log_response] [WARNING]- Not Found: /media/DeviceLNV/Zaihuo/334.jpg
[2026-09-17 15:05:01,317] [basehttp.py:154] [basehttp:log_message] [WARNING]- "GET /media/DeviceLNV/Device/334.jpg HTTP/1.1" 404 1800
[2026-09-17 15:05:01,322] [log.py:228] [log:log_response] [WARNING]- Not Found: /media/DeviceLNV/Device/316.jpg
[2026-09-17 15:05:01,325] [basehttp.py:154] [basehttp:log_message] [WARNING]- "GET /media/DeviceLNV/Zaihuo/334.jpg HTTP/1.1" 404 1800
[2026-09-17 15:05:01,328] [basehttp.py:154] [basehttp:log_message] [WARNING]- "GET /media/DeviceLNV/Device/316.jpg HTTP/1.1" 404 1800
[2026-09-17 15:05:01,335] [log.py:228] [log:log_response] [WARNING]- Not Found: /media/DeviceLNV/Zaihuo/316.jpg
[2026-09-17 15:05:01,349] [basehttp.py:154] [basehttp:log_message] [WARNING]- "GET /media/DeviceLNV/Zaihuo/316.jpg HTTP/1.1" 404 1800
[2026-09-17 15:05:01,358] [log.py:228] [log:log_response] [WARNING]- Not Found: /media/DeviceLNV/Device/331.jpg
[2026-09-17 15:05:01,364] [basehttp.py:154] [basehttp:log_message] [WARNING]- "GET /media/DeviceLNV/Device/331.jpg HTTP/1.1" 404 1800
[2026-09-17 15:05:01,367] [log.py:228] [log:log_response] [WARNING]- Not Found: /media/DeviceLNV/Zaihuo/331.jpg
[2026-09-17 15:05:01,378] [basehttp.py:154] [basehttp:log_message] [WARNING]- "GET /media/DeviceLNV/Zaihuo/331.jpg HTTP/1.1" 404 1800
[2026-09-17 15:05:01,389] [log.py:228] [log:log_response] [WARNING]- Not Found: /media/DeviceLNV/Device/1492.jpg
[2026-09-17 15:05:01,400] [log.py:228] [log:log_response] [WARNING]- Not Found: /media/DeviceLNV/Device/1046.jpg
[2026-09-17 15:05:01,400] [basehttp.py:154] [basehttp:log_message] [WARNING]- "GET /media/DeviceLNV/Device/1492.jpg HTTP/1.1" 404 1803
[2026-09-17 15:05:01,400] [log.py:228] [log:log_response] [WARNING]- Not Found: /media/DeviceLNV/Zaihuo/1046.jpg
[2026-09-17 15:05:01,405] [basehttp.py:154] [basehttp:log_message] [WARNING]- "GET /media/DeviceLNV/Device/1046.jpg HTTP/1.1" 404 1803
[2026-09-17 15:05:01,408] [basehttp.py:154] [basehttp:log_message] [WARNING]- "GET /media/DeviceLNV/Zaihuo/1046.jpg HTTP/1.1" 404 1803
[2026-09-17 15:05:01,409] [log.py:228] [log:log_response] [WARNING]- Not Found: /media/DeviceLNV/Zaihuo/1492.jpg
[2026-09-17 15:05:01,426] [basehttp.py:154] [basehttp:log_message] [WARNING]- "GET /media/DeviceLNV/Zaihuo/1492.jpg HTTP/1.1" 404 1803
[2026-09-17 15:05:01,434] [log.py:228] [log:log_response] [WARNING]- Not Found: /media/DeviceLNV/Device/317.jpg
[2026-09-17 15:05:01,442] [basehttp.py:154] [basehttp:log_message] [WARNING]- "GET /media/DeviceLNV/Device/317.jpg HTTP/1.1" 404 1800
[2026-09-17 15:05:01,443] [log.py:228] [log:log_response] [WARNING]- Not Found: /media/DeviceLNV/Zaihuo/317.jpg
[2026-09-17 15:05:01,457] [basehttp.py:154] [basehttp:log_message] [WARNING]- "GET /media/DeviceLNV/Zaihuo/317.jpg HTTP/1.1" 404 1800
[2026-09-17 15:05:01,467] [log.py:228] [log:log_response] [WARNING]- Not Found: /media/DeviceLNV/Device/344.jpg
[2026-09-17 15:05:01,473] [log.py:228] [log:log_response] [WARNING]- Not Found: /media/DeviceLNV/Device/319.jpg
[2026-09-17 15:05:01,475] [basehttp.py:154] [basehttp:log_message] [WARNING]- "GET /media/DeviceLNV/Device/344.jpg HTTP/1.1" 404 1800
[2026-09-17 15:05:01,478] [log.py:228] [log:log_response] [WARNING]- Not Found: /media/DeviceLNV/Zaihuo/344.jpg
[2026-09-17 15:05:01,481] [basehttp.py:154] [basehttp:log_message] [WARNING]- "GET /media/DeviceLNV/Device/319.jpg HTTP/1.1" 404 1800
[2026-09-17 15:05:01,485] [basehttp.py:154] [basehttp:log_message] [WARNING]- "GET /media/DeviceLNV/Zaihuo/344.jpg HTTP/1.1" 404 1800
[2026-09-17 15:05:01,507] [log.py:228] [log:log_response] [WARNING]- Not Found: /media/DeviceLNV/Zaihuo/319.jpg
[2026-09-17 15:05:01,512] [basehttp.py:154] [basehttp:log_message] [WARNING]- "GET /media/DeviceLNV/Zaihuo/319.jpg HTTP/1.1" 404 1800
[2026-09-17 15:05:01,518] [log.py:228] [log:log_response] [WARNING]- Not Found: /media/DeviceLNV/Device/322.jpg
[2026-09-17 15:05:01,524] [log.py:228] [log:log_response] [WARNING]- Not Found: /media/DeviceLNV/Zaihuo/322.jpg
[2026-09-17 15:05:01,532] [basehttp.py:154] [basehttp:log_message] [WARNING]- "GET /media/DeviceLNV/Device/322.jpg HTTP/1.1" 404 1800
[2026-09-17 15:05:01,532] [basehttp.py:154] [basehttp:log_message] [WARNING]- "GET /media/DeviceLNV/Zaihuo/322.jpg HTTP/1.1" 404 1800
[2026-09-17 15:05:01,539] [log.py:228] [log:log_response] [WARNING]- Not Found: /media/DeviceLNV/Zaihuo/1066.jpg
[2026-09-17 15:05:01,550] [log.py:228] [log:log_response] [WARNING]- Not Found: /media/DeviceLNV/Device/1066.jpg
[2026-09-17 15:05:01,551] [basehttp.py:154] [basehttp:log_message] [WARNING]- "GET /media/DeviceLNV/Zaihuo/1066.jpg HTTP/1.1" 404 1803
[2026-09-17 15:05:01,555] [basehttp.py:154] [basehttp:log_message] [WARNING]- "GET /media/DeviceLNV/Device/1066.jpg HTTP/1.1" 404 1803
[2026-09-17 15:05:01,556] [log.py:228] [log:log_response] [WARNING]- Not Found: /media/DeviceLNV/Device/345.jpg
[2026-09-17 15:05:01,568] [basehttp.py:154] [basehttp:log_message] [WARNING]- "GET /media/DeviceLNV/Device/345.jpg HTTP/1.1" 404 1800
[2026-09-17 15:05:01,577] [log.py:228] [log:log_response] [WARNING]- Not Found: /media/DeviceLNV/Zaihuo/345.jpg
[2026-09-17 15:05:01,586] [basehttp.py:154] [basehttp:log_message] [WARNING]- "GET /media/DeviceLNV/Zaihuo/345.jpg HTTP/1.1" 404 1800
[2026-09-17 15:05:01,595] [log.py:228] [log:log_response] [WARNING]- Not Found: /media/DeviceLNV/Device/341.jpg
[2026-09-17 15:05:01,600] [log.py:228] [log:log_response] [WARNING]- Not Found: /media/DeviceLNV/Zaihuo/341.jpg
[2026-09-17 15:05:01,605] [basehttp.py:154] [basehttp:log_message] [WARNING]- "GET /media/DeviceLNV/Device/341.jpg HTTP/1.1" 404 1800
[2026-09-17 15:05:01,612] [basehttp.py:154] [basehttp:log_message] [WARNING]- "GET /media/DeviceLNV/Zaihuo/341.jpg HTTP/1.1" 404 1800
[2026-09-17 15:05:01,630] [log.py:228] [log:log_response] [WARNING]- Not Found: /media/DeviceLNV/Device/337.jpg
[2026-09-17 15:05:01,637] [log.py:228] [log:log_response] [WARNING]- Not Found: /media/DeviceLNV/Zaihuo/337.jpg
[2026-09-17 15:05:01,644] [basehttp.py:154] [basehttp:log_message] [WARNING]- "GET /media/DeviceLNV/Device/337.jpg HTTP/1.1" 404 1800
[2026-09-17 15:05:01,648] [basehttp.py:154] [basehttp:log_message] [WARNING]- "GET /media/DeviceLNV/Zaihuo/337.jpg HTTP/1.1" 404 1800
[2026-09-17 15:05:01,653] [log.py:228] [log:log_response] [WARNING]- Not Found: /media/DeviceLNV/Device/332.jpg
[2026-09-17 15:05:01,660] [log.py:228] [log:log_response] [WARNING]- Not Found: /media/DeviceLNV/Zaihuo/332.jpg
[2026-09-17 15:05:01,675] [basehttp.py:154] [basehttp:log_message] [WARNING]- "GET /media/DeviceLNV/Zaihuo/332.jpg HTTP/1.1" 404 1800
[2026-09-17 15:05:01,675] [basehttp.py:154] [basehttp:log_message] [WARNING]- "GET /media/DeviceLNV/Device/332.jpg HTTP/1.1" 404 1800
[2026-09-17 15:05:01,695] [log.py:228] [log:log_response] [WARNING]- Not Found: /media/DeviceLNV/Zaihuo/1178.jpg
[2026-09-17 15:05:01,704] [log.py:228] [log:log_response] [WARNING]- Not Found: /media/DeviceLNV/Device/1178.jpg
[2026-09-17 15:05:01,706] [basehttp.py:154] [basehttp:log_message] [WARNING]- "GET /media/DeviceLNV/Zaihuo/1178.jpg HTTP/1.1" 404 1803
[2026-09-17 15:05:01,710] [basehttp.py:154] [basehttp:log_message] [WARNING]- "GET /media/DeviceLNV/Device/1178.jpg HTTP/1.1" 404 1803
[2026-09-17 15:05:01,716] [log.py:228] [log:log_response] [WARNING]- Not Found: /media/DeviceLNV/Device/326.jpg
[2026-09-17 15:05:01,720] [log.py:228] [log:log_response] [WARNING]- Not Found: /media/DeviceLNV/Zaihuo/326.jpg
[2026-09-17 15:05:01,728] [basehttp.py:154] [basehttp:log_message] [WARNING]- "GET /media/DeviceLNV/Device/326.jpg HTTP/1.1" 404 1800
[2026-09-17 15:05:01,733] [basehttp.py:154] [basehttp:log_message] [WARNING]- "GET /media/DeviceLNV/Zaihuo/326.jpg HTTP/1.1" 404 1800
[2026-09-17 15:05:01,749] [log.py:228] [log:log_response] [WARNING]- Not Found: /media/DeviceLNV/Device/327.jpg
[2026-09-17 15:05:01,751] [log.py:228] [log:log_response] [WARNING]- Not Found: /media/DeviceLNV/Zaihuo/327.jpg
[2026-09-17 15:05:01,759] [log.py:228] [log:log_response] [WARNING]- Not Found: /media/DeviceLNV/Device/324.jpg
[2026-09-17 15:05:01,760] [basehttp.py:154] [basehttp:log_message] [WARNING]- "GET /media/DeviceLNV/Device/327.jpg HTTP/1.1" 404 1800
[2026-09-17 15:05:01,760] [basehttp.py:154] [basehttp:log_message] [WARNING]- "GET /media/DeviceLNV/Zaihuo/327.jpg HTTP/1.1" 404 1800
[2026-09-17 15:05:01,761] [basehttp.py:154] [basehttp:log_message] [WARNING]- "GET /media/DeviceLNV/Device/324.jpg HTTP/1.1" 404 1800
[2026-09-17 15:05:01,765] [log.py:228] [log:log_response] [WARNING]- Not Found: /media/DeviceLNV/Zaihuo/324.jpg
[2026-09-17 15:05:01,793] [basehttp.py:154] [basehttp:log_message] [WARNING]- "GET /media/DeviceLNV/Zaihuo/324.jpg HTTP/1.1" 404 1800
[2026-09-17 15:05:01,797] [log.py:228] [log:log_response] [WARNING]- Not Found: /media/DeviceLNV/Device/1179.jpg
[2026-09-17 15:05:01,806] [log.py:228] [log:log_response] [WARNING]- Not Found: /media/DeviceLNV/Zaihuo/1179.jpg
[2026-09-17 15:05:01,808] [basehttp.py:154] [basehttp:log_message] [WARNING]- "GET /media/DeviceLNV/Device/1179.jpg HTTP/1.1" 404 1803
[2026-09-17 15:05:01,828] [basehttp.py:154] [basehttp:log_message] [WARNING]- "GET /media/DeviceLNV/Zaihuo/1179.jpg HTTP/1.1" 404 1803
[2026-09-17 15:05:01,839] [log.py:228] [log:log_response] [WARNING]- Not Found: /media/DeviceLNV/Device/321.jpg
[2026-09-17 15:05:01,846] [basehttp.py:154] [basehttp:log_message] [WARNING]- "GET /media/DeviceLNV/Device/321.jpg HTTP/1.1" 404 1800
[2026-09-17 15:05:01,851] [log.py:228] [log:log_response] [WARNING]- Not Found: /media/DeviceLNV/Zaihuo/321.jpg
[2026-09-17 15:05:01,857] [basehttp.py:154] [basehttp:log_message] [WARNING]- "GET /media/DeviceLNV/Zaihuo/321.jpg HTTP/1.1" 404 1800
[2026-09-17 15:05:01,859] [log.py:228] [log:log_response] [WARNING]- Not Found: /media/DeviceLNV/Device/283.jpg
[2026-09-17 15:05:01,864] [basehttp.py:154] [basehttp:log_message] [WARNING]- "GET /media/DeviceLNV/Device/283.jpg HTTP/1.1" 404 1800
[2026-09-17 15:05:01,876] [log.py:228] [log:log_response] [WARNING]- Not Found: /media/DeviceLNV/Zaihuo/283.jpg
[2026-09-17 15:05:01,882] [basehttp.py:154] [basehttp:log_message] [WARNING]- "GET /media/DeviceLNV/Zaihuo/283.jpg HTTP/1.1" 404 1800
[2026-09-17 15:05:01,883] [log.py:228] [log:log_response] [WARNING]- Not Found: /media/DeviceLNV/Device/292.jpg
[2026-09-17 15:05:01,889] [log.py:228] [log:log_response] [WARNING]- Not Found: /media/DeviceLNV/Zaihuo/292.jpg
[2026-09-17 15:05:01,892] [basehttp.py:154] [basehttp:log_message] [WARNING]- "GET /media/DeviceLNV/Device/292.jpg HTTP/1.1" 404 1800
[2026-09-17 15:05:01,897] [log.py:228] [log:log_response] [WARNING]- Not Found: /media/DeviceLNV/Device/294.jpg
[2026-09-17 15:05:01,902] [basehttp.py:154] [basehttp:log_message] [WARNING]- "GET /media/DeviceLNV/Zaihuo/292.jpg HTTP/1.1" 404 1800
[2026-09-17 15:05:01,903] [basehttp.py:154] [basehttp:log_message] [WARNING]- "GET /media/DeviceLNV/Device/294.jpg HTTP/1.1" 404 1800
[2026-09-17 15:05:01,919] [log.py:228] [log:log_response] [WARNING]- Not Found: /media/DeviceLNV/Zaihuo/294.jpg
[2026-09-17 15:05:01,929] [basehttp.py:154] [basehttp:log_message] [WARNING]- "GET /media/DeviceLNV/Zaihuo/294.jpg HTTP/1.1" 404 1800
[2026-09-17 15:05:01,938] [log.py:228] [log:log_response] [WARNING]- Not Found: /media/DeviceLNV/Device/286.jpg
[2026-09-17 15:05:01,946] [log.py:228] [log:log_response] [WARNING]- Not Found: /media/DeviceLNV/Zaihuo/286.jpg
[2026-09-17 15:05:01,948] [basehttp.py:154] [basehttp:log_message] [WARNING]- "GET /media/DeviceLNV/Device/286.jpg HTTP/1.1" 404 1800
[2026-09-17 15:05:01,953] [log.py:228] [log:log_response] [WARNING]- Not Found: /media/DeviceLNV/Device/1550.jpg
[2026-09-17 15:05:01,953] [basehttp.py:154] [basehttp:log_message] [WARNING]- "GET /media/DeviceLNV/Zaihuo/286.jpg HTTP/1.1" 404 1800
[2026-09-17 15:05:01,957] [basehttp.py:154] [basehttp:log_message] [WARNING]- "GET /media/DeviceLNV/Device/1550.jpg HTTP/1.1" 404 1803
[2026-09-17 15:05:01,967] [log.py:228] [log:log_response] [WARNING]- Not Found: /media/DeviceLNV/Zaihuo/1550.jpg
[2026-09-17 15:05:01,986] [log.py:228] [log:log_response] [WARNING]- Not Found: /media/DeviceLNV/Device/1551.jpg
[2026-09-17 15:05:01,987] [basehttp.py:154] [basehttp:log_message] [WARNING]- "GET /media/DeviceLNV/Zaihuo/1550.jpg HTTP/1.1" 404 1803
[2026-09-17 15:05:01,991] [basehttp.py:154] [basehttp:log_message] [WARNING]- "GET /media/DeviceLNV/Device/1551.jpg HTTP/1.1" 404 1803
[2026-09-17 15:05:02,001] [log.py:228] [log:log_response] [WARNING]- Not Found: /media/DeviceLNV/Zaihuo/1551.jpg
[2026-09-17 15:05:02,008] [basehttp.py:154] [basehttp:log_message] [WARNING]- "GET /media/DeviceLNV/Zaihuo/1551.jpg HTTP/1.1" 404 1803
[2026-09-17 15:05:02,022] [log.py:228] [log:log_response] [WARNING]- Not Found: /media/DeviceLNV/Device/1553.jpg
[2026-09-17 15:05:02,026] [log.py:228] [log:log_response] [WARNING]- Not Found: /media/DeviceLNV/Device/375.jpg
[2026-09-17 15:05:02,034] [basehttp.py:154] [basehttp:log_message] [WARNING]- "GET /media/DeviceLNV/Device/1553.jpg HTTP/1.1" 404 1803
[2026-09-17 15:05:02,034] [log.py:228] [log:log_response] [WARNING]- Not Found: /media/DeviceLNV/Zaihuo/375.jpg
[2026-09-17 15:05:02,034] [basehttp.py:154] [basehttp:log_message] [WARNING]- "GET /media/DeviceLNV/Device/375.jpg HTTP/1.1" 404 1800
[2026-09-17 15:05:02,042] [basehttp.py:154] [basehttp:log_message] [WARNING]- "GET /media/DeviceLNV/Zaihuo/375.jpg HTTP/1.1" 404 1800
[2026-09-17 15:05:02,067] [log.py:228] [log:log_response] [WARNING]- Not Found: /media/DeviceLNV/Zaihuo/1553.jpg
[2026-09-17 15:05:02,071] [log.py:228] [log:log_response] [WARNING]- Not Found: /media/DeviceLNV/Zaihuo/374.jpg
[2026-09-17 15:05:02,073] [basehttp.py:154] [basehttp:log_message] [WARNING]- "GET /media/DeviceLNV/Zaihuo/1553.jpg HTTP/1.1" 404 1803
[2026-09-17 15:05:02,077] [basehttp.py:154] [basehttp:log_message] [WARNING]- "GET /media/DeviceLNV/Zaihuo/374.jpg HTTP/1.1" 404 1800
[2026-09-17 15:05:02,086] [log.py:228] [log:log_response] [WARNING]- Not Found: /media/DeviceLNV/Device/281.jpg
[2026-09-17 15:05:02,098] [log.py:228] [log:log_response] [WARNING]- Not Found: /media/DeviceLNV/Device/374.jpg
[2026-09-17 15:05:02,099] [basehttp.py:154] [basehttp:log_message] [WARNING]- "GET /media/DeviceLNV/Device/281.jpg HTTP/1.1" 404 1800
[2026-09-17 15:05:02,104] [basehttp.py:154] [basehttp:log_message] [WARNING]- "GET /media/DeviceLNV/Device/374.jpg HTTP/1.1" 404 1800
[2026-09-17 15:05:02,108] [log.py:228] [log:log_response] [WARNING]- Not Found: /media/DeviceLNV/Device/289.jpg
[2026-09-17 15:05:02,113] [log.py:228] [log:log_response] [WARNING]- Not Found: /media/DeviceLNV/Zaihuo/281.jpg
[2026-09-17 15:05:02,119] [basehttp.py:154] [basehttp:log_message] [WARNING]- "GET /media/DeviceLNV/Device/289.jpg HTTP/1.1" 404 1800
[2026-09-17 15:05:02,119] [basehttp.py:154] [basehttp:log_message] [WARNING]- "GET /media/DeviceLNV/Zaihuo/281.jpg HTTP/1.1" 404 1800
[2026-09-17 15:05:02,139] [log.py:228] [log:log_response] [WARNING]- Not Found: /media/DeviceLNV/Zaihuo/289.jpg
[2026-09-17 15:05:02,143] [basehttp.py:154] [basehttp:log_message] [WARNING]- "GET /media/DeviceLNV/Zaihuo/289.jpg HTTP/1.1" 404 1800
[2026-09-17 15:05:02,151] [log.py:228] [log:log_response] [WARNING]- Not Found: /media/DeviceLNV/Device/1044.jpg
[2026-09-17 15:05:02,160] [basehttp.py:154] [basehttp:log_message] [WARNING]- "GET /media/DeviceLNV/Device/1044.jpg HTTP/1.1" 404 1803
[2026-09-17 15:05:02,161] [log.py:228] [log:log_response] [WARNING]- Not Found: /media/DeviceLNV/Zaihuo/1044.jpg
[2026-09-17 15:05:02,172] [basehttp.py:154] [basehttp:log_message] [WARNING]- "GET /media/DeviceLNV/Zaihuo/1044.jpg HTTP/1.1" 404 1803
[2026-09-17 15:05:02,173] [log.py:228] [log:log_response] [WARNING]- Not Found: /media/DeviceLNV/Device/373.jpg
[2026-09-17 15:05:02,183] [log.py:228] [log:log_response] [WARNING]- Not Found: /media/DeviceLNV/Device/1512.jpg
[2026-09-17 15:05:02,186] [basehttp.py:154] [basehttp:log_message] [WARNING]- "GET /media/DeviceLNV/Device/1512.jpg HTTP/1.1" 404 1803
[2026-09-17 15:05:02,187] [basehttp.py:154] [basehttp:log_message] [WARNING]- "GET /media/DeviceLNV/Device/373.jpg HTTP/1.1" 404 1800
[2026-09-17 15:05:02,193] [log.py:228] [log:log_response] [WARNING]- Not Found: /media/DeviceLNV/Zaihuo/373.jpg
[2026-09-17 15:05:02,218] [basehttp.py:154] [basehttp:log_message] [WARNING]- "GET /media/DeviceLNV/Zaihuo/373.jpg HTTP/1.1" 404 1800
[2026-09-17 15:05:02,233] [log.py:228] [log:log_response] [WARNING]- Not Found: /media/DeviceLNV/Device/1461.jpg
[2026-09-17 15:05:02,235] [log.py:228] [log:log_response] [WARNING]- Not Found: /media/DeviceLNV/Zaihuo/1512.jpg
[2026-09-17 15:05:02,244] [basehttp.py:154] [basehttp:log_message] [WARNING]- "GET /media/DeviceLNV/Zaihuo/1512.jpg HTTP/1.1" 404 1803
[2026-09-17 15:05:02,245] [basehttp.py:154] [basehttp:log_message] [WARNING]- "GET /media/DeviceLNV/Device/1461.jpg HTTP/1.1" 404 1803
[2026-09-17 15:05:02,263] [log.py:228] [log:log_response] [WARNING]- Not Found: /media/DeviceLNV/Zaihuo/1461.jpg
[2026-09-17 15:05:02,279] [basehttp.py:154] [basehttp:log_message] [WARNING]- "GET /media/DeviceLNV/Zaihuo/1461.jpg HTTP/1.1" 404 1803
[2026-09-17 15:05:02,279] [log.py:228] [log:log_response] [WARNING]- Not Found: /media/DeviceLNV/Zaihuo/2047.jpg
[2026-09-17 15:05:02,281] [log.py:228] [log:log_response] [WARNING]- Not Found: /media/DeviceLNV/Device/2047.jpg
[2026-09-17 15:05:02,287] [basehttp.py:154] [basehttp:log_message] [WARNING]- "GET /media/DeviceLNV/Zaihuo/2047.jpg HTTP/1.1" 404 1803
[2026-09-17 15:05:02,289] [basehttp.py:154] [basehttp:log_message] [WARNING]- "GET /media/DeviceLNV/Device/2047.jpg HTTP/1.1" 404 1803
[2026-09-17 15:05:02,292] [log.py:228] [log:log_response] [WARNING]- Not Found: /media/DeviceLNV/Device/338.jpg
[2026-09-17 15:05:02,306] [basehttp.py:154] [basehttp:log_message] [WARNING]- "GET /media/DeviceLNV/Device/338.jpg HTTP/1.1" 404 1800
[2026-09-17 15:05:02,321] [log.py:228] [log:log_response] [WARNING]- Not Found: /media/DeviceLNV/Device/339.jpg
[2026-09-17 15:05:02,323] [log.py:228] [log:log_response] [WARNING]- Not Found: /media/DeviceLNV/Zaihuo/338.jpg
[2026-09-17 15:05:02,327] [basehttp.py:154] [basehttp:log_message] [WARNING]- "GET /media/DeviceLNV/Device/339.jpg HTTP/1.1" 404 1800
[2026-09-17 15:05:02,328] [basehttp.py:154] [basehttp:log_message] [WARNING]- "GET /media/DeviceLNV/Zaihuo/338.jpg HTTP/1.1" 404 1800
[2026-09-17 15:05:02,331] [log.py:228] [log:log_response] [WARNING]- Not Found: /media/DeviceLNV/Zaihuo/339.jpg
[2026-09-17 15:05:02,343] [log.py:228] [log:log_response] [WARNING]- Not Found: /media/DeviceLNV/Zaihuo/340.jpg
[2026-09-17 15:05:02,343] [basehttp.py:154] [basehttp:log_message] [WARNING]- "GET /media/DeviceLNV/Zaihuo/339.jpg HTTP/1.1" 404 1800
[2026-09-17 15:05:02,355] [basehttp.py:154] [basehttp:log_message] [WARNING]- "GET /media/DeviceLNV/Zaihuo/340.jpg HTTP/1.1" 404 1800
[2026-09-17 15:05:02,357] [log.py:228] [log:log_response] [WARNING]- Not Found: /media/DeviceLNV/Device/340.jpg
[2026-09-17 15:05:02,366] [log.py:228] [log:log_response] [WARNING]- Not Found: /media/DeviceLNV/Device/1552.jpg
[2026-09-17 15:05:02,367] [basehttp.py:154] [basehttp:log_message] [WARNING]- "GET /media/DeviceLNV/Device/340.jpg HTTP/1.1" 404 1800
[2026-09-17 15:05:02,372] [basehttp.py:154] [basehttp:log_message] [WARNING]- "GET /media/DeviceLNV/Device/1552.jpg HTTP/1.1" 404 1803
[2026-09-17 15:05:02,375] [log.py:228] [log:log_response] [WARNING]- Not Found: /media/DeviceLNV/Zaihuo/1552.jpg
[2026-09-17 15:05:02,384] [basehttp.py:154] [basehttp:log_message] [WARNING]- "GET /media/DeviceLNV/Zaihuo/1552.jpg HTTP/1.1" 404 1803
[2026-09-17 15:05:02,392] [log.py:228] [log:log_response] [WARNING]- Not Found: /media/DeviceLNV/Device/282.jpg
[2026-09-17 15:05:02,396] [basehttp.py:154] [basehttp:log_message] [WARNING]- "GET /media/DeviceLNV/Device/282.jpg HTTP/1.1" 404 1800
[2026-09-17 15:05:02,401] [log.py:228] [log:log_response] [WARNING]- Not Found: /media/DeviceLNV/Zaihuo/282.jpg
[2026-09-17 15:05:02,405] [basehttp.py:154] [basehttp:log_message] [WARNING]- "GET /media/DeviceLNV/Zaihuo/282.jpg HTTP/1.1" 404 1800
[2026-09-17 15:05:02,407] [log.py:228] [log:log_response] [WARNING]- Not Found: /media/DeviceLNV/Device/304.jpg
[2026-09-17 15:05:02,409] [basehttp.py:154] [basehttp:log_message] [WARNING]- "GET /media/DeviceLNV/Device/304.jpg HTTP/1.1" 404 1800
[2026-09-17 15:05:02,416] [log.py:228] [log:log_response] [WARNING]- Not Found: /media/DeviceLNV/Zaihuo/304.jpg
[2026-09-17 15:05:02,417] [basehttp.py:154] [basehttp:log_message] [WARNING]- "GET /media/DeviceLNV/Zaihuo/304.jpg HTTP/1.1" 404 1800
