[2026-08-25 11:35:51,055] [basehttp.py:154] [basehttp:log_message] [INFO]- "GET /DeviceLNV/M_edit/ HTTP/1.1" 200 135297
[2026-08-25 11:35:51,275] [basehttp.py:154] [basehttp:log_message] [INFO]- "GET /.well-known/appspecific/com.chrome.devtools.json HTTP/1.1" 200 38274
[2026-08-25 11:35:51,388] [basehttp.py:154] [basehttp:log_message] [WARNING]- "GET /static/css/bootstrap.min.css.map HTTP/1.1" 404 1800
[2026-08-25 11:35:51,403] [basehttp.py:154] [basehttp:log_message] [WARNING]- "GET /static/js/lib/bootstrap.min.js.map HTTP/1.1" 404 1806
[2026-08-25 11:35:51,819] [basehttp.py:154] [basehttp:log_message] [WARNING]- "GET /static/js/axios.min.map HTTP/1.1" 404 1773
[2026-08-25 11:35:51,970] [basehttp.py:154] [basehttp:log_message] [WARNING]- "GET /static/js/xlsx/FileSaver.min.js.map HTTP/1.1" 404 1809
[2026-08-25 11:35:52,787] [basehttp.py:154] [basehttp:log_message] [INFO]- "GET /favicon.ico HTTP/1.1" 200 38274
[2026-08-25 11:35:56,250] [UserIP.py:88] [UserIP:process_response] [INFO]- 2026-08-25 11:35:56: C1010S3/AnonymousUser/Cao.Edwin> None/EDWIN/bxbei > 127.0.0.1/127.0.0.1 > <WSGIRequest: POST '/DeviceLNV/M_edit/'>
[2026-08-25 11:35:56,266] [basehttp.py:154] [basehttp:log_message] [INFO]- "POST /DeviceLNV/M_edit/ HTTP/1.1" 200 37082
[2026-08-25 11:36:09,691] [UserIP.py:88] [UserIP:process_response] [INFO]- 2026-08-25 11:36:09: C1010S3/AnonymousUser/Cao.Edwin> None/EDWIN/bxbei > 127.0.0.1/127.0.0.1 > <WSGIRequest: POST '/DeviceLNV/M_edit/'>
[2026-08-25 11:36:09,717] [basehttp.py:154] [basehttp:log_message] [INFO]- "POST /DeviceLNV/M_edit/ HTTP/1.1" 200 2489230
[2026-08-25 11:36:10,770] [basehttp.py:154] [basehttp:log_message] [INFO]- "GET /media/DeviceLNV/Device/1513.jpg HTTP/1.1" 200 215360
[2026-08-25 11:36:10,783] [log.py:228] [log:log_response] [WARNING]- Not Found: /media/DeviceLNV/Zaihuo/1513.jpg
[2026-08-25 11:36:10,785] [basehttp.py:154] [basehttp:log_message] [WARNING]- "GET /media/DeviceLNV/Zaihuo/1513.jpg HTTP/1.1" 404 1803
[2026-08-25 11:36:10,826] [basehttp.py:154] [basehttp:log_message] [INFO]- "GET /media/DeviceLNV/Device/2156.jpg HTTP/1.1" 200 201323
[2026-08-25 11:36:10,828] [log.py:228] [log:log_response] [WARNING]- Not Found: /media/DeviceLNV/Zaihuo/233.jpg
[2026-08-25 11:36:10,831] [basehttp.py:154] [basehttp:log_message] [WARNING]- "GET /media/DeviceLNV/Zaihuo/233.jpg HTTP/1.1" 404 1800
[2026-08-25 11:36:10,847] [log.py:228] [log:log_response] [WARNING]- Not Found: /media/DeviceLNV/Zaihuo/2156.jpg
[2026-08-25 11:36:10,852] [basehttp.py:154] [basehttp:log_message] [WARNING]- "GET /media/DeviceLNV/Zaihuo/2156.jpg HTTP/1.1" 404 1803
[2026-08-25 11:36:10,856] [log.py:228] [log:log_response] [WARNING]- Not Found: /media/DeviceLNV/Device/233.jpg
[2026-08-25 11:36:10,861] [basehttp.py:154] [basehttp:log_message] [WARNING]- "GET /media/DeviceLNV/Device/233.jpg HTTP/1.1" 404 1800
[2026-08-25 11:36:10,865] [log.py:228] [log:log_response] [WARNING]- Not Found: /media/DeviceLNV/Device/257.jpg
[2026-08-25 11:36:10,870] [basehttp.py:154] [basehttp:log_message] [WARNING]- "GET /media/DeviceLNV/Device/257.jpg HTTP/1.1" 404 1800
[2026-08-25 11:36:10,875] [log.py:228] [log:log_response] [WARNING]- Not Found: /media/DeviceLNV/Zaihuo/257.jpg
[2026-08-25 11:36:10,879] [basehttp.py:154] [basehttp:log_message] [WARNING]- "GET /media/DeviceLNV/Zaihuo/257.jpg HTTP/1.1" 404 1800
[2026-08-25 11:36:10,887] [log.py:228] [log:log_response] [WARNING]- Not Found: /media/DeviceLNV/Device/258.jpg
[2026-08-25 11:36:10,893] [log.py:228] [log:log_response] [WARNING]- Not Found: /media/DeviceLNV/Device/2260.jpg
[2026-08-25 11:36:10,895] [basehttp.py:154] [basehttp:log_message] [WARNING]- "GET /media/DeviceLNV/Device/258.jpg HTTP/1.1" 404 1800
[2026-08-25 11:36:10,897] [basehttp.py:154] [basehttp:log_message] [WARNING]- "GET /media/DeviceLNV/Device/2260.jpg HTTP/1.1" 404 1803
[2026-08-25 11:36:10,903] [log.py:228] [log:log_response] [WARNING]- Not Found: /media/DeviceLNV/Zaihuo/258.jpg
[2026-08-25 11:36:10,910] [basehttp.py:154] [basehttp:log_message] [WARNING]- "GET /media/DeviceLNV/Zaihuo/258.jpg HTTP/1.1" 404 1800
[2026-08-25 11:36:10,913] [log.py:228] [log:log_response] [WARNING]- Not Found: /media/DeviceLNV/Zaihuo/2260.jpg
[2026-08-25 11:36:10,920] [log.py:228] [log:log_response] [WARNING]- Not Found: /media/DeviceLNV/Device/2214.jpg
[2026-08-25 11:36:10,921] [basehttp.py:154] [basehttp:log_message] [WARNING]- "GET /media/DeviceLNV/Zaihuo/2260.jpg HTTP/1.1" 404 1803
[2026-08-25 11:36:10,923] [basehttp.py:154] [basehttp:log_message] [WARNING]- "GET /media/DeviceLNV/Device/2214.jpg HTTP/1.1" 404 1803
[2026-08-25 11:36:10,941] [log.py:228] [log:log_response] [WARNING]- Not Found: /media/DeviceLNV/Zaihuo/2214.jpg
[2026-08-25 11:36:10,947] [basehttp.py:154] [basehttp:log_message] [WARNING]- "GET /media/DeviceLNV/Zaihuo/2214.jpg HTTP/1.1" 404 1803
[2026-08-25 11:36:10,955] [log.py:228] [log:log_response] [WARNING]- Not Found: /media/DeviceLNV/Device/244.jpg
[2026-08-25 11:36:10,963] [basehttp.py:154] [basehttp:log_message] [WARNING]- "GET /media/DeviceLNV/Device/244.jpg HTTP/1.1" 404 1800
[2026-08-25 11:36:10,964] [log.py:228] [log:log_response] [WARNING]- Not Found: /media/DeviceLNV/Zaihuo/244.jpg
[2026-08-25 11:36:10,975] [basehttp.py:154] [basehttp:log_message] [WARNING]- "GET /media/DeviceLNV/Zaihuo/244.jpg HTTP/1.1" 404 1800
[2026-08-25 11:36:10,981] [log.py:228] [log:log_response] [WARNING]- Not Found: /media/DeviceLNV/Device/202.jpg
[2026-08-25 11:36:10,984] [basehttp.py:154] [basehttp:log_message] [WARNING]- "GET /media/DeviceLNV/Device/202.jpg HTTP/1.1" 404 1800
[2026-08-25 11:36:10,988] [log.py:228] [log:log_response] [WARNING]- Not Found: /media/DeviceLNV/Device/1462.jpg
[2026-08-25 11:36:10,993] [basehttp.py:154] [basehttp:log_message] [WARNING]- "GET /media/DeviceLNV/Device/1462.jpg HTTP/1.1" 404 1803
[2026-08-25 11:36:11,001] [log.py:228] [log:log_response] [WARNING]- Not Found: /media/DeviceLNV/Zaihuo/202.jpg
[2026-08-25 11:36:11,006] [basehttp.py:154] [basehttp:log_message] [WARNING]- "GET /media/DeviceLNV/Zaihuo/202.jpg HTTP/1.1" 404 1800
[2026-08-25 11:36:11,020] [log.py:228] [log:log_response] [WARNING]- Not Found: /media/DeviceLNV/Zaihuo/1462.jpg
[2026-08-25 11:36:11,021] [basehttp.py:154] [basehttp:log_message] [WARNING]- "GET /media/DeviceLNV/Zaihuo/1462.jpg HTTP/1.1" 404 1803
[2026-08-25 11:36:11,047] [log.py:228] [log:log_response] [WARNING]- Not Found: /media/DeviceLNV/Device/2218.jpg
[2026-08-25 11:36:11,048] [basehttp.py:154] [basehttp:log_message] [WARNING]- "GET /media/DeviceLNV/Device/2218.jpg HTTP/1.1" 404 1803
[2026-08-25 11:36:11,050] [log.py:228] [log:log_response] [WARNING]- Not Found: /media/DeviceLNV/Zaihuo/2218.jpg
[2026-08-25 11:36:11,060] [basehttp.py:154] [basehttp:log_message] [WARNING]- "GET /media/DeviceLNV/Zaihuo/2218.jpg HTTP/1.1" 404 1803
[2026-08-25 11:36:11,061] [log.py:228] [log:log_response] [WARNING]- Not Found: /media/DeviceLNV/Device/253.jpg
[2026-08-25 11:36:11,072] [basehttp.py:154] [basehttp:log_message] [WARNING]- "GET /media/DeviceLNV/Device/253.jpg HTTP/1.1" 404 1800
[2026-08-25 11:36:11,099] [basehttp.py:154] [basehttp:log_message] [INFO]- "GET /media/DeviceLNV/Zaihuo/253.jpg HTTP/1.1" 200 275671
[2026-08-25 11:36:11,102] [log.py:228] [log:log_response] [WARNING]- Not Found: /media/DeviceLNV/Device/1459.jpg
[2026-08-25 11:36:11,107] [basehttp.py:154] [basehttp:log_message] [WARNING]- "GET /media/DeviceLNV/Device/1459.jpg HTTP/1.1" 404 1803
[2026-08-25 11:36:11,109] [log.py:228] [log:log_response] [WARNING]- Not Found: /media/DeviceLNV/Zaihuo/1459.jpg
[2026-08-25 11:36:11,110] [basehttp.py:154] [basehttp:log_message] [WARNING]- "GET /media/DeviceLNV/Zaihuo/1459.jpg HTTP/1.1" 404 1803
[2026-08-25 11:36:11,127] [log.py:228] [log:log_response] [WARNING]- Not Found: /media/DeviceLNV/Device/261.jpg
[2026-08-25 11:36:11,130] [basehttp.py:154] [basehttp:log_message] [WARNING]- "GET /media/DeviceLNV/Device/261.jpg HTTP/1.1" 404 1800
[2026-08-25 11:36:11,135] [log.py:228] [log:log_response] [WARNING]- Not Found: /media/DeviceLNV/Zaihuo/261.jpg
[2026-08-25 11:36:11,139] [basehttp.py:154] [basehttp:log_message] [WARNING]- "GET /media/DeviceLNV/Zaihuo/261.jpg HTTP/1.1" 404 1800
[2026-08-25 11:36:11,148] [log.py:228] [log:log_response] [WARNING]- Not Found: /media/DeviceLNV/Device/262.jpg
[2026-08-25 11:36:11,151] [basehttp.py:154] [basehttp:log_message] [WARNING]- "GET /media/DeviceLNV/Device/262.jpg HTTP/1.1" 404 1800
[2026-08-25 11:36:11,168] [log.py:228] [log:log_response] [WARNING]- Not Found: /media/DeviceLNV/Zaihuo/262.jpg
[2026-08-25 11:36:11,170] [log.py:228] [log:log_response] [WARNING]- Not Found: /media/DeviceLNV/Device/268.jpg
[2026-08-25 11:36:11,171] [basehttp.py:154] [basehttp:log_message] [WARNING]- "GET /media/DeviceLNV/Zaihuo/262.jpg HTTP/1.1" 404 1800
[2026-08-25 11:36:11,174] [basehttp.py:154] [basehttp:log_message] [WARNING]- "GET /media/DeviceLNV/Device/268.jpg HTTP/1.1" 404 1800
[2026-08-25 11:36:11,184] [log.py:228] [log:log_response] [WARNING]- Not Found: /media/DeviceLNV/Zaihuo/268.jpg
[2026-08-25 11:36:11,196] [basehttp.py:154] [basehttp:log_message] [WARNING]- "GET /media/DeviceLNV/Zaihuo/268.jpg HTTP/1.1" 404 1800
[2026-08-25 11:36:11,198] [log.py:228] [log:log_response] [WARNING]- Not Found: /media/DeviceLNV/Device/266.jpg
[2026-08-25 11:36:11,209] [basehttp.py:154] [basehttp:log_message] [WARNING]- "GET /media/DeviceLNV/Device/266.jpg HTTP/1.1" 404 1800
[2026-08-25 11:36:11,237] [log.py:228] [log:log_response] [WARNING]- Not Found: /media/DeviceLNV/Zaihuo/266.jpg
[2026-08-25 11:36:11,239] [basehttp.py:154] [basehttp:log_message] [WARNING]- "GET /media/DeviceLNV/Zaihuo/266.jpg HTTP/1.1" 404 1800
[2026-08-25 11:36:11,249] [log.py:228] [log:log_response] [WARNING]- Not Found: /media/DeviceLNV/Device/269.jpg
[2026-08-25 11:36:11,250] [basehttp.py:154] [basehttp:log_message] [WARNING]- "GET /media/DeviceLNV/Device/269.jpg HTTP/1.1" 404 1800
[2026-08-25 11:36:11,251] [log.py:228] [log:log_response] [WARNING]- Not Found: /media/DeviceLNV/Device/267.jpg
[2026-08-25 11:36:11,252] [log.py:228] [log:log_response] [WARNING]- Not Found: /media/DeviceLNV/Zaihuo/269.jpg
[2026-08-25 11:36:11,254] [basehttp.py:154] [basehttp:log_message] [WARNING]- "GET /media/DeviceLNV/Device/267.jpg HTTP/1.1" 404 1800
[2026-08-25 11:36:11,256] [basehttp.py:154] [basehttp:log_message] [WARNING]- "GET /media/DeviceLNV/Zaihuo/269.jpg HTTP/1.1" 404 1800
[2026-08-25 11:36:11,265] [log.py:228] [log:log_response] [WARNING]- Not Found: /media/DeviceLNV/Zaihuo/267.jpg
[2026-08-25 11:36:11,271] [log.py:228] [log:log_response] [WARNING]- Not Found: /media/DeviceLNV/Device/2098.jpg
[2026-08-25 11:36:11,274] [basehttp.py:154] [basehttp:log_message] [WARNING]- "GET /media/DeviceLNV/Zaihuo/267.jpg HTTP/1.1" 404 1800
[2026-08-25 11:36:11,274] [basehttp.py:154] [basehttp:log_message] [WARNING]- "GET /media/DeviceLNV/Device/2098.jpg HTTP/1.1" 404 1803
[2026-08-25 11:36:11,276] [log.py:228] [log:log_response] [WARNING]- Not Found: /media/DeviceLNV/Zaihuo/2098.jpg
[2026-08-25 11:36:11,282] [basehttp.py:154] [basehttp:log_message] [WARNING]- "GET /media/DeviceLNV/Zaihuo/2098.jpg HTTP/1.1" 404 1803
[2026-08-25 11:36:11,305] [log.py:228] [log:log_response] [WARNING]- Not Found: /media/DeviceLNV/Device/1292.jpg
[2026-08-25 11:36:11,306] [basehttp.py:154] [basehttp:log_message] [WARNING]- "GET /media/DeviceLNV/Device/1292.jpg HTTP/1.1" 404 1803
[2026-08-25 11:36:11,311] [log.py:228] [log:log_response] [WARNING]- Not Found: /media/DeviceLNV/Zaihuo/1292.jpg
[2026-08-25 11:36:11,315] [log.py:228] [log:log_response] [WARNING]- Not Found: /media/DeviceLNV/Device/2048.jpg
[2026-08-25 11:36:11,320] [basehttp.py:154] [basehttp:log_message] [WARNING]- "GET /media/DeviceLNV/Zaihuo/1292.jpg HTTP/1.1" 404 1803
[2026-08-25 11:36:11,322] [log.py:228] [log:log_response] [WARNING]- Not Found: /media/DeviceLNV/Device/209.jpg
[2026-08-25 11:36:11,323] [basehttp.py:154] [basehttp:log_message] [WARNING]- "GET /media/DeviceLNV/Device/2048.jpg HTTP/1.1" 404 1803
[2026-08-25 11:36:11,330] [basehttp.py:154] [basehttp:log_message] [WARNING]- "GET /media/DeviceLNV/Device/209.jpg HTTP/1.1" 404 1800
[2026-08-25 11:36:11,332] [log.py:228] [log:log_response] [WARNING]- Not Found: /media/DeviceLNV/Zaihuo/2048.jpg
[2026-08-25 11:36:11,340] [log.py:228] [log:log_response] [WARNING]- Not Found: /media/DeviceLNV/Zaihuo/209.jpg
[2026-08-25 11:36:11,347] [basehttp.py:154] [basehttp:log_message] [WARNING]- "GET /media/DeviceLNV/Zaihuo/209.jpg HTTP/1.1" 404 1800
[2026-08-25 11:36:11,347] [basehttp.py:154] [basehttp:log_message] [WARNING]- "GET /media/DeviceLNV/Zaihuo/2048.jpg HTTP/1.1" 404 1803
[2026-08-25 11:36:11,371] [log.py:228] [log:log_response] [WARNING]- Not Found: /media/DeviceLNV/Device/2216.jpg
[2026-08-25 11:36:11,373] [log.py:228] [log:log_response] [WARNING]- Not Found: /media/DeviceLNV/Device/247.jpg
[2026-08-25 11:36:11,374] [basehttp.py:154] [basehttp:log_message] [WARNING]- "GET /media/DeviceLNV/Device/2216.jpg HTTP/1.1" 404 1803
[2026-08-25 11:36:11,375] [basehttp.py:154] [basehttp:log_message] [WARNING]- "GET /media/DeviceLNV/Device/247.jpg HTTP/1.1" 404 1800
[2026-08-25 11:36:11,383] [log.py:228] [log:log_response] [WARNING]- Not Found: /media/DeviceLNV/Zaihuo/247.jpg
[2026-08-25 11:36:11,390] [basehttp.py:154] [basehttp:log_message] [WARNING]- "GET /media/DeviceLNV/Zaihuo/247.jpg HTTP/1.1" 404 1800
[2026-08-25 11:36:11,392] [log.py:228] [log:log_response] [WARNING]- Not Found: /media/DeviceLNV/Zaihuo/2216.jpg
[2026-08-25 11:36:11,399] [log.py:228] [log:log_response] [WARNING]- Not Found: /media/DeviceLNV/Zaihuo/264.jpg
[2026-08-25 11:36:11,402] [basehttp.py:154] [basehttp:log_message] [WARNING]- "GET /media/DeviceLNV/Zaihuo/2216.jpg HTTP/1.1" 404 1803
[2026-08-25 11:36:11,402] [basehttp.py:154] [basehttp:log_message] [WARNING]- "GET /media/DeviceLNV/Zaihuo/264.jpg HTTP/1.1" 404 1800
[2026-08-25 11:36:11,409] [log.py:228] [log:log_response] [WARNING]- Not Found: /media/DeviceLNV/Device/264.jpg
[2026-08-25 11:36:11,414] [basehttp.py:154] [basehttp:log_message] [WARNING]- "GET /media/DeviceLNV/Device/264.jpg HTTP/1.1" 404 1800
[2026-08-25 11:36:11,432] [log.py:228] [log:log_response] [WARNING]- Not Found: /media/DeviceLNV/Zaihuo/265.jpg
[2026-08-25 11:36:11,443] [basehttp.py:154] [basehttp:log_message] [WARNING]- "GET /media/DeviceLNV/Zaihuo/265.jpg HTTP/1.1" 404 1800
[2026-08-25 11:36:11,443] [log.py:228] [log:log_response] [WARNING]- Not Found: /media/DeviceLNV/Device/2217.jpg
[2026-08-25 11:36:11,450] [log.py:228] [log:log_response] [WARNING]- Not Found: /media/DeviceLNV/Device/265.jpg
[2026-08-25 11:36:11,457] [basehttp.py:154] [basehttp:log_message] [WARNING]- "GET /media/DeviceLNV/Device/2217.jpg HTTP/1.1" 404 1803
[2026-08-25 11:36:11,458] [log.py:228] [log:log_response] [WARNING]- Not Found: /media/DeviceLNV/Zaihuo/2217.jpg
[2026-08-25 11:36:11,462] [basehttp.py:154] [basehttp:log_message] [WARNING]- "GET /media/DeviceLNV/Device/265.jpg HTTP/1.1" 404 1800
[2026-08-25 11:36:11,471] [basehttp.py:154] [basehttp:log_message] [WARNING]- "GET /media/DeviceLNV/Zaihuo/2217.jpg HTTP/1.1" 404 1803
[2026-08-25 11:36:11,477] [log.py:228] [log:log_response] [WARNING]- Not Found: /media/DeviceLNV/Device/228.jpg
[2026-08-25 11:36:11,484] [log.py:228] [log:log_response] [WARNING]- Not Found: /media/DeviceLNV/Zaihuo/228.jpg
[2026-08-25 11:36:11,497] [basehttp.py:154] [basehttp:log_message] [WARNING]- "GET /media/DeviceLNV/Device/228.jpg HTTP/1.1" 404 1800
[2026-08-25 11:36:11,498] [basehttp.py:154] [basehttp:log_message] [WARNING]- "GET /media/DeviceLNV/Zaihuo/228.jpg HTTP/1.1" 404 1800
[2026-08-25 11:36:11,541] [log.py:228] [log:log_response] [WARNING]- Not Found: /media/DeviceLNV/Device/214.jpg
[2026-08-25 11:36:11,545] [basehttp.py:154] [basehttp:log_message] [WARNING]- "GET /media/DeviceLNV/Device/214.jpg HTTP/1.1" 404 1800
[2026-08-25 11:36:11,547] [log.py:228] [log:log_response] [WARNING]- Not Found: /media/DeviceLNV/Device/2049.jpg
[2026-08-25 11:36:11,552] [basehttp.py:154] [basehttp:log_message] [WARNING]- "GET /media/DeviceLNV/Device/2049.jpg HTTP/1.1" 404 1803
[2026-08-25 11:36:11,559] [log.py:228] [log:log_response] [WARNING]- Not Found: /media/DeviceLNV/Device/2050.jpg
[2026-08-25 11:36:11,562] [log.py:228] [log:log_response] [WARNING]- Not Found: /media/DeviceLNV/Zaihuo/2049.jpg
[2026-08-25 11:36:11,563] [basehttp.py:154] [basehttp:log_message] [WARNING]- "GET /media/DeviceLNV/Device/2050.jpg HTTP/1.1" 404 1803
[2026-08-25 11:36:11,567] [basehttp.py:154] [basehttp:log_message] [WARNING]- "GET /media/DeviceLNV/Zaihuo/2049.jpg HTTP/1.1" 404 1803
[2026-08-25 11:36:11,572] [log.py:228] [log:log_response] [WARNING]- Not Found: /media/DeviceLNV/Zaihuo/214.jpg
[2026-08-25 11:36:11,585] [log.py:228] [log:log_response] [WARNING]- Not Found: /media/DeviceLNV/Zaihuo/2050.jpg
[2026-08-25 11:36:11,589] [basehttp.py:154] [basehttp:log_message] [WARNING]- "GET /media/DeviceLNV/Zaihuo/214.jpg HTTP/1.1" 404 1800
[2026-08-25 11:36:11,589] [basehttp.py:154] [basehttp:log_message] [WARNING]- "GET /media/DeviceLNV/Zaihuo/2050.jpg HTTP/1.1" 404 1803
[2026-08-25 11:36:11,599] [log.py:228] [log:log_response] [WARNING]- Not Found: /media/DeviceLNV/Device/1298.jpg
[2026-08-25 11:36:11,613] [basehttp.py:154] [basehttp:log_message] [WARNING]- "GET /media/DeviceLNV/Device/1298.jpg HTTP/1.1" 404 1803
[2026-08-25 11:36:11,620] [log.py:228] [log:log_response] [WARNING]- Not Found: /media/DeviceLNV/Zaihuo/1298.jpg
[2026-08-25 11:36:11,621] [log.py:228] [log:log_response] [WARNING]- Not Found: /media/DeviceLNV/Device/1299.jpg
[2026-08-25 11:36:11,626] [basehttp.py:154] [basehttp:log_message] [WARNING]- "GET /media/DeviceLNV/Zaihuo/1298.jpg HTTP/1.1" 404 1803
[2026-08-25 11:36:11,627] [basehttp.py:154] [basehttp:log_message] [WARNING]- "GET /media/DeviceLNV/Device/1299.jpg HTTP/1.1" 404 1803
[2026-08-25 11:36:11,703] [log.py:228] [log:log_response] [WARNING]- Not Found: /media/DeviceLNV/Zaihuo/1299.jpg
[2026-08-25 11:36:11,705] [basehttp.py:154] [basehttp:log_message] [WARNING]- "GET /media/DeviceLNV/Zaihuo/1299.jpg HTTP/1.1" 404 1803
[2026-08-25 11:36:11,712] [log.py:228] [log:log_response] [WARNING]- Not Found: /media/DeviceLNV/Device/1300.jpg
[2026-08-25 11:36:11,716] [basehttp.py:154] [basehttp:log_message] [WARNING]- "GET /media/DeviceLNV/Device/1300.jpg HTTP/1.1" 404 1803
[2026-08-25 11:36:11,728] [log.py:228] [log:log_response] [WARNING]- Not Found: /media/DeviceLNV/Zaihuo/1300.jpg
[2026-08-25 11:36:11,732] [basehttp.py:154] [basehttp:log_message] [WARNING]- "GET /media/DeviceLNV/Zaihuo/1300.jpg HTTP/1.1" 404 1803
[2026-08-25 11:36:11,736] [log.py:228] [log:log_response] [WARNING]- Not Found: /media/DeviceLNV/Device/1301.jpg
[2026-08-25 11:36:11,741] [basehttp.py:154] [basehttp:log_message] [WARNING]- "GET /media/DeviceLNV/Device/1301.jpg HTTP/1.1" 404 1803
[2026-08-25 11:36:11,742] [log.py:228] [log:log_response] [WARNING]- Not Found: /media/DeviceLNV/Device/227.jpg
[2026-08-25 11:36:11,749] [log.py:228] [log:log_response] [WARNING]- Not Found: /media/DeviceLNV/Zaihuo/1301.jpg
[2026-08-25 11:36:11,749] [basehttp.py:154] [basehttp:log_message] [WARNING]- "GET /media/DeviceLNV/Device/227.jpg HTTP/1.1" 404 1800
[2026-08-25 11:36:11,756] [basehttp.py:154] [basehttp:log_message] [WARNING]- "GET /media/DeviceLNV/Zaihuo/1301.jpg HTTP/1.1" 404 1803
[2026-08-25 11:36:11,771] [log.py:228] [log:log_response] [WARNING]- Not Found: /media/DeviceLNV/Device/259.jpg
[2026-08-25 11:36:11,781] [basehttp.py:154] [basehttp:log_message] [WARNING]- "GET /media/DeviceLNV/Device/259.jpg HTTP/1.1" 404 1800
[2026-08-25 11:36:11,782] [log.py:228] [log:log_response] [WARNING]- Not Found: /media/DeviceLNV/Zaihuo/227.jpg
[2026-08-25 11:36:11,789] [basehttp.py:154] [basehttp:log_message] [WARNING]- "GET /media/DeviceLNV/Zaihuo/227.jpg HTTP/1.1" 404 1800
[2026-08-25 11:36:11,789] [log.py:228] [log:log_response] [WARNING]- Not Found: /media/DeviceLNV/Zaihuo/259.jpg
[2026-08-25 11:36:11,795] [basehttp.py:154] [basehttp:log_message] [WARNING]- "GET /media/DeviceLNV/Zaihuo/259.jpg HTTP/1.1" 404 1800
[2026-08-25 11:36:11,795] [log.py:228] [log:log_response] [WARNING]- Not Found: /media/DeviceLNV/Zaihuo/260.jpg
[2026-08-25 11:36:11,801] [log.py:228] [log:log_response] [WARNING]- Not Found: /media/DeviceLNV/Device/260.jpg
[2026-08-25 11:36:11,802] [basehttp.py:154] [basehttp:log_message] [WARNING]- "GET /media/DeviceLNV/Zaihuo/260.jpg HTTP/1.1" 404 1800
[2026-08-25 11:36:11,804] [log.py:228] [log:log_response] [WARNING]- Not Found: /media/DeviceLNV/Device/1383.jpg
[2026-08-25 11:36:11,807] [basehttp.py:154] [basehttp:log_message] [WARNING]- "GET /media/DeviceLNV/Device/260.jpg HTTP/1.1" 404 1800
[2026-08-25 11:36:11,811] [basehttp.py:154] [basehttp:log_message] [WARNING]- "GET /media/DeviceLNV/Device/1383.jpg HTTP/1.1" 404 1803
[2026-08-25 11:36:11,819] [log.py:228] [log:log_response] [WARNING]- Not Found: /media/DeviceLNV/Zaihuo/1383.jpg
[2026-08-25 11:36:11,842] [basehttp.py:154] [basehttp:log_message] [WARNING]- "GET /media/DeviceLNV/Zaihuo/1383.jpg HTTP/1.1" 404 1803
[2026-08-25 11:36:11,846] [log.py:228] [log:log_response] [WARNING]- Not Found: /media/DeviceLNV/Device/1294.jpg
[2026-08-25 11:36:11,850] [basehttp.py:154] [basehttp:log_message] [WARNING]- "GET /media/DeviceLNV/Device/1294.jpg HTTP/1.1" 404 1803
[2026-08-25 11:36:11,862] [log.py:228] [log:log_response] [WARNING]- Not Found: /media/DeviceLNV/Zaihuo/1294.jpg
[2026-08-25 11:36:11,868] [log.py:228] [log:log_response] [WARNING]- Not Found: /media/DeviceLNV/Device/1295.jpg
[2026-08-25 11:36:11,868] [basehttp.py:154] [basehttp:log_message] [WARNING]- "GET /media/DeviceLNV/Zaihuo/1294.jpg HTTP/1.1" 404 1803
[2026-08-25 11:36:11,873] [basehttp.py:154] [basehttp:log_message] [WARNING]- "GET /media/DeviceLNV/Device/1295.jpg HTTP/1.1" 404 1803
[2026-08-25 11:36:11,881] [log.py:228] [log:log_response] [WARNING]- Not Found: /media/DeviceLNV/Zaihuo/1295.jpg
[2026-08-25 11:36:11,887] [basehttp.py:154] [basehttp:log_message] [WARNING]- "GET /media/DeviceLNV/Zaihuo/1295.jpg HTTP/1.1" 404 1803
[2026-08-25 11:36:11,893] [log.py:228] [log:log_response] [WARNING]- Not Found: /media/DeviceLNV/Device/1296.jpg
[2026-08-25 11:36:11,895] [basehttp.py:154] [basehttp:log_message] [WARNING]- "GET /media/DeviceLNV/Device/1296.jpg HTTP/1.1" 404 1803
[2026-08-25 11:36:11,904] [log.py:228] [log:log_response] [WARNING]- Not Found: /media/DeviceLNV/Zaihuo/1296.jpg
[2026-08-25 11:36:11,906] [log.py:228] [log:log_response] [WARNING]- Not Found: /media/DeviceLNV/Device/1297.jpg
[2026-08-25 11:36:11,913] [basehttp.py:154] [basehttp:log_message] [WARNING]- "GET /media/DeviceLNV/Zaihuo/1296.jpg HTTP/1.1" 404 1803
[2026-08-25 11:36:11,913] [basehttp.py:154] [basehttp:log_message] [WARNING]- "GET /media/DeviceLNV/Device/1297.jpg HTTP/1.1" 404 1803
[2026-08-25 11:36:11,915] [log.py:228] [log:log_response] [WARNING]- Not Found: /media/DeviceLNV/Device/1302.jpg
[2026-08-25 11:36:11,925] [basehttp.py:154] [basehttp:log_message] [WARNING]- "GET /media/DeviceLNV/Device/1302.jpg HTTP/1.1" 404 1803
[2026-08-25 11:36:11,926] [log.py:228] [log:log_response] [WARNING]- Not Found: /media/DeviceLNV/Zaihuo/1297.jpg
[2026-08-25 11:36:11,933] [log.py:228] [log:log_response] [WARNING]- Not Found: /media/DeviceLNV/Zaihuo/1302.jpg
[2026-08-25 11:36:11,936] [basehttp.py:154] [basehttp:log_message] [WARNING]- "GET /media/DeviceLNV/Zaihuo/1297.jpg HTTP/1.1" 404 1803
[2026-08-25 11:36:11,940] [basehttp.py:154] [basehttp:log_message] [WARNING]- "GET /media/DeviceLNV/Zaihuo/1302.jpg HTTP/1.1" 404 1803
[2026-08-25 11:36:11,944] [log.py:228] [log:log_response] [WARNING]- Not Found: /media/DeviceLNV/Device/223.jpg
[2026-08-25 11:36:11,949] [basehttp.py:154] [basehttp:log_message] [WARNING]- "GET /media/DeviceLNV/Device/223.jpg HTTP/1.1" 404 1800
[2026-08-25 11:36:11,967] [log.py:228] [log:log_response] [WARNING]- Not Found: /media/DeviceLNV/Zaihuo/223.jpg
[2026-08-25 11:36:11,973] [basehttp.py:154] [basehttp:log_message] [WARNING]- "GET /media/DeviceLNV/Zaihuo/223.jpg HTTP/1.1" 404 1800
[2026-08-25 11:36:11,981] [log.py:228] [log:log_response] [WARNING]- Not Found: /media/DeviceLNV/Device/1934.jpg
[2026-08-25 11:36:11,988] [basehttp.py:154] [basehttp:log_message] [WARNING]- "GET /media/DeviceLNV/Device/1934.jpg HTTP/1.1" 404 1803
[2026-08-25 11:36:11,988] [log.py:228] [log:log_response] [WARNING]- Not Found: /media/DeviceLNV/Zaihuo/1934.jpg
[2026-08-25 11:36:11,992] [log.py:228] [log:log_response] [WARNING]- Not Found: /media/DeviceLNV/Device/2220.jpg
[2026-08-25 11:36:11,994] [basehttp.py:154] [basehttp:log_message] [WARNING]- "GET /media/DeviceLNV/Zaihuo/1934.jpg HTTP/1.1" 404 1803
[2026-08-25 11:36:11,997] [basehttp.py:154] [basehttp:log_message] [WARNING]- "GET /media/DeviceLNV/Device/2220.jpg HTTP/1.1" 404 1803
[2026-08-25 11:36:11,998] [log.py:228] [log:log_response] [WARNING]- Not Found: /media/DeviceLNV/Zaihuo/2220.jpg
[2026-08-25 11:36:12,001] [log.py:228] [log:log_response] [WARNING]- Not Found: /media/DeviceLNV/Device/1460.jpg
[2026-08-25 11:36:12,009] [basehttp.py:154] [basehttp:log_message] [WARNING]- "GET /media/DeviceLNV/Device/1460.jpg HTTP/1.1" 404 1803
[2026-08-25 11:36:12,010] [basehttp.py:154] [basehttp:log_message] [WARNING]- "GET /media/DeviceLNV/Zaihuo/2220.jpg HTTP/1.1" 404 1803
[2026-08-25 11:36:12,014] [log.py:228] [log:log_response] [WARNING]- Not Found: /media/DeviceLNV/Zaihuo/1460.jpg
[2026-08-25 11:36:12,024] [basehttp.py:154] [basehttp:log_message] [WARNING]- "GET /media/DeviceLNV/Zaihuo/1460.jpg HTTP/1.1" 404 1803
[2026-08-25 11:36:12,041] [log.py:228] [log:log_response] [WARNING]- Not Found: /media/DeviceLNV/Device/246.jpg
[2026-08-25 11:36:12,044] [log.py:228] [log:log_response] [WARNING]- Not Found: /media/DeviceLNV/Zaihuo/246.jpg
[2026-08-25 11:36:12,045] [basehttp.py:154] [basehttp:log_message] [WARNING]- "GET /media/DeviceLNV/Device/246.jpg HTTP/1.1" 404 1800
[2026-08-25 11:36:12,051] [log.py:228] [log:log_response] [WARNING]- Not Found: /media/DeviceLNV/Device/242.jpg
[2026-08-25 11:36:12,053] [basehttp.py:154] [basehttp:log_message] [WARNING]- "GET /media/DeviceLNV/Zaihuo/246.jpg HTTP/1.1" 404 1800
[2026-08-25 11:36:12,055] [basehttp.py:154] [basehttp:log_message] [WARNING]- "GET /media/DeviceLNV/Device/242.jpg HTTP/1.1" 404 1800
[2026-08-25 11:36:12,061] [log.py:228] [log:log_response] [WARNING]- Not Found: /media/DeviceLNV/Device/248.jpg
[2026-08-25 11:36:12,071] [basehttp.py:154] [basehttp:log_message] [WARNING]- "GET /media/DeviceLNV/Device/248.jpg HTTP/1.1" 404 1800
[2026-08-25 11:36:12,071] [log.py:228] [log:log_response] [WARNING]- Not Found: /media/DeviceLNV/Zaihuo/242.jpg
[2026-08-25 11:36:12,075] [basehttp.py:154] [basehttp:log_message] [WARNING]- "GET /media/DeviceLNV/Zaihuo/242.jpg HTTP/1.1" 404 1800
[2026-08-25 11:36:12,076] [log.py:228] [log:log_response] [WARNING]- Not Found: /media/DeviceLNV/Zaihuo/248.jpg
[2026-08-25 11:36:12,081] [basehttp.py:154] [basehttp:log_message] [WARNING]- "GET /media/DeviceLNV/Zaihuo/248.jpg HTTP/1.1" 404 1800
[2026-08-25 11:36:12,109] [log.py:228] [log:log_response] [WARNING]- Not Found: /media/DeviceLNV/Zaihuo/251.jpg
[2026-08-25 11:36:12,114] [log.py:228] [log:log_response] [WARNING]- Not Found: /media/DeviceLNV/Device/251.jpg
[2026-08-25 11:36:12,118] [basehttp.py:154] [basehttp:log_message] [WARNING]- "GET /media/DeviceLNV/Zaihuo/251.jpg HTTP/1.1" 404 1800
[2026-08-25 11:36:12,122] [basehttp.py:154] [basehttp:log_message] [WARNING]- "GET /media/DeviceLNV/Device/251.jpg HTTP/1.1" 404 1800
[2026-08-25 11:36:12,126] [log.py:228] [log:log_response] [WARNING]- Not Found: /media/DeviceLNV/Zaihuo/252.jpg
[2026-08-25 11:36:12,130] [log.py:228] [log:log_response] [WARNING]- Not Found: /media/DeviceLNV/Device/252.jpg
[2026-08-25 11:36:12,138] [basehttp.py:154] [basehttp:log_message] [WARNING]- "GET /media/DeviceLNV/Zaihuo/252.jpg HTTP/1.1" 404 1800
[2026-08-25 11:36:12,138] [log.py:228] [log:log_response] [WARNING]- Not Found: /media/DeviceLNV/Zaihuo/243.jpg
[2026-08-25 11:36:12,141] [basehttp.py:154] [basehttp:log_message] [WARNING]- "GET /media/DeviceLNV/Device/252.jpg HTTP/1.1" 404 1800
[2026-08-25 11:36:12,144] [basehttp.py:154] [basehttp:log_message] [WARNING]- "GET /media/DeviceLNV/Zaihuo/243.jpg HTTP/1.1" 404 1800
[2026-08-25 11:36:12,146] [log.py:228] [log:log_response] [WARNING]- Not Found: /media/DeviceLNV/Device/243.jpg
[2026-08-25 11:36:12,159] [basehttp.py:154] [basehttp:log_message] [WARNING]- "GET /media/DeviceLNV/Device/243.jpg HTTP/1.1" 404 1800
[2026-08-25 11:36:12,176] [log.py:228] [log:log_response] [WARNING]- Not Found: /media/DeviceLNV/Zaihuo/250.jpg
[2026-08-25 11:36:12,177] [log.py:228] [log:log_response] [WARNING]- Not Found: /media/DeviceLNV/Device/250.jpg
[2026-08-25 11:36:12,179] [basehttp.py:154] [basehttp:log_message] [WARNING]- "GET /media/DeviceLNV/Zaihuo/250.jpg HTTP/1.1" 404 1800
[2026-08-25 11:36:12,179] [basehttp.py:154] [basehttp:log_message] [WARNING]- "GET /media/DeviceLNV/Device/250.jpg HTTP/1.1" 404 1800
[2026-08-25 11:36:12,185] [log.py:228] [log:log_response] [WARNING]- Not Found: /media/DeviceLNV/Device/254.jpg
[2026-08-25 11:36:12,197] [basehttp.py:154] [basehttp:log_message] [WARNING]- "GET /media/DeviceLNV/Device/254.jpg HTTP/1.1" 404 1800
[2026-08-25 11:36:12,201] [log.py:228] [log:log_response] [WARNING]- Not Found: /media/DeviceLNV/Zaihuo/254.jpg
[2026-08-25 11:36:12,205] [basehttp.py:154] [basehttp:log_message] [WARNING]- "GET /media/DeviceLNV/Zaihuo/254.jpg HTTP/1.1" 404 1800
[2026-08-25 11:36:12,209] [log.py:228] [log:log_response] [WARNING]- Not Found: /media/DeviceLNV/Zaihuo/1065.jpg
[2026-08-25 11:36:12,211] [log.py:228] [log:log_response] [WARNING]- Not Found: /media/DeviceLNV/Device/1065.jpg
[2026-08-25 11:36:12,216] [basehttp.py:154] [basehttp:log_message] [WARNING]- "GET /media/DeviceLNV/Zaihuo/1065.jpg HTTP/1.1" 404 1803
[2026-08-25 11:36:12,222] [basehttp.py:154] [basehttp:log_message] [WARNING]- "GET /media/DeviceLNV/Device/1065.jpg HTTP/1.1" 404 1803
[2026-08-25 11:36:12,231] [log.py:228] [log:log_response] [WARNING]- Not Found: /media/DeviceLNV/Device/334.jpg
[2026-08-25 11:36:12,239] [basehttp.py:154] [basehttp:log_message] [WARNING]- "GET /media/DeviceLNV/Device/334.jpg HTTP/1.1" 404 1800
[2026-08-25 11:36:12,239] [log.py:228] [log:log_response] [WARNING]- Not Found: /media/DeviceLNV/Zaihuo/334.jpg
[2026-08-25 11:36:12,241] [basehttp.py:154] [basehttp:log_message] [WARNING]- "GET /media/DeviceLNV/Zaihuo/334.jpg HTTP/1.1" 404 1800
[2026-08-25 11:36:12,256] [log.py:228] [log:log_response] [WARNING]- Not Found: /media/DeviceLNV/Device/316.jpg
[2026-08-25 11:36:12,259] [log.py:228] [log:log_response] [WARNING]- Not Found: /media/DeviceLNV/Zaihuo/316.jpg
[2026-08-25 11:36:12,261] [basehttp.py:154] [basehttp:log_message] [WARNING]- "GET /media/DeviceLNV/Device/316.jpg HTTP/1.1" 404 1800
[2026-08-25 11:36:12,262] [basehttp.py:154] [basehttp:log_message] [WARNING]- "GET /media/DeviceLNV/Zaihuo/316.jpg HTTP/1.1" 404 1800
[2026-08-25 11:36:12,264] [log.py:228] [log:log_response] [WARNING]- Not Found: /media/DeviceLNV/Zaihuo/331.jpg
[2026-08-25 11:36:12,274] [basehttp.py:154] [basehttp:log_message] [WARNING]- "GET /media/DeviceLNV/Zaihuo/331.jpg HTTP/1.1" 404 1800
[2026-08-25 11:36:12,276] [log.py:228] [log:log_response] [WARNING]- Not Found: /media/DeviceLNV/Device/331.jpg
[2026-08-25 11:36:12,284] [basehttp.py:154] [basehttp:log_message] [WARNING]- "GET /media/DeviceLNV/Device/331.jpg HTTP/1.1" 404 1800
[2026-08-25 11:36:12,293] [log.py:228] [log:log_response] [WARNING]- Not Found: /media/DeviceLNV/Device/1046.jpg
[2026-08-25 11:36:12,298] [basehttp.py:154] [basehttp:log_message] [WARNING]- "GET /media/DeviceLNV/Device/1046.jpg HTTP/1.1" 404 1803
[2026-08-25 11:36:12,308] [log.py:228] [log:log_response] [WARNING]- Not Found: /media/DeviceLNV/Zaihuo/1046.jpg
[2026-08-25 11:36:12,316] [basehttp.py:154] [basehttp:log_message] [WARNING]- "GET /media/DeviceLNV/Zaihuo/1046.jpg HTTP/1.1" 404 1803
[2026-08-25 11:36:12,322] [log.py:228] [log:log_response] [WARNING]- Not Found: /media/DeviceLNV/Device/1492.jpg
[2026-08-25 11:36:12,330] [basehttp.py:154] [basehttp:log_message] [WARNING]- "GET /media/DeviceLNV/Device/1492.jpg HTTP/1.1" 404 1803
[2026-08-25 11:36:12,336] [log.py:228] [log:log_response] [WARNING]- Not Found: /media/DeviceLNV/Zaihuo/1492.jpg
[2026-08-25 11:36:12,343] [basehttp.py:154] [basehttp:log_message] [WARNING]- "GET /media/DeviceLNV/Zaihuo/1492.jpg HTTP/1.1" 404 1803
[2026-08-25 11:36:12,344] [log.py:228] [log:log_response] [WARNING]- Not Found: /media/DeviceLNV/Device/317.jpg
[2026-08-25 11:36:12,346] [basehttp.py:154] [basehttp:log_message] [WARNING]- "GET /media/DeviceLNV/Device/317.jpg HTTP/1.1" 404 1800
[2026-08-25 11:36:12,351] [log.py:228] [log:log_response] [WARNING]- Not Found: /media/DeviceLNV/Zaihuo/317.jpg
[2026-08-25 11:36:12,354] [basehttp.py:154] [basehttp:log_message] [WARNING]- "GET /media/DeviceLNV/Zaihuo/317.jpg HTTP/1.1" 404 1800
[2026-08-25 11:36:12,357] [log.py:228] [log:log_response] [WARNING]- Not Found: /media/DeviceLNV/Device/344.jpg
[2026-08-25 11:36:12,362] [basehttp.py:154] [basehttp:log_message] [WARNING]- "GET /media/DeviceLNV/Device/344.jpg HTTP/1.1" 404 1800
[2026-08-25 11:36:12,365] [log.py:228] [log:log_response] [WARNING]- Not Found: /media/DeviceLNV/Zaihuo/344.jpg
[2026-08-25 11:36:12,370] [basehttp.py:154] [basehttp:log_message] [WARNING]- "GET /media/DeviceLNV/Zaihuo/344.jpg HTTP/1.1" 404 1800
[2026-08-25 11:36:12,370] [log.py:228] [log:log_response] [WARNING]- Not Found: /media/DeviceLNV/Device/319.jpg
[2026-08-25 11:36:12,375] [log.py:228] [log:log_response] [WARNING]- Not Found: /media/DeviceLNV/Zaihuo/319.jpg
[2026-08-25 11:36:12,380] [basehttp.py:154] [basehttp:log_message] [WARNING]- "GET /media/DeviceLNV/Device/319.jpg HTTP/1.1" 404 1800
[2026-08-25 11:36:12,381] [basehttp.py:154] [basehttp:log_message] [WARNING]- "GET /media/DeviceLNV/Zaihuo/319.jpg HTTP/1.1" 404 1800
[2026-08-25 11:36:12,400] [log.py:228] [log:log_response] [WARNING]- Not Found: /media/DeviceLNV/Device/322.jpg
[2026-08-25 11:36:12,405] [basehttp.py:154] [basehttp:log_message] [WARNING]- "GET /media/DeviceLNV/Device/322.jpg HTTP/1.1" 404 1800
[2026-08-25 11:36:12,405] [log.py:228] [log:log_response] [WARNING]- Not Found: /media/DeviceLNV/Zaihuo/322.jpg
[2026-08-25 11:36:12,411] [basehttp.py:154] [basehttp:log_message] [WARNING]- "GET /media/DeviceLNV/Zaihuo/322.jpg HTTP/1.1" 404 1800
[2026-08-25 11:36:12,417] [log.py:228] [log:log_response] [WARNING]- Not Found: /media/DeviceLNV/Device/1066.jpg
[2026-08-25 11:36:12,420] [basehttp.py:154] [basehttp:log_message] [WARNING]- "GET /media/DeviceLNV/Device/1066.jpg HTTP/1.1" 404 1803
[2026-08-25 11:36:12,423] [log.py:228] [log:log_response] [WARNING]- Not Found: /media/DeviceLNV/Zaihuo/1066.jpg
[2026-08-25 11:36:12,430] [log.py:228] [log:log_response] [WARNING]- Not Found: /media/DeviceLNV/Zaihuo/345.jpg
[2026-08-25 11:36:12,430] [basehttp.py:154] [basehttp:log_message] [WARNING]- "GET /media/DeviceLNV/Zaihuo/1066.jpg HTTP/1.1" 404 1803
[2026-08-25 11:36:12,436] [basehttp.py:154] [basehttp:log_message] [WARNING]- "GET /media/DeviceLNV/Zaihuo/345.jpg HTTP/1.1" 404 1800
[2026-08-25 11:36:12,441] [log.py:228] [log:log_response] [WARNING]- Not Found: /media/DeviceLNV/Device/345.jpg
[2026-08-25 11:36:12,448] [log.py:228] [log:log_response] [WARNING]- Not Found: /media/DeviceLNV/Device/341.jpg
[2026-08-25 11:36:12,454] [basehttp.py:154] [basehttp:log_message] [WARNING]- "GET /media/DeviceLNV/Device/345.jpg HTTP/1.1" 404 1800
[2026-08-25 11:36:12,457] [basehttp.py:154] [basehttp:log_message] [WARNING]- "GET /media/DeviceLNV/Device/341.jpg HTTP/1.1" 404 1800
[2026-08-25 11:36:12,463] [log.py:228] [log:log_response] [WARNING]- Not Found: /media/DeviceLNV/Zaihuo/341.jpg
[2026-08-25 11:36:12,468] [log.py:228] [log:log_response] [WARNING]- Not Found: /media/DeviceLNV/Device/337.jpg
[2026-08-25 11:36:12,469] [basehttp.py:154] [basehttp:log_message] [WARNING]- "GET /media/DeviceLNV/Zaihuo/341.jpg HTTP/1.1" 404 1800
[2026-08-25 11:36:12,472] [log.py:228] [log:log_response] [WARNING]- Not Found: /media/DeviceLNV/Zaihuo/337.jpg
[2026-08-25 11:36:12,475] [basehttp.py:154] [basehttp:log_message] [WARNING]- "GET /media/DeviceLNV/Device/337.jpg HTTP/1.1" 404 1800
[2026-08-25 11:36:12,480] [basehttp.py:154] [basehttp:log_message] [WARNING]- "GET /media/DeviceLNV/Zaihuo/337.jpg HTTP/1.1" 404 1800
[2026-08-25 11:36:12,497] [log.py:228] [log:log_response] [WARNING]- Not Found: /media/DeviceLNV/Device/332.jpg
[2026-08-25 11:36:12,503] [basehttp.py:154] [basehttp:log_message] [WARNING]- "GET /media/DeviceLNV/Device/332.jpg HTTP/1.1" 404 1800
[2026-08-25 11:36:12,513] [log.py:228] [log:log_response] [WARNING]- Not Found: /media/DeviceLNV/Zaihuo/332.jpg
[2026-08-25 11:36:12,517] [basehttp.py:154] [basehttp:log_message] [WARNING]- "GET /media/DeviceLNV/Zaihuo/332.jpg HTTP/1.1" 404 1800
[2026-08-25 11:36:12,560] [log.py:228] [log:log_response] [WARNING]- Not Found: /media/DeviceLNV/Device/1178.jpg
[2026-08-25 11:36:12,564] [basehttp.py:154] [basehttp:log_message] [WARNING]- "GET /media/DeviceLNV/Device/1178.jpg HTTP/1.1" 404 1803
[2026-08-25 11:36:12,565] [log.py:228] [log:log_response] [WARNING]- Not Found: /media/DeviceLNV/Zaihuo/1178.jpg
[2026-08-25 11:36:12,567] [basehttp.py:154] [basehttp:log_message] [WARNING]- "GET /media/DeviceLNV/Zaihuo/1178.jpg HTTP/1.1" 404 1803
[2026-08-25 11:36:12,580] [log.py:228] [log:log_response] [WARNING]- Not Found: /media/DeviceLNV/Device/326.jpg
[2026-08-25 11:36:12,586] [basehttp.py:154] [basehttp:log_message] [WARNING]- "GET /media/DeviceLNV/Device/326.jpg HTTP/1.1" 404 1800
[2026-08-25 11:36:12,588] [log.py:228] [log:log_response] [WARNING]- Not Found: /media/DeviceLNV/Zaihuo/326.jpg
[2026-08-25 11:36:12,594] [log.py:228] [log:log_response] [WARNING]- Not Found: /media/DeviceLNV/Device/327.jpg
[2026-08-25 11:36:12,597] [basehttp.py:154] [basehttp:log_message] [WARNING]- "GET /media/DeviceLNV/Zaihuo/326.jpg HTTP/1.1" 404 1800
[2026-08-25 11:36:12,601] [basehttp.py:154] [basehttp:log_message] [WARNING]- "GET /media/DeviceLNV/Device/327.jpg HTTP/1.1" 404 1800
[2026-08-25 11:36:12,609] [log.py:228] [log:log_response] [WARNING]- Not Found: /media/DeviceLNV/Zaihuo/327.jpg
[2026-08-25 11:36:12,628] [log.py:228] [log:log_response] [WARNING]- Not Found: /media/DeviceLNV/Device/324.jpg
[2026-08-25 11:36:12,630] [basehttp.py:154] [basehttp:log_message] [WARNING]- "GET /media/DeviceLNV/Zaihuo/327.jpg HTTP/1.1" 404 1800
[2026-08-25 11:36:12,633] [log.py:228] [log:log_response] [WARNING]- Not Found: /media/DeviceLNV/Zaihuo/324.jpg
[2026-08-25 11:36:12,633] [basehttp.py:154] [basehttp:log_message] [WARNING]- "GET /media/DeviceLNV/Device/324.jpg HTTP/1.1" 404 1800
[2026-08-25 11:36:12,639] [basehttp.py:154] [basehttp:log_message] [WARNING]- "GET /media/DeviceLNV/Zaihuo/324.jpg HTTP/1.1" 404 1800
[2026-08-25 11:36:12,660] [log.py:228] [log:log_response] [WARNING]- Not Found: /media/DeviceLNV/Device/1179.jpg
[2026-08-25 11:36:12,667] [basehttp.py:154] [basehttp:log_message] [WARNING]- "GET /media/DeviceLNV/Device/1179.jpg HTTP/1.1" 404 1803
[2026-08-25 11:36:12,672] [log.py:228] [log:log_response] [WARNING]- Not Found: /media/DeviceLNV/Zaihuo/1179.jpg
[2026-08-25 11:36:12,676] [log.py:228] [log:log_response] [WARNING]- Not Found: /media/DeviceLNV/Device/321.jpg
[2026-08-25 11:36:12,679] [basehttp.py:154] [basehttp:log_message] [WARNING]- "GET /media/DeviceLNV/Zaihuo/1179.jpg HTTP/1.1" 404 1803
[2026-08-25 11:36:12,685] [basehttp.py:154] [basehttp:log_message] [WARNING]- "GET /media/DeviceLNV/Device/321.jpg HTTP/1.1" 404 1800
[2026-08-25 11:36:12,688] [log.py:228] [log:log_response] [WARNING]- Not Found: /media/DeviceLNV/Zaihuo/321.jpg
[2026-08-25 11:36:12,695] [basehttp.py:154] [basehttp:log_message] [WARNING]- "GET /media/DeviceLNV/Zaihuo/321.jpg HTTP/1.1" 404 1800
[2026-08-25 11:36:12,695] [log.py:228] [log:log_response] [WARNING]- Not Found: /media/DeviceLNV/Device/283.jpg
[2026-08-25 11:36:12,700] [basehttp.py:154] [basehttp:log_message] [WARNING]- "GET /media/DeviceLNV/Device/283.jpg HTTP/1.1" 404 1800
[2026-08-25 11:36:12,703] [log.py:228] [log:log_response] [WARNING]- Not Found: /media/DeviceLNV/Zaihuo/283.jpg
[2026-08-25 11:36:12,708] [log.py:228] [log:log_response] [WARNING]- Not Found: /media/DeviceLNV/Device/292.jpg
[2026-08-25 11:36:12,714] [basehttp.py:154] [basehttp:log_message] [WARNING]- "GET /media/DeviceLNV/Zaihuo/283.jpg HTTP/1.1" 404 1800
[2026-08-25 11:36:12,715] [basehttp.py:154] [basehttp:log_message] [WARNING]- "GET /media/DeviceLNV/Device/292.jpg HTTP/1.1" 404 1800
[2026-08-25 11:36:12,721] [log.py:228] [log:log_response] [WARNING]- Not Found: /media/DeviceLNV/Zaihuo/292.jpg
[2026-08-25 11:36:12,728] [log.py:228] [log:log_response] [WARNING]- Not Found: /media/DeviceLNV/Device/294.jpg
[2026-08-25 11:36:12,735] [basehttp.py:154] [basehttp:log_message] [WARNING]- "GET /media/DeviceLNV/Zaihuo/292.jpg HTTP/1.1" 404 1800
[2026-08-25 11:36:12,736] [basehttp.py:154] [basehttp:log_message] [WARNING]- "GET /media/DeviceLNV/Device/294.jpg HTTP/1.1" 404 1800
[2026-08-25 11:36:12,745] [log.py:228] [log:log_response] [WARNING]- Not Found: /media/DeviceLNV/Zaihuo/294.jpg
[2026-08-25 11:36:12,761] [basehttp.py:154] [basehttp:log_message] [WARNING]- "GET /media/DeviceLNV/Zaihuo/294.jpg HTTP/1.1" 404 1800
[2026-08-25 11:36:12,761] [log.py:228] [log:log_response] [WARNING]- Not Found: /media/DeviceLNV/Device/286.jpg
[2026-08-25 11:36:12,773] [basehttp.py:154] [basehttp:log_message] [WARNING]- "GET /media/DeviceLNV/Device/286.jpg HTTP/1.1" 404 1800
[2026-08-25 11:36:12,773] [log.py:228] [log:log_response] [WARNING]- Not Found: /media/DeviceLNV/Device/1550.jpg
[2026-08-25 11:36:12,782] [log.py:228] [log:log_response] [WARNING]- Not Found: /media/DeviceLNV/Zaihuo/286.jpg
[2026-08-25 11:36:12,785] [log.py:228] [log:log_response] [WARNING]- Not Found: /media/DeviceLNV/Device/1551.jpg
[2026-08-25 11:36:12,789] [basehttp.py:154] [basehttp:log_message] [WARNING]- "GET /media/DeviceLNV/Device/1550.jpg HTTP/1.1" 404 1803
[2026-08-25 11:36:12,794] [basehttp.py:154] [basehttp:log_message] [WARNING]- "GET /media/DeviceLNV/Zaihuo/286.jpg HTTP/1.1" 404 1800
[2026-08-25 11:36:12,802] [basehttp.py:154] [basehttp:log_message] [WARNING]- "GET /media/DeviceLNV/Device/1551.jpg HTTP/1.1" 404 1803
[2026-08-25 11:36:12,803] [log.py:228] [log:log_response] [WARNING]- Not Found: /media/DeviceLNV/Zaihuo/1550.jpg
[2026-08-25 11:36:12,817] [basehttp.py:154] [basehttp:log_message] [WARNING]- "GET /media/DeviceLNV/Zaihuo/1550.jpg HTTP/1.1" 404 1803
[2026-08-25 11:36:12,826] [log.py:228] [log:log_response] [WARNING]- Not Found: /media/DeviceLNV/Zaihuo/1551.jpg
[2026-08-25 11:36:12,831] [basehttp.py:154] [basehttp:log_message] [WARNING]- "GET /media/DeviceLNV/Zaihuo/1551.jpg HTTP/1.1" 404 1803
[2026-08-25 11:36:12,843] [log.py:228] [log:log_response] [WARNING]- Not Found: /media/DeviceLNV/Device/375.jpg
[2026-08-25 11:36:12,854] [basehttp.py:154] [basehttp:log_message] [WARNING]- "GET /media/DeviceLNV/Device/375.jpg HTTP/1.1" 404 1800
[2026-08-25 11:36:12,854] [log.py:228] [log:log_response] [WARNING]- Not Found: /media/DeviceLNV/Zaihuo/375.jpg
[2026-08-25 11:36:12,860] [log.py:228] [log:log_response] [WARNING]- Not Found: /media/DeviceLNV/Device/1553.jpg
[2026-08-25 11:36:12,869] [basehttp.py:154] [basehttp:log_message] [WARNING]- "GET /media/DeviceLNV/Zaihuo/375.jpg HTTP/1.1" 404 1800
[2026-08-25 11:36:12,871] [basehttp.py:154] [basehttp:log_message] [WARNING]- "GET /media/DeviceLNV/Device/1553.jpg HTTP/1.1" 404 1803
[2026-08-25 11:36:12,871] [log.py:228] [log:log_response] [WARNING]- Not Found: /media/DeviceLNV/Zaihuo/1553.jpg
[2026-08-25 11:36:12,875] [log.py:228] [log:log_response] [WARNING]- Not Found: /media/DeviceLNV/Device/374.jpg
[2026-08-25 11:36:12,876] [basehttp.py:154] [basehttp:log_message] [WARNING]- "GET /media/DeviceLNV/Zaihuo/1553.jpg HTTP/1.1" 404 1803
[2026-08-25 11:36:12,883] [basehttp.py:154] [basehttp:log_message] [WARNING]- "GET /media/DeviceLNV/Device/374.jpg HTTP/1.1" 404 1800
[2026-08-25 11:36:12,884] [log.py:228] [log:log_response] [WARNING]- Not Found: /media/DeviceLNV/Zaihuo/374.jpg
[2026-08-25 11:36:12,898] [basehttp.py:154] [basehttp:log_message] [WARNING]- "GET /media/DeviceLNV/Zaihuo/374.jpg HTTP/1.1" 404 1800
[2026-08-25 11:36:12,913] [log.py:228] [log:log_response] [WARNING]- Not Found: /media/DeviceLNV/Device/281.jpg
[2026-08-25 11:36:12,925] [basehttp.py:154] [basehttp:log_message] [WARNING]- "GET /media/DeviceLNV/Device/281.jpg HTTP/1.1" 404 1800
[2026-08-25 11:36:12,940] [log.py:228] [log:log_response] [WARNING]- Not Found: /media/DeviceLNV/Device/289.jpg
[2026-08-25 11:36:12,944] [log.py:228] [log:log_response] [WARNING]- Not Found: /media/DeviceLNV/Zaihuo/281.jpg
[2026-08-25 11:36:12,944] [basehttp.py:154] [basehttp:log_message] [WARNING]- "GET /media/DeviceLNV/Device/289.jpg HTTP/1.1" 404 1800
[2026-08-25 11:36:12,947] [basehttp.py:154] [basehttp:log_message] [WARNING]- "GET /media/DeviceLNV/Zaihuo/281.jpg HTTP/1.1" 404 1800
[2026-08-25 11:36:12,959] [log.py:228] [log:log_response] [WARNING]- Not Found: /media/DeviceLNV/Zaihuo/289.jpg
[2026-08-25 11:36:12,972] [log.py:228] [log:log_response] [WARNING]- Not Found: /media/DeviceLNV/Device/1044.jpg
[2026-08-25 11:36:12,972] [basehttp.py:154] [basehttp:log_message] [WARNING]- "GET /media/DeviceLNV/Zaihuo/289.jpg HTTP/1.1" 404 1800
[2026-08-25 11:36:12,975] [basehttp.py:154] [basehttp:log_message] [WARNING]- "GET /media/DeviceLNV/Device/1044.jpg HTTP/1.1" 404 1803
[2026-08-25 11:36:12,978] [log.py:228] [log:log_response] [WARNING]- Not Found: /media/DeviceLNV/Zaihuo/1044.jpg
[2026-08-25 11:36:12,989] [log.py:228] [log:log_response] [WARNING]- Not Found: /media/DeviceLNV/Device/373.jpg
[2026-08-25 11:36:12,990] [basehttp.py:154] [basehttp:log_message] [WARNING]- "GET /media/DeviceLNV/Zaihuo/1044.jpg HTTP/1.1" 404 1803
[2026-08-25 11:36:12,992] [basehttp.py:154] [basehttp:log_message] [WARNING]- "GET /media/DeviceLNV/Device/373.jpg HTTP/1.1" 404 1800
[2026-08-25 11:36:12,993] [log.py:228] [log:log_response] [WARNING]- Not Found: /media/DeviceLNV/Device/1512.jpg
[2026-08-25 11:36:12,998] [basehttp.py:154] [basehttp:log_message] [WARNING]- "GET /media/DeviceLNV/Device/1512.jpg HTTP/1.1" 404 1803
[2026-08-25 11:36:13,003] [log.py:228] [log:log_response] [WARNING]- Not Found: /media/DeviceLNV/Zaihuo/373.jpg
[2026-08-25 11:36:13,014] [basehttp.py:154] [basehttp:log_message] [WARNING]- "GET /media/DeviceLNV/Zaihuo/373.jpg HTTP/1.1" 404 1800
[2026-08-25 11:36:13,025] [log.py:228] [log:log_response] [WARNING]- Not Found: /media/DeviceLNV/Zaihuo/1512.jpg
[2026-08-25 11:36:13,031] [basehttp.py:154] [basehttp:log_message] [WARNING]- "GET /media/DeviceLNV/Zaihuo/1512.jpg HTTP/1.1" 404 1803
[2026-08-25 11:36:13,039] [log.py:228] [log:log_response] [WARNING]- Not Found: /media/DeviceLNV/Device/1461.jpg
[2026-08-25 11:36:13,047] [basehttp.py:154] [basehttp:log_message] [WARNING]- "GET /media/DeviceLNV/Device/1461.jpg HTTP/1.1" 404 1803
[2026-08-25 11:36:13,047] [log.py:228] [log:log_response] [WARNING]- Not Found: /media/DeviceLNV/Device/2047.jpg
[2026-08-25 11:36:13,053] [basehttp.py:154] [basehttp:log_message] [WARNING]- "GET /media/DeviceLNV/Device/2047.jpg HTTP/1.1" 404 1803
[2026-08-25 11:36:13,054] [log.py:228] [log:log_response] [WARNING]- Not Found: /media/DeviceLNV/Zaihuo/1461.jpg
[2026-08-25 11:36:13,056] [log.py:228] [log:log_response] [WARNING]- Not Found: /media/DeviceLNV/Zaihuo/2047.jpg
[2026-08-25 11:36:13,064] [basehttp.py:154] [basehttp:log_message] [WARNING]- "GET /media/DeviceLNV/Zaihuo/1461.jpg HTTP/1.1" 404 1803
[2026-08-25 11:36:13,065] [log.py:228] [log:log_response] [WARNING]- Not Found: /media/DeviceLNV/Device/338.jpg
[2026-08-25 11:36:13,065] [basehttp.py:154] [basehttp:log_message] [WARNING]- "GET /media/DeviceLNV/Zaihuo/2047.jpg HTTP/1.1" 404 1803
[2026-08-25 11:36:13,071] [basehttp.py:154] [basehttp:log_message] [WARNING]- "GET /media/DeviceLNV/Device/338.jpg HTTP/1.1" 404 1800
[2026-08-25 11:36:13,075] [log.py:228] [log:log_response] [WARNING]- Not Found: /media/DeviceLNV/Zaihuo/338.jpg
[2026-08-25 11:36:13,082] [basehttp.py:154] [basehttp:log_message] [WARNING]- "GET /media/DeviceLNV/Zaihuo/338.jpg HTTP/1.1" 404 1800
[2026-08-25 11:36:13,091] [log.py:228] [log:log_response] [WARNING]- Not Found: /media/DeviceLNV/Device/339.jpg
[2026-08-25 11:36:13,099] [basehttp.py:154] [basehttp:log_message] [WARNING]- "GET /media/DeviceLNV/Device/339.jpg HTTP/1.1" 404 1800
[2026-08-25 11:36:13,105] [log.py:228] [log:log_response] [WARNING]- Not Found: /media/DeviceLNV/Zaihuo/339.jpg
[2026-08-25 11:36:13,116] [log.py:228] [log:log_response] [WARNING]- Not Found: /media/DeviceLNV/Device/340.jpg
[2026-08-25 11:36:13,118] [basehttp.py:154] [basehttp:log_message] [WARNING]- "GET /media/DeviceLNV/Zaihuo/339.jpg HTTP/1.1" 404 1800
[2026-08-25 11:36:13,119] [log.py:228] [log:log_response] [WARNING]- Not Found: /media/DeviceLNV/Device/1552.jpg
[2026-08-25 11:36:13,122] [basehttp.py:154] [basehttp:log_message] [WARNING]- "GET /media/DeviceLNV/Device/340.jpg HTTP/1.1" 404 1800
[2026-08-25 11:36:13,125] [basehttp.py:154] [basehttp:log_message] [WARNING]- "GET /media/DeviceLNV/Device/1552.jpg HTTP/1.1" 404 1803
[2026-08-25 11:36:13,128] [log.py:228] [log:log_response] [WARNING]- Not Found: /media/DeviceLNV/Zaihuo/340.jpg
[2026-08-25 11:36:13,135] [basehttp.py:154] [basehttp:log_message] [WARNING]- "GET /media/DeviceLNV/Zaihuo/340.jpg HTTP/1.1" 404 1800
[2026-08-25 11:36:13,135] [log.py:228] [log:log_response] [WARNING]- Not Found: /media/DeviceLNV/Zaihuo/1552.jpg
[2026-08-25 11:36:13,145] [basehttp.py:154] [basehttp:log_message] [WARNING]- "GET /media/DeviceLNV/Zaihuo/1552.jpg HTTP/1.1" 404 1803
[2026-08-25 11:36:13,151] [log.py:228] [log:log_response] [WARNING]- Not Found: /media/DeviceLNV/Device/282.jpg
[2026-08-25 11:36:13,157] [basehttp.py:154] [basehttp:log_message] [WARNING]- "GET /media/DeviceLNV/Device/282.jpg HTTP/1.1" 404 1800
[2026-08-25 11:36:13,159] [log.py:228] [log:log_response] [WARNING]- Not Found: /media/DeviceLNV/Zaihuo/282.jpg
[2026-08-25 11:36:13,160] [basehttp.py:154] [basehttp:log_message] [WARNING]- "GET /media/DeviceLNV/Zaihuo/282.jpg HTTP/1.1" 404 1800
[2026-08-25 11:36:13,160] [log.py:228] [log:log_response] [WARNING]- Not Found: /media/DeviceLNV/Device/304.jpg
[2026-08-25 11:36:13,161] [basehttp.py:154] [basehttp:log_message] [WARNING]- "GET /media/DeviceLNV/Device/304.jpg HTTP/1.1" 404 1800
[2026-08-25 11:36:13,166] [log.py:228] [log:log_response] [WARNING]- Not Found: /media/DeviceLNV/Zaihuo/304.jpg
[2026-08-25 11:36:13,167] [basehttp.py:154] [basehttp:log_message] [WARNING]- "GET /media/DeviceLNV/Zaihuo/304.jpg HTTP/1.1" 404 1800
[2026-08-25 11:45:59,144] [basehttp.py:154] [basehttp:log_message] [INFO]- "GET /DeviceLNV/BorrowedDeviceLNV/ HTTP/1.1" 200 78234
[2026-08-25 11:45:59,404] [basehttp.py:154] [basehttp:log_message] [INFO]- "GET /.well-known/appspecific/com.chrome.devtools.json HTTP/1.1" 200 38274
[2026-08-25 11:45:59,446] [basehttp.py:154] [basehttp:log_message] [WARNING]- "GET /static/css/bootstrap.min.css.map HTTP/1.1" 404 1800
[2026-08-25 11:45:59,468] [basehttp.py:154] [basehttp:log_message] [WARNING]- "GET /static/js/lib/bootstrap.min.js.map HTTP/1.1" 404 1806
[2026-08-25 11:45:59,658] [basehttp.py:154] [basehttp:log_message] [WARNING]- "GET /static/js/axios.min.map HTTP/1.1" 404 1773
[2026-08-25 11:45:59,710] [basehttp.py:154] [basehttp:log_message] [WARNING]- "GET /static/js/xlsx/FileSaver.min.js.map HTTP/1.1" 404 1809
[2026-08-25 11:46:00,030] [basehttp.py:154] [basehttp:log_message] [INFO]- "GET /favicon.ico HTTP/1.1" 200 38274
[2026-08-25 11:46:01,260] [UserIP.py:88] [UserIP:process_response] [INFO]- 2026-08-25 11:46:01: C1010S3/AnonymousUser/Cao.Edwin> None/EDWIN/bxbei > 127.0.0.1/127.0.0.1 > <WSGIRequest: POST '/DeviceLNV/BorrowedDeviceLNV/'>
[2026-08-25 11:46:01,285] [basehttp.py:154] [basehttp:log_message] [INFO]- "POST /DeviceLNV/BorrowedDeviceLNV/ HTTP/1.1" 200 2147269
[2026-08-25 11:46:01,603] [log.py:228] [log:log_response] [WARNING]- Not Found: /media/DeviceLNV/Device/2260.jpg
[2026-08-25 11:46:01,608] [basehttp.py:154] [basehttp:log_message] [WARNING]- "GET /media/DeviceLNV/Device/2260.jpg HTTP/1.1" 404 1803
[2026-08-25 11:46:01,609] [log.py:228] [log:log_response] [WARNING]- Not Found: /media/DeviceLNV/Device/233.jpg
[2026-08-25 11:46:01,615] [basehttp.py:154] [basehttp:log_message] [WARNING]- "GET /media/DeviceLNV/Device/233.jpg HTTP/1.1" 404 1800
[2026-08-25 11:46:01,615] [log.py:228] [log:log_response] [WARNING]- Not Found: /media/DeviceLNV/Device/2214.jpg
[2026-08-25 11:46:01,618] [basehttp.py:154] [basehttp:log_message] [WARNING]- "GET /media/DeviceLNV/Device/2214.jpg HTTP/1.1" 404 1803
[2026-08-25 11:46:01,625] [log.py:228] [log:log_response] [WARNING]- Not Found: /media/DeviceLNV/Device/1462.jpg
[2026-08-25 11:46:01,626] [basehttp.py:154] [basehttp:log_message] [WARNING]- "GET /media/DeviceLNV/Device/1462.jpg HTTP/1.1" 404 1803
[2026-08-25 11:46:01,633] [log.py:228] [log:log_response] [WARNING]- Not Found: /media/DeviceLNV/Device/2218.jpg
[2026-08-25 11:46:01,636] [log.py:228] [log:log_response] [WARNING]- Not Found: /media/DeviceLNV/Device/244.jpg
[2026-08-25 11:46:01,641] [basehttp.py:154] [basehttp:log_message] [WARNING]- "GET /media/DeviceLNV/Device/2218.jpg HTTP/1.1" 404 1803
[2026-08-25 11:46:01,643] [basehttp.py:154] [basehttp:log_message] [WARNING]- "GET /media/DeviceLNV/Device/244.jpg HTTP/1.1" 404 1800
[2026-08-25 11:46:01,645] [log.py:228] [log:log_response] [WARNING]- Not Found: /media/DeviceLNV/Device/253.jpg
[2026-08-25 11:46:01,663] [basehttp.py:154] [basehttp:log_message] [WARNING]- "GET /media/DeviceLNV/Device/253.jpg HTTP/1.1" 404 1800
[2026-08-25 11:46:01,667] [log.py:228] [log:log_response] [WARNING]- Not Found: /media/DeviceLNV/Device/261.jpg
[2026-08-25 11:46:01,672] [basehttp.py:154] [basehttp:log_message] [WARNING]- "GET /media/DeviceLNV/Device/261.jpg HTTP/1.1" 404 1800
[2026-08-25 11:46:01,672] [log.py:228] [log:log_response] [WARNING]- Not Found: /media/DeviceLNV/Device/262.jpg
[2026-08-25 11:46:01,680] [basehttp.py:154] [basehttp:log_message] [WARNING]- "GET /media/DeviceLNV/Device/262.jpg HTTP/1.1" 404 1800
[2026-08-25 11:46:01,695] [log.py:228] [log:log_response] [WARNING]- Not Found: /media/DeviceLNV/Device/268.jpg
[2026-08-25 11:46:01,701] [basehttp.py:154] [basehttp:log_message] [WARNING]- "GET /media/DeviceLNV/Device/268.jpg HTTP/1.1" 404 1800
[2026-08-25 11:46:01,711] [log.py:228] [log:log_response] [WARNING]- Not Found: /media/DeviceLNV/Device/266.jpg
[2026-08-25 11:46:01,712] [log.py:228] [log:log_response] [WARNING]- Not Found: /media/DeviceLNV/Device/269.jpg
[2026-08-25 11:46:01,722] [basehttp.py:154] [basehttp:log_message] [WARNING]- "GET /media/DeviceLNV/Device/266.jpg HTTP/1.1" 404 1800
[2026-08-25 11:46:01,724] [basehttp.py:154] [basehttp:log_message] [WARNING]- "GET /media/DeviceLNV/Device/269.jpg HTTP/1.1" 404 1800
[2026-08-25 11:46:01,725] [log.py:228] [log:log_response] [WARNING]- Not Found: /media/DeviceLNV/Device/267.jpg
[2026-08-25 11:46:01,737] [basehttp.py:154] [basehttp:log_message] [WARNING]- "GET /media/DeviceLNV/Device/267.jpg HTTP/1.1" 404 1800
[2026-08-25 11:46:01,744] [log.py:228] [log:log_response] [WARNING]- Not Found: /media/DeviceLNV/Device/2098.jpg
[2026-08-25 11:46:01,751] [log.py:228] [log:log_response] [WARNING]- Not Found: /media/DeviceLNV/Device/1292.jpg
[2026-08-25 11:46:01,752] [basehttp.py:154] [basehttp:log_message] [WARNING]- "GET /media/DeviceLNV/Device/2098.jpg HTTP/1.1" 404 1803
[2026-08-25 11:46:01,759] [basehttp.py:154] [basehttp:log_message] [WARNING]- "GET /media/DeviceLNV/Device/1292.jpg HTTP/1.1" 404 1803
[2026-08-25 11:46:01,774] [log.py:228] [log:log_response] [WARNING]- Not Found: /media/DeviceLNV/Device/209.jpg
[2026-08-25 11:46:01,782] [basehttp.py:154] [basehttp:log_message] [WARNING]- "GET /media/DeviceLNV/Device/209.jpg HTTP/1.1" 404 1800
[2026-08-25 11:46:01,782] [log.py:228] [log:log_response] [WARNING]- Not Found: /media/DeviceLNV/Device/264.jpg
[2026-08-25 11:46:01,792] [basehttp.py:154] [basehttp:log_message] [WARNING]- "GET /media/DeviceLNV/Device/264.jpg HTTP/1.1" 404 1800
[2026-08-25 11:46:01,798] [log.py:228] [log:log_response] [WARNING]- Not Found: /media/DeviceLNV/Device/228.jpg
[2026-08-25 11:46:01,801] [basehttp.py:154] [basehttp:log_message] [WARNING]- "GET /media/DeviceLNV/Device/228.jpg HTTP/1.1" 404 1800
[2026-08-25 11:46:01,834] [log.py:228] [log:log_response] [WARNING]- Not Found: /media/DeviceLNV/Device/214.jpg
[2026-08-25 11:46:01,846] [log.py:228] [log:log_response] [WARNING]- Not Found: /media/DeviceLNV/Device/2049.jpg
[2026-08-25 11:46:01,846] [basehttp.py:154] [basehttp:log_message] [WARNING]- "GET /media/DeviceLNV/Device/214.jpg HTTP/1.1" 404 1800
[2026-08-25 11:46:01,851] [basehttp.py:154] [basehttp:log_message] [WARNING]- "GET /media/DeviceLNV/Device/2049.jpg HTTP/1.1" 404 1803
[2026-08-25 11:46:01,866] [log.py:228] [log:log_response] [WARNING]- Not Found: /media/DeviceLNV/Device/2050.jpg
[2026-08-25 11:46:01,873] [log.py:228] [log:log_response] [WARNING]- Not Found: /media/DeviceLNV/Device/1298.jpg
[2026-08-25 11:46:01,878] [basehttp.py:154] [basehttp:log_message] [WARNING]- "GET /media/DeviceLNV/Device/2050.jpg HTTP/1.1" 404 1803
[2026-08-25 11:46:01,888] [log.py:228] [log:log_response] [WARNING]- Not Found: /media/DeviceLNV/Device/1301.jpg
[2026-08-25 11:46:01,890] [basehttp.py:154] [basehttp:log_message] [WARNING]- "GET /media/DeviceLNV/Device/1298.jpg HTTP/1.1" 404 1803
[2026-08-25 11:46:01,899] [basehttp.py:154] [basehttp:log_message] [WARNING]- "GET /media/DeviceLNV/Device/1301.jpg HTTP/1.1" 404 1803
[2026-08-25 11:46:01,910] [log.py:228] [log:log_response] [WARNING]- Not Found: /media/DeviceLNV/Device/259.jpg
[2026-08-25 11:46:01,917] [basehttp.py:154] [basehttp:log_message] [WARNING]- "GET /media/DeviceLNV/Device/259.jpg HTTP/1.1" 404 1800
[2026-08-25 11:46:01,925] [log.py:228] [log:log_response] [WARNING]- Not Found: /media/DeviceLNV/Device/260.jpg
[2026-08-25 11:46:01,929] [log.py:228] [log:log_response] [WARNING]- Not Found: /media/DeviceLNV/Device/1383.jpg
[2026-08-25 11:46:01,939] [basehttp.py:154] [basehttp:log_message] [WARNING]- "GET /media/DeviceLNV/Device/1383.jpg HTTP/1.1" 404 1803
[2026-08-25 11:46:01,939] [basehttp.py:154] [basehttp:log_message] [WARNING]- "GET /media/DeviceLNV/Device/260.jpg HTTP/1.1" 404 1800
[2026-08-25 11:46:01,940] [log.py:228] [log:log_response] [WARNING]- Not Found: /media/DeviceLNV/Device/1294.jpg
[2026-08-25 11:46:01,946] [log.py:228] [log:log_response] [WARNING]- Not Found: /media/DeviceLNV/Device/1296.jpg
[2026-08-25 11:46:01,947] [basehttp.py:154] [basehttp:log_message] [WARNING]- "GET /media/DeviceLNV/Device/1294.jpg HTTP/1.1" 404 1803
[2026-08-25 11:46:01,957] [basehttp.py:154] [basehttp:log_message] [WARNING]- "GET /media/DeviceLNV/Device/1296.jpg HTTP/1.1" 404 1803
[2026-08-25 11:46:01,966] [log.py:228] [log:log_response] [WARNING]- Not Found: /media/DeviceLNV/Device/1302.jpg
[2026-08-25 11:46:01,971] [log.py:228] [log:log_response] [WARNING]- Not Found: /media/DeviceLNV/Device/1297.jpg
[2026-08-25 11:46:01,972] [basehttp.py:154] [basehttp:log_message] [WARNING]- "GET /media/DeviceLNV/Device/1302.jpg HTTP/1.1" 404 1803
[2026-08-25 11:46:01,974] [basehttp.py:154] [basehttp:log_message] [WARNING]- "GET /media/DeviceLNV/Device/1297.jpg HTTP/1.1" 404 1803
[2026-08-25 11:46:01,988] [log.py:228] [log:log_response] [WARNING]- Not Found: /media/DeviceLNV/Device/1934.jpg
[2026-08-25 11:46:01,997] [log.py:228] [log:log_response] [WARNING]- Not Found: /media/DeviceLNV/Device/223.jpg
[2026-08-25 11:46:01,999] [basehttp.py:154] [basehttp:log_message] [WARNING]- "GET /media/DeviceLNV/Device/1934.jpg HTTP/1.1" 404 1803
[2026-08-25 11:46:02,000] [basehttp.py:154] [basehttp:log_message] [WARNING]- "GET /media/DeviceLNV/Device/223.jpg HTTP/1.1" 404 1800
[2026-08-25 11:46:02,003] [log.py:228] [log:log_response] [WARNING]- Not Found: /media/DeviceLNV/Device/2220.jpg
[2026-08-25 11:46:02,019] [basehttp.py:154] [basehttp:log_message] [WARNING]- "GET /media/DeviceLNV/Device/2220.jpg HTTP/1.1" 404 1803
[2026-08-25 11:46:02,020] [log.py:228] [log:log_response] [WARNING]- Not Found: /media/DeviceLNV/Device/1460.jpg
[2026-08-25 11:46:02,022] [log.py:228] [log:log_response] [WARNING]- Not Found: /media/DeviceLNV/Device/242.jpg
[2026-08-25 11:46:02,026] [basehttp.py:154] [basehttp:log_message] [WARNING]- "GET /media/DeviceLNV/Device/1460.jpg HTTP/1.1" 404 1803
[2026-08-25 11:46:02,027] [basehttp.py:154] [basehttp:log_message] [WARNING]- "GET /media/DeviceLNV/Device/242.jpg HTTP/1.1" 404 1800
[2026-08-25 11:46:02,027] [log.py:228] [log:log_response] [WARNING]- Not Found: /media/DeviceLNV/Device/246.jpg
[2026-08-25 11:46:02,041] [basehttp.py:154] [basehttp:log_message] [WARNING]- "GET /media/DeviceLNV/Device/246.jpg HTTP/1.1" 404 1800
[2026-08-25 11:46:02,062] [log.py:228] [log:log_response] [WARNING]- Not Found: /media/DeviceLNV/Device/248.jpg
[2026-08-25 11:46:02,067] [basehttp.py:154] [basehttp:log_message] [WARNING]- "GET /media/DeviceLNV/Device/248.jpg HTTP/1.1" 404 1800
[2026-08-25 11:46:02,076] [log.py:228] [log:log_response] [WARNING]- Not Found: /media/DeviceLNV/Device/251.jpg
[2026-08-25 11:46:02,079] [log.py:228] [log:log_response] [WARNING]- Not Found: /media/DeviceLNV/Device/252.jpg
[2026-08-25 11:46:02,089] [basehttp.py:154] [basehttp:log_message] [WARNING]- "GET /media/DeviceLNV/Device/251.jpg HTTP/1.1" 404 1800
[2026-08-25 11:46:02,090] [basehttp.py:154] [basehttp:log_message] [WARNING]- "GET /media/DeviceLNV/Device/252.jpg HTTP/1.1" 404 1800
[2026-08-25 11:46:02,090] [log.py:228] [log:log_response] [WARNING]- Not Found: /media/DeviceLNV/Device/243.jpg
[2026-08-25 11:46:02,098] [basehttp.py:154] [basehttp:log_message] [WARNING]- "GET /media/DeviceLNV/Device/243.jpg HTTP/1.1" 404 1800
[2026-08-25 11:46:02,101] [log.py:228] [log:log_response] [WARNING]- Not Found: /media/DeviceLNV/Device/254.jpg
[2026-08-25 11:46:02,110] [basehttp.py:154] [basehttp:log_message] [WARNING]- "GET /media/DeviceLNV/Device/254.jpg HTTP/1.1" 404 1800
[2026-08-25 11:46:02,119] [log.py:228] [log:log_response] [WARNING]- Not Found: /media/DeviceLNV/Device/250.jpg
[2026-08-25 11:46:02,125] [basehttp.py:154] [basehttp:log_message] [WARNING]- "GET /media/DeviceLNV/Device/250.jpg HTTP/1.1" 404 1800
[2026-08-25 11:46:02,134] [log.py:228] [log:log_response] [WARNING]- Not Found: /media/DeviceLNV/Device/1065.jpg
[2026-08-25 11:46:02,146] [basehttp.py:154] [basehttp:log_message] [WARNING]- "GET /media/DeviceLNV/Device/1065.jpg HTTP/1.1" 404 1803
[2026-08-25 11:46:02,159] [log.py:228] [log:log_response] [WARNING]- Not Found: /media/DeviceLNV/Device/316.jpg
[2026-08-25 11:46:02,170] [log.py:228] [log:log_response] [WARNING]- Not Found: /media/DeviceLNV/Device/331.jpg
[2026-08-25 11:46:02,173] [basehttp.py:154] [basehttp:log_message] [WARNING]- "GET /media/DeviceLNV/Device/316.jpg HTTP/1.1" 404 1800
[2026-08-25 11:46:02,177] [basehttp.py:154] [basehttp:log_message] [WARNING]- "GET /media/DeviceLNV/Device/331.jpg HTTP/1.1" 404 1800
[2026-08-25 11:46:02,178] [log.py:228] [log:log_response] [WARNING]- Not Found: /media/DeviceLNV/Device/334.jpg
[2026-08-25 11:46:02,193] [basehttp.py:154] [basehttp:log_message] [WARNING]- "GET /media/DeviceLNV/Device/334.jpg HTTP/1.1" 404 1800
[2026-08-25 11:46:02,194] [log.py:228] [log:log_response] [WARNING]- Not Found: /media/DeviceLNV/Device/1046.jpg
[2026-08-25 11:46:02,210] [basehttp.py:154] [basehttp:log_message] [WARNING]- "GET /media/DeviceLNV/Device/1046.jpg HTTP/1.1" 404 1803
[2026-08-25 11:46:02,211] [log.py:228] [log:log_response] [WARNING]- Not Found: /media/DeviceLNV/Device/1492.jpg
[2026-08-25 11:46:02,219] [log.py:228] [log:log_response] [WARNING]- Not Found: /media/DeviceLNV/Device/317.jpg
[2026-08-25 11:46:02,222] [basehttp.py:154] [basehttp:log_message] [WARNING]- "GET /media/DeviceLNV/Device/1492.jpg HTTP/1.1" 404 1803
[2026-08-25 11:46:02,224] [basehttp.py:154] [basehttp:log_message] [WARNING]- "GET /media/DeviceLNV/Device/317.jpg HTTP/1.1" 404 1800
[2026-08-25 11:46:02,252] [log.py:228] [log:log_response] [WARNING]- Not Found: /media/DeviceLNV/Device/319.jpg
[2026-08-25 11:46:02,258] [basehttp.py:154] [basehttp:log_message] [WARNING]- "GET /media/DeviceLNV/Device/319.jpg HTTP/1.1" 404 1800
[2026-08-25 11:46:02,260] [log.py:228] [log:log_response] [WARNING]- Not Found: /media/DeviceLNV/Device/344.jpg
[2026-08-25 11:46:02,262] [basehttp.py:154] [basehttp:log_message] [WARNING]- "GET /media/DeviceLNV/Device/344.jpg HTTP/1.1" 404 1800
[2026-08-25 11:46:02,268] [log.py:228] [log:log_response] [WARNING]- Not Found: /media/DeviceLNV/Device/322.jpg
[2026-08-25 11:46:02,269] [basehttp.py:154] [basehttp:log_message] [WARNING]- "GET /media/DeviceLNV/Device/322.jpg HTTP/1.1" 404 1800
[2026-08-25 11:46:02,271] [log.py:228] [log:log_response] [WARNING]- Not Found: /media/DeviceLNV/Device/1066.jpg
[2026-08-25 11:46:02,275] [basehttp.py:154] [basehttp:log_message] [WARNING]- "GET /media/DeviceLNV/Device/1066.jpg HTTP/1.1" 404 1803
[2026-08-25 11:46:02,278] [log.py:228] [log:log_response] [WARNING]- Not Found: /media/DeviceLNV/Device/345.jpg
[2026-08-25 11:46:02,284] [basehttp.py:154] [basehttp:log_message] [WARNING]- "GET /media/DeviceLNV/Device/345.jpg HTTP/1.1" 404 1800
[2026-08-25 11:46:02,286] [log.py:228] [log:log_response] [WARNING]- Not Found: /media/DeviceLNV/Device/341.jpg
[2026-08-25 11:46:02,296] [basehttp.py:154] [basehttp:log_message] [WARNING]- "GET /media/DeviceLNV/Device/341.jpg HTTP/1.1" 404 1800
[2026-08-25 11:46:02,296] [log.py:228] [log:log_response] [WARNING]- Not Found: /media/DeviceLNV/Device/337.jpg
[2026-08-25 11:46:02,301] [basehttp.py:154] [basehttp:log_message] [WARNING]- "GET /media/DeviceLNV/Device/337.jpg HTTP/1.1" 404 1800
[2026-08-25 11:46:02,308] [log.py:228] [log:log_response] [WARNING]- Not Found: /media/DeviceLNV/Device/332.jpg
[2026-08-25 11:46:02,324] [log.py:228] [log:log_response] [WARNING]- Not Found: /media/DeviceLNV/Device/1178.jpg
[2026-08-25 11:46:02,327] [basehttp.py:154] [basehttp:log_message] [WARNING]- "GET /media/DeviceLNV/Device/332.jpg HTTP/1.1" 404 1800
[2026-08-25 11:46:02,338] [basehttp.py:154] [basehttp:log_message] [WARNING]- "GET /media/DeviceLNV/Device/1178.jpg HTTP/1.1" 404 1803
[2026-08-25 11:46:02,349] [log.py:228] [log:log_response] [WARNING]- Not Found: /media/DeviceLNV/Device/326.jpg
[2026-08-25 11:46:02,358] [basehttp.py:154] [basehttp:log_message] [WARNING]- "GET /media/DeviceLNV/Device/326.jpg HTTP/1.1" 404 1800
[2026-08-25 11:46:02,364] [log.py:228] [log:log_response] [WARNING]- Not Found: /media/DeviceLNV/Device/327.jpg
[2026-08-25 11:46:02,373] [basehttp.py:154] [basehttp:log_message] [WARNING]- "GET /media/DeviceLNV/Device/327.jpg HTTP/1.1" 404 1800
[2026-08-25 11:46:02,380] [log.py:228] [log:log_response] [WARNING]- Not Found: /media/DeviceLNV/Device/1179.jpg
[2026-08-25 11:46:02,386] [log.py:228] [log:log_response] [WARNING]- Not Found: /media/DeviceLNV/Device/324.jpg
[2026-08-25 11:46:02,387] [basehttp.py:154] [basehttp:log_message] [WARNING]- "GET /media/DeviceLNV/Device/1179.jpg HTTP/1.1" 404 1803
[2026-08-25 11:46:02,400] [log.py:228] [log:log_response] [WARNING]- Not Found: /media/DeviceLNV/Device/321.jpg
[2026-08-25 11:46:02,409] [basehttp.py:154] [basehttp:log_message] [WARNING]- "GET /media/DeviceLNV/Device/324.jpg HTTP/1.1" 404 1800
[2026-08-25 11:46:02,411] [log.py:228] [log:log_response] [WARNING]- Not Found: /media/DeviceLNV/Device/283.jpg
[2026-08-25 11:46:02,420] [basehttp.py:154] [basehttp:log_message] [WARNING]- "GET /media/DeviceLNV/Device/321.jpg HTTP/1.1" 404 1800
[2026-08-25 11:46:02,426] [log.py:228] [log:log_response] [WARNING]- Not Found: /media/DeviceLNV/Device/292.jpg
[2026-08-25 11:46:02,437] [basehttp.py:154] [basehttp:log_message] [WARNING]- "GET /media/DeviceLNV/Device/283.jpg HTTP/1.1" 404 1800
[2026-08-25 11:46:02,443] [basehttp.py:154] [basehttp:log_message] [WARNING]- "GET /media/DeviceLNV/Device/292.jpg HTTP/1.1" 404 1800
[2026-08-25 11:46:02,450] [log.py:228] [log:log_response] [WARNING]- Not Found: /media/DeviceLNV/Device/294.jpg
[2026-08-25 11:46:02,459] [basehttp.py:154] [basehttp:log_message] [WARNING]- "GET /media/DeviceLNV/Device/294.jpg HTTP/1.1" 404 1800
[2026-08-25 11:46:02,470] [log.py:228] [log:log_response] [WARNING]- Not Found: /media/DeviceLNV/Device/1550.jpg
[2026-08-25 11:46:02,476] [log.py:228] [log:log_response] [WARNING]- Not Found: /media/DeviceLNV/Device/286.jpg
[2026-08-25 11:46:02,486] [basehttp.py:154] [basehttp:log_message] [WARNING]- "GET /media/DeviceLNV/Device/1550.jpg HTTP/1.1" 404 1803
[2026-08-25 11:46:02,491] [log.py:228] [log:log_response] [WARNING]- Not Found: /media/DeviceLNV/Device/1551.jpg
[2026-08-25 11:46:02,491] [basehttp.py:154] [basehttp:log_message] [WARNING]- "GET /media/DeviceLNV/Device/286.jpg HTTP/1.1" 404 1800
[2026-08-25 11:46:02,500] [basehttp.py:154] [basehttp:log_message] [WARNING]- "GET /media/DeviceLNV/Device/1551.jpg HTTP/1.1" 404 1803
[2026-08-25 11:46:02,508] [log.py:228] [log:log_response] [WARNING]- Not Found: /media/DeviceLNV/Device/375.jpg
[2026-08-25 11:46:02,511] [log.py:228] [log:log_response] [WARNING]- Not Found: /media/DeviceLNV/Device/1553.jpg
[2026-08-25 11:46:02,516] [basehttp.py:154] [basehttp:log_message] [WARNING]- "GET /media/DeviceLNV/Device/375.jpg HTTP/1.1" 404 1800
[2026-08-25 11:46:02,516] [log.py:228] [log:log_response] [WARNING]- Not Found: /media/DeviceLNV/Device/374.jpg
[2026-08-25 11:46:02,518] [basehttp.py:154] [basehttp:log_message] [WARNING]- "GET /media/DeviceLNV/Device/1553.jpg HTTP/1.1" 404 1803
[2026-08-25 11:46:02,530] [basehttp.py:154] [basehttp:log_message] [WARNING]- "GET /media/DeviceLNV/Device/374.jpg HTTP/1.1" 404 1800
[2026-08-25 11:46:02,563] [log.py:228] [log:log_response] [WARNING]- Not Found: /media/DeviceLNV/Device/281.jpg
[2026-08-25 11:46:02,572] [basehttp.py:154] [basehttp:log_message] [WARNING]- "GET /media/DeviceLNV/Device/281.jpg HTTP/1.1" 404 1800
[2026-08-25 11:46:02,593] [log.py:228] [log:log_response] [WARNING]- Not Found: /media/DeviceLNV/Device/373.jpg
[2026-08-25 11:46:02,594] [log.py:228] [log:log_response] [WARNING]- Not Found: /media/DeviceLNV/Device/289.jpg
[2026-08-25 11:46:02,600] [basehttp.py:154] [basehttp:log_message] [WARNING]- "GET /media/DeviceLNV/Device/373.jpg HTTP/1.1" 404 1800
[2026-08-25 11:46:02,601] [basehttp.py:154] [basehttp:log_message] [WARNING]- "GET /media/DeviceLNV/Device/289.jpg HTTP/1.1" 404 1800
[2026-08-25 11:46:02,606] [log.py:228] [log:log_response] [WARNING]- Not Found: /media/DeviceLNV/Device/1044.jpg
[2026-08-25 11:46:02,616] [basehttp.py:154] [basehttp:log_message] [WARNING]- "GET /media/DeviceLNV/Device/1044.jpg HTTP/1.1" 404 1803
[2026-08-25 11:46:02,624] [log.py:228] [log:log_response] [WARNING]- Not Found: /media/DeviceLNV/Device/1512.jpg
[2026-08-25 11:46:02,630] [basehttp.py:154] [basehttp:log_message] [WARNING]- "GET /media/DeviceLNV/Device/1512.jpg HTTP/1.1" 404 1803
[2026-08-25 11:46:02,632] [log.py:228] [log:log_response] [WARNING]- Not Found: /media/DeviceLNV/Device/1461.jpg
[2026-08-25 11:46:02,650] [basehttp.py:154] [basehttp:log_message] [WARNING]- "GET /media/DeviceLNV/Device/1461.jpg HTTP/1.1" 404 1803
[2026-08-25 11:46:02,660] [log.py:228] [log:log_response] [WARNING]- Not Found: /media/DeviceLNV/Device/2047.jpg
[2026-08-25 11:46:02,670] [basehttp.py:154] [basehttp:log_message] [WARNING]- "GET /media/DeviceLNV/Device/2047.jpg HTTP/1.1" 404 1803
[2026-08-25 11:46:02,677] [log.py:228] [log:log_response] [WARNING]- Not Found: /media/DeviceLNV/Device/338.jpg
[2026-08-25 11:46:02,680] [log.py:228] [log:log_response] [WARNING]- Not Found: /media/DeviceLNV/Device/339.jpg
[2026-08-25 11:46:02,688] [basehttp.py:154] [basehttp:log_message] [WARNING]- "GET /media/DeviceLNV/Device/338.jpg HTTP/1.1" 404 1800
[2026-08-25 11:46:02,694] [log.py:228] [log:log_response] [WARNING]- Not Found: /media/DeviceLNV/Device/340.jpg
[2026-08-25 11:46:02,703] [basehttp.py:154] [basehttp:log_message] [WARNING]- "GET /media/DeviceLNV/Device/339.jpg HTTP/1.1" 404 1800
[2026-08-25 11:46:02,705] [basehttp.py:154] [basehttp:log_message] [WARNING]- "GET /media/DeviceLNV/Device/340.jpg HTTP/1.1" 404 1800
[2026-08-25 11:46:02,710] [log.py:228] [log:log_response] [WARNING]- Not Found: /media/DeviceLNV/Device/1552.jpg
[2026-08-25 11:46:02,725] [log.py:228] [log:log_response] [WARNING]- Not Found: /media/DeviceLNV/Device/282.jpg
[2026-08-25 11:46:02,726] [basehttp.py:154] [basehttp:log_message] [WARNING]- "GET /media/DeviceLNV/Device/1552.jpg HTTP/1.1" 404 1803
[2026-08-25 11:46:02,737] [basehttp.py:154] [basehttp:log_message] [WARNING]- "GET /media/DeviceLNV/Device/282.jpg HTTP/1.1" 404 1800
[2026-08-25 11:46:02,750] [log.py:228] [log:log_response] [WARNING]- Not Found: /media/DeviceLNV/Device/304.jpg
[2026-08-25 11:46:02,767] [log.py:228] [log:log_response] [WARNING]- Not Found: /media/DeviceLNV/Device/307.jpg
[2026-08-25 11:46:02,768] [basehttp.py:154] [basehttp:log_message] [WARNING]- "GET /media/DeviceLNV/Device/304.jpg HTTP/1.1" 404 1800
[2026-08-25 11:46:02,772] [basehttp.py:154] [basehttp:log_message] [WARNING]- "GET /media/DeviceLNV/Device/307.jpg HTTP/1.1" 404 1800
[2026-08-25 11:46:02,775] [log.py:228] [log:log_response] [WARNING]- Not Found: /media/DeviceLNV/Device/370.jpg
[2026-08-25 11:46:02,781] [basehttp.py:154] [basehttp:log_message] [WARNING]- "GET /media/DeviceLNV/Device/370.jpg HTTP/1.1" 404 1800
[2026-08-25 11:46:02,782] [log.py:228] [log:log_response] [WARNING]- Not Found: /media/DeviceLNV/Device/299.jpg
[2026-08-25 11:46:02,802] [basehttp.py:154] [basehttp:log_message] [WARNING]- "GET /media/DeviceLNV/Device/299.jpg HTTP/1.1" 404 1800
[2026-08-25 11:46:02,807] [log.py:228] [log:log_response] [WARNING]- Not Found: /media/DeviceLNV/Device/291.jpg
[2026-08-25 11:46:02,811] [log.py:228] [log:log_response] [WARNING]- Not Found: /media/DeviceLNV/Device/290.jpg
[2026-08-25 11:46:02,823] [basehttp.py:154] [basehttp:log_message] [WARNING]- "GET /media/DeviceLNV/Device/290.jpg HTTP/1.1" 404 1800
[2026-08-25 11:46:02,823] [basehttp.py:154] [basehttp:log_message] [WARNING]- "GET /media/DeviceLNV/Device/291.jpg HTTP/1.1" 404 1800
[2026-08-25 11:46:02,828] [log.py:228] [log:log_response] [WARNING]- Not Found: /media/DeviceLNV/Device/1177.jpg
[2026-08-25 11:46:02,840] [basehttp.py:154] [basehttp:log_message] [WARNING]- "GET /media/DeviceLNV/Device/1177.jpg HTTP/1.1" 404 1803
[2026-08-25 11:46:02,841] [log.py:228] [log:log_response] [WARNING]- Not Found: /media/DeviceLNV/Device/296.jpg
[2026-08-25 11:46:02,850] [log.py:228] [log:log_response] [WARNING]- Not Found: /media/DeviceLNV/Device/305.jpg
[2026-08-25 11:46:02,852] [basehttp.py:154] [basehttp:log_message] [WARNING]- "GET /media/DeviceLNV/Device/296.jpg HTTP/1.1" 404 1800
[2026-08-25 11:46:02,864] [basehttp.py:154] [basehttp:log_message] [WARNING]- "GET /media/DeviceLNV/Device/305.jpg HTTP/1.1" 404 1800
[2026-08-25 11:46:02,869] [log.py:228] [log:log_response] [WARNING]- Not Found: /media/DeviceLNV/Device/288.jpg
[2026-08-25 11:46:02,870] [log.py:228] [log:log_response] [WARNING]- Not Found: /media/DeviceLNV/Device/2129.jpg
[2026-08-25 11:46:02,879] [basehttp.py:154] [basehttp:log_message] [WARNING]- "GET /media/DeviceLNV/Device/288.jpg HTTP/1.1" 404 1800
[2026-08-25 11:46:02,882] [basehttp.py:154] [basehttp:log_message] [WARNING]- "GET /media/DeviceLNV/Device/2129.jpg HTTP/1.1" 404 1803
[2026-08-25 11:46:02,897] [log.py:228] [log:log_response] [WARNING]- Not Found: /media/DeviceLNV/Device/2128.jpg
[2026-08-25 11:46:02,899] [basehttp.py:154] [basehttp:log_message] [WARNING]- "GET /media/DeviceLNV/Device/2128.jpg HTTP/1.1" 404 1803
[2026-08-25 11:46:02,900] [log.py:228] [log:log_response] [WARNING]- Not Found: /media/DeviceLNV/Device/287.jpg
[2026-08-25 11:46:02,902] [basehttp.py:154] [basehttp:log_message] [WARNING]- "GET /media/DeviceLNV/Device/287.jpg HTTP/1.1" 404 1800
[2026-08-25 11:46:02,909] [log.py:228] [log:log_response] [WARNING]- Not Found: /media/DeviceLNV/Device/295.jpg
[2026-08-25 11:46:02,909] [basehttp.py:154] [basehttp:log_message] [WARNING]- "GET /media/DeviceLNV/Device/295.jpg HTTP/1.1" 404 1800
[2026-08-25 11:46:43,436] [log.py:228] [log:log_response] [WARNING]- Not Found: /media/DeviceLNV/Device/1781.jpg
[2026-08-25 11:46:43,440] [basehttp.py:154] [basehttp:log_message] [WARNING]- "GET /media/DeviceLNV/Device/1781.jpg HTTP/1.1" 404 1803
[2026-08-25 11:46:43,442] [log.py:228] [log:log_response] [WARNING]- Not Found: /media/DeviceLNV/Device/1786.jpg
[2026-08-25 11:46:43,444] [basehttp.py:154] [basehttp:log_message] [WARNING]- "GET /media/DeviceLNV/Device/1786.jpg HTTP/1.1" 404 1803
[2026-08-25 11:46:43,465] [log.py:228] [log:log_response] [WARNING]- Not Found: /media/DeviceLNV/Device/1782.jpg
[2026-08-25 11:46:43,467] [log.py:228] [log:log_response] [WARNING]- Not Found: /media/DeviceLNV/Device/1777.jpg
[2026-08-25 11:46:43,467] [basehttp.py:154] [basehttp:log_message] [WARNING]- "GET /media/DeviceLNV/Device/1782.jpg HTTP/1.1" 404 1803
[2026-08-25 11:46:43,472] [basehttp.py:154] [basehttp:log_message] [WARNING]- "GET /media/DeviceLNV/Device/1777.jpg HTTP/1.1" 404 1803
[2026-08-25 11:46:43,482] [log.py:228] [log:log_response] [WARNING]- Not Found: /media/DeviceLNV/Device/1784.jpg
[2026-08-25 11:46:43,488] [log.py:228] [log:log_response] [WARNING]- Not Found: /media/DeviceLNV/Device/1780.jpg
[2026-08-25 11:46:43,497] [basehttp.py:154] [basehttp:log_message] [WARNING]- "GET /media/DeviceLNV/Device/1784.jpg HTTP/1.1" 404 1803
[2026-08-25 11:46:43,498] [log.py:228] [log:log_response] [WARNING]- Not Found: /media/DeviceLNV/Device/1787.jpg
[2026-08-25 11:46:43,499] [basehttp.py:154] [basehttp:log_message] [WARNING]- "GET /media/DeviceLNV/Device/1780.jpg HTTP/1.1" 404 1803
[2026-08-25 11:46:43,505] [basehttp.py:154] [basehttp:log_message] [WARNING]- "GET /media/DeviceLNV/Device/1787.jpg HTTP/1.1" 404 1803
[2026-08-25 11:46:43,508] [log.py:228] [log:log_response] [WARNING]- Not Found: /media/DeviceLNV/Device/1788.jpg
[2026-08-25 11:46:43,525] [basehttp.py:154] [basehttp:log_message] [WARNING]- "GET /media/DeviceLNV/Device/1788.jpg HTTP/1.1" 404 1803
[2026-08-25 11:46:43,547] [log.py:228] [log:log_response] [WARNING]- Not Found: /media/DeviceLNV/Device/1790.jpg
[2026-08-25 11:46:43,556] [basehttp.py:154] [basehttp:log_message] [WARNING]- "GET /media/DeviceLNV/Device/1790.jpg HTTP/1.1" 404 1803
[2026-08-25 11:46:43,562] [log.py:228] [log:log_response] [WARNING]- Not Found: /media/DeviceLNV/Device/1789.jpg
[2026-08-25 11:46:43,577] [basehttp.py:154] [basehttp:log_message] [WARNING]- "GET /media/DeviceLNV/Device/1789.jpg HTTP/1.1" 404 1803
[2026-08-25 11:46:43,583] [log.py:228] [log:log_response] [WARNING]- Not Found: /media/DeviceLNV/Device/1791.jpg
[2026-08-25 11:46:43,587] [basehttp.py:154] [basehttp:log_message] [WARNING]- "GET /media/DeviceLNV/Device/1791.jpg HTTP/1.1" 404 1803
[2026-08-25 11:46:43,607] [log.py:228] [log:log_response] [WARNING]- Not Found: /media/DeviceLNV/Device/1792.jpg
[2026-08-25 11:46:43,615] [basehttp.py:154] [basehttp:log_message] [WARNING]- "GET /media/DeviceLNV/Device/1792.jpg HTTP/1.1" 404 1803
[2026-08-25 11:46:43,621] [log.py:228] [log:log_response] [WARNING]- Not Found: /media/DeviceLNV/Device/1794.jpg
[2026-08-25 11:46:43,622] [basehttp.py:154] [basehttp:log_message] [WARNING]- "GET /media/DeviceLNV/Device/1794.jpg HTTP/1.1" 404 1803
[2026-08-25 11:46:43,635] [log.py:228] [log:log_response] [WARNING]- Not Found: /media/DeviceLNV/Device/1795.jpg
[2026-08-25 11:46:43,642] [basehttp.py:154] [basehttp:log_message] [WARNING]- "GET /media/DeviceLNV/Device/1795.jpg HTTP/1.1" 404 1803
[2026-08-25 11:46:43,645] [log.py:228] [log:log_response] [WARNING]- Not Found: /media/DeviceLNV/Device/1796.jpg
[2026-08-25 11:46:43,650] [log.py:228] [log:log_response] [WARNING]- Not Found: /media/DeviceLNV/Device/1797.jpg
[2026-08-25 11:46:43,650] [basehttp.py:154] [basehttp:log_message] [WARNING]- "GET /media/DeviceLNV/Device/1796.jpg HTTP/1.1" 404 1803
[2026-08-25 11:46:43,654] [basehttp.py:154] [basehttp:log_message] [WARNING]- "GET /media/DeviceLNV/Device/1797.jpg HTTP/1.1" 404 1803
[2026-08-25 11:46:43,654] [log.py:228] [log:log_response] [WARNING]- Not Found: /media/DeviceLNV/Device/1800.jpg
[2026-08-25 11:46:43,662] [basehttp.py:154] [basehttp:log_message] [WARNING]- "GET /media/DeviceLNV/Device/1800.jpg HTTP/1.1" 404 1803
[2026-08-25 11:46:43,675] [log.py:228] [log:log_response] [WARNING]- Not Found: /media/DeviceLNV/Device/1801.jpg
[2026-08-25 11:46:43,684] [log.py:228] [log:log_response] [WARNING]- Not Found: /media/DeviceLNV/Device/1802.jpg
[2026-08-25 11:46:43,684] [basehttp.py:154] [basehttp:log_message] [WARNING]- "GET /media/DeviceLNV/Device/1801.jpg HTTP/1.1" 404 1803
[2026-08-25 11:46:43,690] [basehttp.py:154] [basehttp:log_message] [WARNING]- "GET /media/DeviceLNV/Device/1802.jpg HTTP/1.1" 404 1803
[2026-08-25 11:46:43,707] [log.py:228] [log:log_response] [WARNING]- Not Found: /media/DeviceLNV/Device/1803.jpg
[2026-08-25 11:46:43,714] [basehttp.py:154] [basehttp:log_message] [WARNING]- "GET /media/DeviceLNV/Device/1803.jpg HTTP/1.1" 404 1803
[2026-08-25 11:46:43,715] [log.py:228] [log:log_response] [WARNING]- Not Found: /media/DeviceLNV/Device/1805.jpg
[2026-08-25 11:46:43,719] [basehttp.py:154] [basehttp:log_message] [WARNING]- "GET /media/DeviceLNV/Device/1805.jpg HTTP/1.1" 404 1803
[2026-08-25 11:46:43,719] [log.py:228] [log:log_response] [WARNING]- Not Found: /media/DeviceLNV/Device/1808.jpg
[2026-08-25 11:46:43,725] [basehttp.py:154] [basehttp:log_message] [WARNING]- "GET /media/DeviceLNV/Device/1808.jpg HTTP/1.1" 404 1803
[2026-08-25 11:46:43,729] [log.py:228] [log:log_response] [WARNING]- Not Found: /media/DeviceLNV/Device/1809.jpg
[2026-08-25 11:46:43,740] [basehttp.py:154] [basehttp:log_message] [WARNING]- "GET /media/DeviceLNV/Device/1809.jpg HTTP/1.1" 404 1803
[2026-08-25 11:46:43,741] [log.py:228] [log:log_response] [WARNING]- Not Found: /media/DeviceLNV/Device/1810.jpg
[2026-08-25 11:46:43,747] [log.py:228] [log:log_response] [WARNING]- Not Found: /media/DeviceLNV/Device/1811.jpg
[2026-08-25 11:46:43,747] [basehttp.py:154] [basehttp:log_message] [WARNING]- "GET /media/DeviceLNV/Device/1810.jpg HTTP/1.1" 404 1803
[2026-08-25 11:46:43,753] [basehttp.py:154] [basehttp:log_message] [WARNING]- "GET /media/DeviceLNV/Device/1811.jpg HTTP/1.1" 404 1803
[2026-08-25 11:46:43,774] [log.py:228] [log:log_response] [WARNING]- Not Found: /media/DeviceLNV/Device/1815.jpg
[2026-08-25 11:46:43,779] [basehttp.py:154] [basehttp:log_message] [WARNING]- "GET /media/DeviceLNV/Device/1815.jpg HTTP/1.1" 404 1803
[2026-08-25 11:46:43,780] [log.py:228] [log:log_response] [WARNING]- Not Found: /media/DeviceLNV/Device/1813.jpg
[2026-08-25 11:46:43,786] [log.py:228] [log:log_response] [WARNING]- Not Found: /media/DeviceLNV/Device/1817.jpg
[2026-08-25 11:46:43,789] [basehttp.py:154] [basehttp:log_message] [WARNING]- "GET /media/DeviceLNV/Device/1813.jpg HTTP/1.1" 404 1803
[2026-08-25 11:46:43,794] [basehttp.py:154] [basehttp:log_message] [WARNING]- "GET /media/DeviceLNV/Device/1817.jpg HTTP/1.1" 404 1803
[2026-08-25 11:46:43,795] [log.py:228] [log:log_response] [WARNING]- Not Found: /media/DeviceLNV/Device/1821.jpg
[2026-08-25 11:46:43,799] [log.py:228] [log:log_response] [WARNING]- Not Found: /media/DeviceLNV/Device/1823.jpg
[2026-08-25 11:46:43,799] [basehttp.py:154] [basehttp:log_message] [WARNING]- "GET /media/DeviceLNV/Device/1821.jpg HTTP/1.1" 404 1803
[2026-08-25 11:46:43,807] [log.py:228] [log:log_response] [WARNING]- Not Found: /media/DeviceLNV/Device/1824.jpg
[2026-08-25 11:46:43,807] [basehttp.py:154] [basehttp:log_message] [WARNING]- "GET /media/DeviceLNV/Device/1823.jpg HTTP/1.1" 404 1803
[2026-08-25 11:46:43,817] [basehttp.py:154] [basehttp:log_message] [WARNING]- "GET /media/DeviceLNV/Device/1824.jpg HTTP/1.1" 404 1803
[2026-08-25 11:46:43,826] [log.py:228] [log:log_response] [WARNING]- Not Found: /media/DeviceLNV/Device/1825.jpg
[2026-08-25 11:46:43,841] [basehttp.py:154] [basehttp:log_message] [WARNING]- "GET /media/DeviceLNV/Device/1825.jpg HTTP/1.1" 404 1803
[2026-08-25 11:46:43,856] [log.py:228] [log:log_response] [WARNING]- Not Found: /media/DeviceLNV/Device/1827.jpg
[2026-08-25 11:46:43,860] [basehttp.py:154] [basehttp:log_message] [WARNING]- "GET /media/DeviceLNV/Device/1827.jpg HTTP/1.1" 404 1803
[2026-08-25 11:46:43,861] [log.py:228] [log:log_response] [WARNING]- Not Found: /media/DeviceLNV/Device/1828.jpg
[2026-08-25 11:46:43,865] [log.py:228] [log:log_response] [WARNING]- Not Found: /media/DeviceLNV/Device/1829.jpg
[2026-08-25 11:46:43,869] [basehttp.py:154] [basehttp:log_message] [WARNING]- "GET /media/DeviceLNV/Device/1829.jpg HTTP/1.1" 404 1803
[2026-08-25 11:46:43,870] [basehttp.py:154] [basehttp:log_message] [WARNING]- "GET /media/DeviceLNV/Device/1828.jpg HTTP/1.1" 404 1803
[2026-08-25 11:46:43,876] [log.py:228] [log:log_response] [WARNING]- Not Found: /media/DeviceLNV/Device/1830.jpg
[2026-08-25 11:46:43,880] [log.py:228] [log:log_response] [WARNING]- Not Found: /media/DeviceLNV/Device/1831.jpg
[2026-08-25 11:46:43,887] [basehttp.py:154] [basehttp:log_message] [WARNING]- "GET /media/DeviceLNV/Device/1830.jpg HTTP/1.1" 404 1803
[2026-08-25 11:46:43,888] [basehttp.py:154] [basehttp:log_message] [WARNING]- "GET /media/DeviceLNV/Device/1831.jpg HTTP/1.1" 404 1803
[2026-08-25 11:46:43,896] [log.py:228] [log:log_response] [WARNING]- Not Found: /media/DeviceLNV/Device/1832.jpg
[2026-08-25 11:46:43,908] [basehttp.py:154] [basehttp:log_message] [WARNING]- "GET /media/DeviceLNV/Device/1832.jpg HTTP/1.1" 404 1803
[2026-08-25 11:46:43,916] [log.py:228] [log:log_response] [WARNING]- Not Found: /media/DeviceLNV/Device/1834.jpg
[2026-08-25 11:46:43,923] [log.py:228] [log:log_response] [WARNING]- Not Found: /media/DeviceLNV/Device/1838.jpg
[2026-08-25 11:46:43,930] [basehttp.py:154] [basehttp:log_message] [WARNING]- "GET /media/DeviceLNV/Device/1834.jpg HTTP/1.1" 404 1803
[2026-08-25 11:46:43,931] [basehttp.py:154] [basehttp:log_message] [WARNING]- "GET /media/DeviceLNV/Device/1838.jpg HTTP/1.1" 404 1803
[2026-08-25 11:46:43,933] [log.py:228] [log:log_response] [WARNING]- Not Found: /media/DeviceLNV/Device/1837.jpg
[2026-08-25 11:46:43,942] [basehttp.py:154] [basehttp:log_message] [WARNING]- "GET /media/DeviceLNV/Device/1837.jpg HTTP/1.1" 404 1803
[2026-08-25 11:46:43,945] [log.py:228] [log:log_response] [WARNING]- Not Found: /media/DeviceLNV/Device/1839.jpg
[2026-08-25 11:46:43,954] [log.py:228] [log:log_response] [WARNING]- Not Found: /media/DeviceLNV/Device/1841.jpg
[2026-08-25 11:46:43,954] [basehttp.py:154] [basehttp:log_message] [WARNING]- "GET /media/DeviceLNV/Device/1839.jpg HTTP/1.1" 404 1803
[2026-08-25 11:46:43,959] [basehttp.py:154] [basehttp:log_message] [WARNING]- "GET /media/DeviceLNV/Device/1841.jpg HTTP/1.1" 404 1803
[2026-08-25 11:46:43,959] [log.py:228] [log:log_response] [WARNING]- Not Found: /media/DeviceLNV/Device/1845.jpg
[2026-08-25 11:46:43,975] [basehttp.py:154] [basehttp:log_message] [WARNING]- "GET /media/DeviceLNV/Device/1845.jpg HTTP/1.1" 404 1803
[2026-08-25 11:46:43,984] [log.py:228] [log:log_response] [WARNING]- Not Found: /media/DeviceLNV/Device/1846.jpg
[2026-08-25 11:46:43,987] [log.py:228] [log:log_response] [WARNING]- Not Found: /media/DeviceLNV/Device/1847.jpg
[2026-08-25 11:46:43,991] [basehttp.py:154] [basehttp:log_message] [WARNING]- "GET /media/DeviceLNV/Device/1846.jpg HTTP/1.1" 404 1803
[2026-08-25 11:46:43,991] [basehttp.py:154] [basehttp:log_message] [WARNING]- "GET /media/DeviceLNV/Device/1847.jpg HTTP/1.1" 404 1803
[2026-08-25 11:46:43,994] [log.py:228] [log:log_response] [WARNING]- Not Found: /media/DeviceLNV/Device/1848.jpg
[2026-08-25 11:46:44,007] [log.py:228] [log:log_response] [WARNING]- Not Found: /media/DeviceLNV/Device/1849.jpg
[2026-08-25 11:46:44,007] [basehttp.py:154] [basehttp:log_message] [WARNING]- "GET /media/DeviceLNV/Device/1848.jpg HTTP/1.1" 404 1803
[2026-08-25 11:46:44,016] [log.py:228] [log:log_response] [WARNING]- Not Found: /media/DeviceLNV/Device/1856.jpg
[2026-08-25 11:46:44,018] [basehttp.py:154] [basehttp:log_message] [WARNING]- "GET /media/DeviceLNV/Device/1849.jpg HTTP/1.1" 404 1803
[2026-08-25 11:46:44,020] [basehttp.py:154] [basehttp:log_message] [WARNING]- "GET /media/DeviceLNV/Device/1856.jpg HTTP/1.1" 404 1803
[2026-08-25 11:46:44,021] [log.py:228] [log:log_response] [WARNING]- Not Found: /media/DeviceLNV/Device/1857.jpg
[2026-08-25 11:46:44,031] [basehttp.py:154] [basehttp:log_message] [WARNING]- "GET /media/DeviceLNV/Device/1857.jpg HTTP/1.1" 404 1803
[2026-08-25 11:46:44,050] [log.py:228] [log:log_response] [WARNING]- Not Found: /media/DeviceLNV/Device/1860.jpg
[2026-08-25 11:46:44,055] [basehttp.py:154] [basehttp:log_message] [WARNING]- "GET /media/DeviceLNV/Device/1860.jpg HTTP/1.1" 404 1803
[2026-08-25 11:46:44,055] [log.py:228] [log:log_response] [WARNING]- Not Found: /media/DeviceLNV/Device/1858.jpg
[2026-08-25 11:46:44,057] [basehttp.py:154] [basehttp:log_message] [WARNING]- "GET /media/DeviceLNV/Device/1858.jpg HTTP/1.1" 404 1803
[2026-08-25 11:46:44,082] [log.py:228] [log:log_response] [WARNING]- Not Found: /media/DeviceLNV/Device/1866.jpg
[2026-08-25 11:46:44,092] [basehttp.py:154] [basehttp:log_message] [WARNING]- "GET /media/DeviceLNV/Device/1866.jpg HTTP/1.1" 404 1803
[2026-08-25 11:46:44,092] [log.py:228] [log:log_response] [WARNING]- Not Found: /media/DeviceLNV/Device/1867.jpg
[2026-08-25 11:46:44,096] [log.py:228] [log:log_response] [WARNING]- Not Found: /media/DeviceLNV/Device/1863.jpg
[2026-08-25 11:46:44,100] [basehttp.py:154] [basehttp:log_message] [WARNING]- "GET /media/DeviceLNV/Device/1867.jpg HTTP/1.1" 404 1803
[2026-08-25 11:46:44,101] [basehttp.py:154] [basehttp:log_message] [WARNING]- "GET /media/DeviceLNV/Device/1863.jpg HTTP/1.1" 404 1803
[2026-08-25 11:46:44,115] [log.py:228] [log:log_response] [WARNING]- Not Found: /media/DeviceLNV/Device/1868.jpg
[2026-08-25 11:46:44,123] [basehttp.py:154] [basehttp:log_message] [WARNING]- "GET /media/DeviceLNV/Device/1868.jpg HTTP/1.1" 404 1803
[2026-08-25 11:46:44,126] [log.py:228] [log:log_response] [WARNING]- Not Found: /media/DeviceLNV/Device/1871.jpg
[2026-08-25 11:46:44,138] [log.py:228] [log:log_response] [WARNING]- Not Found: /media/DeviceLNV/Device/1870.jpg
[2026-08-25 11:46:44,141] [basehttp.py:154] [basehttp:log_message] [WARNING]- "GET /media/DeviceLNV/Device/1871.jpg HTTP/1.1" 404 1803
[2026-08-25 11:46:44,148] [basehttp.py:154] [basehttp:log_message] [WARNING]- "GET /media/DeviceLNV/Device/1870.jpg HTTP/1.1" 404 1803
[2026-08-25 11:46:44,152] [log.py:228] [log:log_response] [WARNING]- Not Found: /media/DeviceLNV/Device/1872.jpg
[2026-08-25 11:46:44,157] [basehttp.py:154] [basehttp:log_message] [WARNING]- "GET /media/DeviceLNV/Device/1872.jpg HTTP/1.1" 404 1803
[2026-08-25 11:46:44,179] [log.py:228] [log:log_response] [WARNING]- Not Found: /media/DeviceLNV/Device/1877.jpg
[2026-08-25 11:46:44,183] [basehttp.py:154] [basehttp:log_message] [WARNING]- "GET /media/DeviceLNV/Device/1877.jpg HTTP/1.1" 404 1803
[2026-08-25 11:46:44,183] [log.py:228] [log:log_response] [WARNING]- Not Found: /media/DeviceLNV/Device/1874.jpg
[2026-08-25 11:46:44,186] [basehttp.py:154] [basehttp:log_message] [WARNING]- "GET /media/DeviceLNV/Device/1874.jpg HTTP/1.1" 404 1803
[2026-08-25 11:46:44,191] [log.py:228] [log:log_response] [WARNING]- Not Found: /media/DeviceLNV/Device/1878.jpg
[2026-08-25 11:46:44,196] [basehttp.py:154] [basehttp:log_message] [WARNING]- "GET /media/DeviceLNV/Device/1878.jpg HTTP/1.1" 404 1803
[2026-08-25 11:46:44,197] [log.py:228] [log:log_response] [WARNING]- Not Found: /media/DeviceLNV/Device/1879.jpg
[2026-08-25 11:46:44,204] [basehttp.py:154] [basehttp:log_message] [WARNING]- "GET /media/DeviceLNV/Device/1879.jpg HTTP/1.1" 404 1803
[2026-08-25 11:46:44,204] [log.py:228] [log:log_response] [WARNING]- Not Found: /media/DeviceLNV/Device/1883.jpg
[2026-08-25 11:46:44,211] [log.py:228] [log:log_response] [WARNING]- Not Found: /media/DeviceLNV/Device/1884.jpg
[2026-08-25 11:46:44,211] [basehttp.py:154] [basehttp:log_message] [WARNING]- "GET /media/DeviceLNV/Device/1883.jpg HTTP/1.1" 404 1803
[2026-08-25 11:46:44,222] [basehttp.py:154] [basehttp:log_message] [WARNING]- "GET /media/DeviceLNV/Device/1884.jpg HTTP/1.1" 404 1803
[2026-08-25 11:46:44,234] [log.py:228] [log:log_response] [WARNING]- Not Found: /media/DeviceLNV/Device/1885.jpg
[2026-08-25 11:46:44,246] [log.py:228] [log:log_response] [WARNING]- Not Found: /media/DeviceLNV/Device/1887.jpg
[2026-08-25 11:46:44,250] [basehttp.py:154] [basehttp:log_message] [WARNING]- "GET /media/DeviceLNV/Device/1887.jpg HTTP/1.1" 404 1803
[2026-08-25 11:46:44,250] [basehttp.py:154] [basehttp:log_message] [WARNING]- "GET /media/DeviceLNV/Device/1885.jpg HTTP/1.1" 404 1803
[2026-08-25 11:46:44,255] [log.py:228] [log:log_response] [WARNING]- Not Found: /media/DeviceLNV/Device/1888.jpg
[2026-08-25 11:46:44,261] [log.py:228] [log:log_response] [WARNING]- Not Found: /media/DeviceLNV/Device/1889.jpg
[2026-08-25 11:46:44,261] [basehttp.py:154] [basehttp:log_message] [WARNING]- "GET /media/DeviceLNV/Device/1888.jpg HTTP/1.1" 404 1803
[2026-08-25 11:46:44,268] [basehttp.py:154] [basehttp:log_message] [WARNING]- "GET /media/DeviceLNV/Device/1889.jpg HTTP/1.1" 404 1803
[2026-08-25 11:46:44,269] [log.py:228] [log:log_response] [WARNING]- Not Found: /media/DeviceLNV/Device/1890.jpg
[2026-08-25 11:46:44,278] [basehttp.py:154] [basehttp:log_message] [WARNING]- "GET /media/DeviceLNV/Device/1890.jpg HTTP/1.1" 404 1803
[2026-08-25 11:46:44,291] [log.py:228] [log:log_response] [WARNING]- Not Found: /media/DeviceLNV/Device/1893.jpg
[2026-08-25 11:46:44,300] [basehttp.py:154] [basehttp:log_message] [WARNING]- "GET /media/DeviceLNV/Device/1893.jpg HTTP/1.1" 404 1803
[2026-08-25 11:46:44,311] [log.py:228] [log:log_response] [WARNING]- Not Found: /media/DeviceLNV/Device/1898.jpg
[2026-08-25 11:46:44,321] [log.py:228] [log:log_response] [WARNING]- Not Found: /media/DeviceLNV/Device/1894.jpg
[2026-08-25 11:46:44,322] [basehttp.py:154] [basehttp:log_message] [WARNING]- "GET /media/DeviceLNV/Device/1898.jpg HTTP/1.1" 404 1803
[2026-08-25 11:46:44,325] [log.py:228] [log:log_response] [WARNING]- Not Found: /media/DeviceLNV/Device/1900.jpg
[2026-08-25 11:46:44,328] [basehttp.py:154] [basehttp:log_message] [WARNING]- "GET /media/DeviceLNV/Device/1894.jpg HTTP/1.1" 404 1803
[2026-08-25 11:46:44,330] [basehttp.py:154] [basehttp:log_message] [WARNING]- "GET /media/DeviceLNV/Device/1900.jpg HTTP/1.1" 404 1803
[2026-08-25 11:46:44,337] [log.py:228] [log:log_response] [WARNING]- Not Found: /media/DeviceLNV/Device/1899.jpg
[2026-08-25 11:46:44,344] [log.py:228] [log:log_response] [WARNING]- Not Found: /media/DeviceLNV/Device/1902.jpg
[2026-08-25 11:46:44,345] [basehttp.py:154] [basehttp:log_message] [WARNING]- "GET /media/DeviceLNV/Device/1902.jpg HTTP/1.1" 404 1803
[2026-08-25 11:46:44,345] [basehttp.py:154] [basehttp:log_message] [WARNING]- "GET /media/DeviceLNV/Device/1899.jpg HTTP/1.1" 404 1803
[2026-08-25 11:46:44,350] [log.py:228] [log:log_response] [WARNING]- Not Found: /media/DeviceLNV/Device/1903.jpg
[2026-08-25 11:46:44,356] [basehttp.py:154] [basehttp:log_message] [WARNING]- "GET /media/DeviceLNV/Device/1903.jpg HTTP/1.1" 404 1803
[2026-08-25 11:46:44,379] [log.py:228] [log:log_response] [WARNING]- Not Found: /media/DeviceLNV/Device/1905.jpg
[2026-08-25 11:46:44,381] [log.py:228] [log:log_response] [WARNING]- Not Found: /media/DeviceLNV/Device/1904.jpg
[2026-08-25 11:46:44,382] [basehttp.py:154] [basehttp:log_message] [WARNING]- "GET /media/DeviceLNV/Device/1905.jpg HTTP/1.1" 404 1803
[2026-08-25 11:46:44,386] [basehttp.py:154] [basehttp:log_message] [WARNING]- "GET /media/DeviceLNV/Device/1904.jpg HTTP/1.1" 404 1803
[2026-08-25 11:46:44,389] [log.py:228] [log:log_response] [WARNING]- Not Found: /media/DeviceLNV/Device/1908.jpg
[2026-08-25 11:46:44,397] [basehttp.py:154] [basehttp:log_message] [WARNING]- "GET /media/DeviceLNV/Device/1908.jpg HTTP/1.1" 404 1803
[2026-08-25 11:46:44,402] [log.py:228] [log:log_response] [WARNING]- Not Found: /media/DeviceLNV/Device/1912.jpg
[2026-08-25 11:46:44,406] [log.py:228] [log:log_response] [WARNING]- Not Found: /media/DeviceLNV/Device/1099.jpg
[2026-08-25 11:46:44,407] [basehttp.py:154] [basehttp:log_message] [WARNING]- "GET /media/DeviceLNV/Device/1912.jpg HTTP/1.1" 404 1803
[2026-08-25 11:46:44,411] [basehttp.py:154] [basehttp:log_message] [WARNING]- "GET /media/DeviceLNV/Device/1099.jpg HTTP/1.1" 404 1803
[2026-08-25 11:46:44,413] [log.py:228] [log:log_response] [WARNING]- Not Found: /media/DeviceLNV/Device/1909.jpg
[2026-08-25 11:46:44,417] [basehttp.py:154] [basehttp:log_message] [WARNING]- "GET /media/DeviceLNV/Device/1909.jpg HTTP/1.1" 404 1803
[2026-08-25 11:46:44,436] [log.py:228] [log:log_response] [WARNING]- Not Found: /media/DeviceLNV/Device/1100.jpg
[2026-08-25 11:46:44,440] [basehttp.py:154] [basehttp:log_message] [WARNING]- "GET /media/DeviceLNV/Device/1100.jpg HTTP/1.1" 404 1803
[2026-08-25 11:46:44,441] [log.py:228] [log:log_response] [WARNING]- Not Found: /media/DeviceLNV/Device/446.jpg
[2026-08-25 11:46:44,447] [basehttp.py:154] [basehttp:log_message] [WARNING]- "GET /media/DeviceLNV/Device/446.jpg HTTP/1.1" 404 1800
[2026-08-25 11:46:44,451] [log.py:228] [log:log_response] [WARNING]- Not Found: /media/DeviceLNV/Device/447.jpg
[2026-08-25 11:46:44,459] [log.py:228] [log:log_response] [WARNING]- Not Found: /media/DeviceLNV/Device/1057.jpg
[2026-08-25 11:46:44,466] [basehttp.py:154] [basehttp:log_message] [WARNING]- "GET /media/DeviceLNV/Device/447.jpg HTTP/1.1" 404 1800
[2026-08-25 11:46:44,467] [log.py:228] [log:log_response] [WARNING]- Not Found: /media/DeviceLNV/Device/402.jpg
[2026-08-25 11:46:44,467] [basehttp.py:154] [basehttp:log_message] [WARNING]- "GET /media/DeviceLNV/Device/1057.jpg HTTP/1.1" 404 1803
[2026-08-25 11:46:44,473] [basehttp.py:154] [basehttp:log_message] [WARNING]- "GET /media/DeviceLNV/Device/402.jpg HTTP/1.1" 404 1800
[2026-08-25 11:46:44,477] [log.py:228] [log:log_response] [WARNING]- Not Found: /media/DeviceLNV/Device/403.jpg
[2026-08-25 11:46:44,489] [log.py:228] [log:log_response] [WARNING]- Not Found: /media/DeviceLNV/Device/1140.jpg
[2026-08-25 11:46:44,493] [basehttp.py:154] [basehttp:log_message] [WARNING]- "GET /media/DeviceLNV/Device/403.jpg HTTP/1.1" 404 1800
[2026-08-25 11:46:44,493] [basehttp.py:154] [basehttp:log_message] [WARNING]- "GET /media/DeviceLNV/Device/1140.jpg HTTP/1.1" 404 1803
[2026-08-25 11:46:44,508] [log.py:228] [log:log_response] [WARNING]- Not Found: /media/DeviceLNV/Device/396.jpg
[2026-08-25 11:46:44,514] [log.py:228] [log:log_response] [WARNING]- Not Found: /media/DeviceLNV/Device/397.jpg
[2026-08-25 11:46:44,518] [basehttp.py:154] [basehttp:log_message] [WARNING]- "GET /media/DeviceLNV/Device/396.jpg HTTP/1.1" 404 1800
[2026-08-25 11:46:44,519] [basehttp.py:154] [basehttp:log_message] [WARNING]- "GET /media/DeviceLNV/Device/397.jpg HTTP/1.1" 404 1800
[2026-08-25 11:46:44,525] [log.py:228] [log:log_response] [WARNING]- Not Found: /media/DeviceLNV/Device/1528.jpg
[2026-08-25 11:46:44,541] [basehttp.py:154] [basehttp:log_message] [WARNING]- "GET /media/DeviceLNV/Device/1528.jpg HTTP/1.1" 404 1803
[2026-08-25 11:46:44,548] [log.py:228] [log:log_response] [WARNING]- Not Found: /media/DeviceLNV/Device/1063.jpg
[2026-08-25 11:46:44,557] [basehttp.py:154] [basehttp:log_message] [WARNING]- "GET /media/DeviceLNV/Device/1063.jpg HTTP/1.1" 404 1803
[2026-08-25 11:46:44,557] [log.py:228] [log:log_response] [WARNING]- Not Found: /media/DeviceLNV/Device/1064.jpg
[2026-08-25 11:46:44,567] [log.py:228] [log:log_response] [WARNING]- Not Found: /media/DeviceLNV/Device/443.jpg
[2026-08-25 11:46:44,570] [basehttp.py:154] [basehttp:log_message] [WARNING]- "GET /media/DeviceLNV/Device/1064.jpg HTTP/1.1" 404 1803
[2026-08-25 11:46:44,576] [basehttp.py:154] [basehttp:log_message] [WARNING]- "GET /media/DeviceLNV/Device/443.jpg HTTP/1.1" 404 1800
[2026-08-25 11:46:44,578] [log.py:228] [log:log_response] [WARNING]- Not Found: /media/DeviceLNV/Device/444.jpg
[2026-08-25 11:46:44,581] [basehttp.py:154] [basehttp:log_message] [WARNING]- "GET /media/DeviceLNV/Device/444.jpg HTTP/1.1" 404 1800
[2026-08-25 11:46:44,585] [log.py:228] [log:log_response] [WARNING]- Not Found: /media/DeviceLNV/Device/418.jpg
[2026-08-25 11:46:44,588] [basehttp.py:154] [basehttp:log_message] [WARNING]- "GET /media/DeviceLNV/Device/418.jpg HTTP/1.1" 404 1800
[2026-08-25 11:46:44,591] [log.py:228] [log:log_response] [WARNING]- Not Found: /media/DeviceLNV/Device/1039.jpg
[2026-08-25 11:46:44,592] [basehttp.py:154] [basehttp:log_message] [WARNING]- "GET /media/DeviceLNV/Device/1039.jpg HTTP/1.1" 404 1803
[2026-08-25 11:46:44,598] [log.py:228] [log:log_response] [WARNING]- Not Found: /media/DeviceLNV/Device/1499.jpg
[2026-08-25 11:46:44,598] [basehttp.py:154] [basehttp:log_message] [WARNING]- "GET /media/DeviceLNV/Device/1499.jpg HTTP/1.1" 404 1803
[2026-08-25 11:47:10,538] [log.py:228] [log:log_response] [WARNING]- Not Found: /media/DeviceLNV/Baoguan/1908_b.jpg
[2026-08-25 11:47:10,539] [basehttp.py:154] [basehttp:log_message] [WARNING]- "GET /media/DeviceLNV/Baoguan/1908_b.jpg HTTP/1.1" 404 1812
[2026-08-25 11:57:42,502] [log.py:228] [log:log_response] [WARNING]- Not Found: /media/DeviceLNV/Baoguan/396_b.jpg
[2026-08-25 11:57:42,503] [basehttp.py:154] [basehttp:log_message] [WARNING]- "GET /media/DeviceLNV/Baoguan/396_b.jpg HTTP/1.1" 404 1809
[2026-08-25 13:54:58,908] [log.py:228] [log:log_response] [WARNING]- Not Found: /media/DeviceLNV/Baoguan/403_b.jpg
[2026-08-25 13:54:58,912] [basehttp.py:154] [basehttp:log_message] [WARNING]- "GET /media/DeviceLNV/Baoguan/403_b.jpg HTTP/1.1" 404 1809
[2026-08-25 14:17:19,437] [basehttp.py:154] [basehttp:log_message] [INFO]- "GET /DeviceLNV/BorrowedDeviceLNV/ HTTP/1.1" 200 78234
[2026-08-25 14:17:21,698] [basehttp.py:154] [basehttp:log_message] [INFO]- "GET /favicon.ico HTTP/1.1" 200 38274
[2026-08-25 14:17:23,362] [UserIP.py:88] [UserIP:process_response] [INFO]- 2026-08-25 14:17:23: C1010S3/AnonymousUser/Cao.Edwin> None/EDWIN/bxbei > 127.0.0.1/127.0.0.1 > <WSGIRequest: POST '/DeviceLNV/BorrowedDeviceLNV/'>
[2026-08-25 14:17:23,387] [basehttp.py:154] [basehttp:log_message] [INFO]- "POST /DeviceLNV/BorrowedDeviceLNV/ HTTP/1.1" 200 2147269
[2026-08-25 14:17:25,746] [log.py:228] [log:log_response] [WARNING]- Not Found: /media/DeviceLNV/Device/233.jpg
[2026-08-25 14:17:25,748] [basehttp.py:154] [basehttp:log_message] [WARNING]- "GET /media/DeviceLNV/Device/233.jpg HTTP/1.1" 404 1800
[2026-08-25 14:17:25,769] [basehttp.py:154] [basehttp:log_message] [INFO]- "GET /media/DeviceLNV/Device/2156.jpg HTTP/1.1" 200 201323
[2026-08-25 14:17:25,815] [basehttp.py:154] [basehttp:log_message] [INFO]- "GET /media/DeviceLNV/Device/1513.jpg HTTP/1.1" 200 215360
[2026-08-25 14:17:25,842] [log.py:228] [log:log_response] [WARNING]- Not Found: /media/DeviceLNV/Device/2214.jpg
[2026-08-25 14:17:25,843] [basehttp.py:154] [basehttp:log_message] [WARNING]- "GET /media/DeviceLNV/Device/2214.jpg HTTP/1.1" 404 1803
[2026-08-25 14:17:25,857] [log.py:228] [log:log_response] [WARNING]- Not Found: /media/DeviceLNV/Device/2260.jpg
[2026-08-25 14:17:25,861] [basehttp.py:154] [basehttp:log_message] [WARNING]- "GET /media/DeviceLNV/Device/2260.jpg HTTP/1.1" 404 1803
[2026-08-25 14:17:25,903] [log.py:228] [log:log_response] [WARNING]- Not Found: /media/DeviceLNV/Device/244.jpg
[2026-08-25 14:17:25,904] [basehttp.py:154] [basehttp:log_message] [WARNING]- "GET /media/DeviceLNV/Device/244.jpg HTTP/1.1" 404 1800
[2026-08-25 14:17:25,911] [log.py:228] [log:log_response] [WARNING]- Not Found: /media/DeviceLNV/Device/1462.jpg
[2026-08-25 14:17:25,917] [basehttp.py:154] [basehttp:log_message] [WARNING]- "GET /media/DeviceLNV/Device/1462.jpg HTTP/1.1" 404 1803
[2026-08-25 14:17:25,925] [log.py:228] [log:log_response] [WARNING]- Not Found: /media/DeviceLNV/Device/2218.jpg
[2026-08-25 14:17:25,926] [basehttp.py:154] [basehttp:log_message] [WARNING]- "GET /media/DeviceLNV/Device/2218.jpg HTTP/1.1" 404 1803
[2026-08-25 14:17:25,948] [log.py:228] [log:log_response] [WARNING]- Not Found: /media/DeviceLNV/Device/253.jpg
[2026-08-25 14:17:25,948] [basehttp.py:154] [basehttp:log_message] [WARNING]- "GET /media/DeviceLNV/Device/253.jpg HTTP/1.1" 404 1800
[2026-08-25 14:17:25,966] [log.py:228] [log:log_response] [WARNING]- Not Found: /media/DeviceLNV/Device/262.jpg
[2026-08-25 14:17:25,966] [basehttp.py:154] [basehttp:log_message] [WARNING]- "GET /media/DeviceLNV/Device/262.jpg HTTP/1.1" 404 1800
[2026-08-25 14:17:26,006] [log.py:228] [log:log_response] [WARNING]- Not Found: /media/DeviceLNV/Device/261.jpg
[2026-08-25 14:17:26,007] [basehttp.py:154] [basehttp:log_message] [WARNING]- "GET /media/DeviceLNV/Device/261.jpg HTTP/1.1" 404 1800
[2026-08-25 14:17:26,038] [log.py:228] [log:log_response] [WARNING]- Not Found: /media/DeviceLNV/Device/268.jpg
[2026-08-25 14:17:26,040] [basehttp.py:154] [basehttp:log_message] [WARNING]- "GET /media/DeviceLNV/Device/268.jpg HTTP/1.1" 404 1800
[2026-08-25 14:17:26,100] [log.py:228] [log:log_response] [WARNING]- Not Found: /media/DeviceLNV/Device/269.jpg
[2026-08-25 14:17:26,102] [basehttp.py:154] [basehttp:log_message] [WARNING]- "GET /media/DeviceLNV/Device/269.jpg HTTP/1.1" 404 1800
[2026-08-25 14:17:26,121] [log.py:228] [log:log_response] [WARNING]- Not Found: /media/DeviceLNV/Device/266.jpg
[2026-08-25 14:17:26,123] [basehttp.py:154] [basehttp:log_message] [WARNING]- "GET /media/DeviceLNV/Device/266.jpg HTTP/1.1" 404 1800
[2026-08-25 14:17:26,130] [log.py:228] [log:log_response] [WARNING]- Not Found: /media/DeviceLNV/Device/267.jpg
[2026-08-25 14:17:26,135] [basehttp.py:154] [basehttp:log_message] [WARNING]- "GET /media/DeviceLNV/Device/267.jpg HTTP/1.1" 404 1800
[2026-08-25 14:17:26,140] [log.py:228] [log:log_response] [WARNING]- Not Found: /media/DeviceLNV/Device/2098.jpg
[2026-08-25 14:17:26,143] [basehttp.py:154] [basehttp:log_message] [WARNING]- "GET /media/DeviceLNV/Device/2098.jpg HTTP/1.1" 404 1803
[2026-08-25 14:17:26,158] [log.py:228] [log:log_response] [WARNING]- Not Found: /media/DeviceLNV/Device/1292.jpg
[2026-08-25 14:17:26,160] [basehttp.py:154] [basehttp:log_message] [WARNING]- "GET /media/DeviceLNV/Device/1292.jpg HTTP/1.1" 404 1803
[2026-08-25 14:17:26,188] [log.py:228] [log:log_response] [WARNING]- Not Found: /media/DeviceLNV/Device/209.jpg
[2026-08-25 14:17:26,188] [basehttp.py:154] [basehttp:log_message] [WARNING]- "GET /media/DeviceLNV/Device/209.jpg HTTP/1.1" 404 1800
[2026-08-25 14:17:26,233] [log.py:228] [log:log_response] [WARNING]- Not Found: /media/DeviceLNV/Device/264.jpg
[2026-08-25 14:17:26,234] [basehttp.py:154] [basehttp:log_message] [WARNING]- "GET /media/DeviceLNV/Device/264.jpg HTTP/1.1" 404 1800
[2026-08-25 14:17:26,265] [log.py:228] [log:log_response] [WARNING]- Not Found: /media/DeviceLNV/Device/228.jpg
[2026-08-25 14:17:26,266] [basehttp.py:154] [basehttp:log_message] [WARNING]- "GET /media/DeviceLNV/Device/228.jpg HTTP/1.1" 404 1800
[2026-08-25 14:17:26,373] [log.py:228] [log:log_response] [WARNING]- Not Found: /media/DeviceLNV/Device/214.jpg
[2026-08-25 14:17:26,375] [basehttp.py:154] [basehttp:log_message] [WARNING]- "GET /media/DeviceLNV/Device/214.jpg HTTP/1.1" 404 1800
[2026-08-25 14:17:26,391] [log.py:228] [log:log_response] [WARNING]- Not Found: /media/DeviceLNV/Device/2049.jpg
[2026-08-25 14:17:26,393] [basehttp.py:154] [basehttp:log_message] [WARNING]- "GET /media/DeviceLNV/Device/2049.jpg HTTP/1.1" 404 1803
[2026-08-25 14:17:26,430] [log.py:228] [log:log_response] [WARNING]- Not Found: /media/DeviceLNV/Device/2050.jpg
[2026-08-25 14:17:26,430] [basehttp.py:154] [basehttp:log_message] [WARNING]- "GET /media/DeviceLNV/Device/2050.jpg HTTP/1.1" 404 1803
[2026-08-25 14:17:26,441] [log.py:228] [log:log_response] [WARNING]- Not Found: /media/DeviceLNV/Device/1298.jpg
[2026-08-25 14:17:26,448] [basehttp.py:154] [basehttp:log_message] [WARNING]- "GET /media/DeviceLNV/Device/1298.jpg HTTP/1.1" 404 1803
[2026-08-25 14:17:26,455] [log.py:228] [log:log_response] [WARNING]- Not Found: /media/DeviceLNV/Device/1301.jpg
[2026-08-25 14:17:26,462] [basehttp.py:154] [basehttp:log_message] [WARNING]- "GET /media/DeviceLNV/Device/1301.jpg HTTP/1.1" 404 1803
[2026-08-25 14:17:26,485] [log.py:228] [log:log_response] [WARNING]- Not Found: /media/DeviceLNV/Device/259.jpg
[2026-08-25 14:17:26,486] [basehttp.py:154] [basehttp:log_message] [WARNING]- "GET /media/DeviceLNV/Device/259.jpg HTTP/1.1" 404 1800
[2026-08-25 14:17:26,494] [log.py:228] [log:log_response] [WARNING]- Not Found: /media/DeviceLNV/Device/260.jpg
[2026-08-25 14:17:26,498] [basehttp.py:154] [basehttp:log_message] [WARNING]- "GET /media/DeviceLNV/Device/260.jpg HTTP/1.1" 404 1800
[2026-08-25 14:17:26,520] [log.py:228] [log:log_response] [WARNING]- Not Found: /media/DeviceLNV/Device/1294.jpg
[2026-08-25 14:17:26,524] [basehttp.py:154] [basehttp:log_message] [WARNING]- "GET /media/DeviceLNV/Device/1294.jpg HTTP/1.1" 404 1803
[2026-08-25 14:17:26,529] [log.py:228] [log:log_response] [WARNING]- Not Found: /media/DeviceLNV/Device/1383.jpg
[2026-08-25 14:17:26,533] [basehttp.py:154] [basehttp:log_message] [WARNING]- "GET /media/DeviceLNV/Device/1383.jpg HTTP/1.1" 404 1803
[2026-08-25 14:17:26,540] [log.py:228] [log:log_response] [WARNING]- Not Found: /media/DeviceLNV/Device/1296.jpg
[2026-08-25 14:17:26,545] [basehttp.py:154] [basehttp:log_message] [WARNING]- "GET /media/DeviceLNV/Device/1296.jpg HTTP/1.1" 404 1803
[2026-08-25 14:17:26,549] [log.py:228] [log:log_response] [WARNING]- Not Found: /media/DeviceLNV/Device/1297.jpg
[2026-08-25 14:17:26,555] [basehttp.py:154] [basehttp:log_message] [WARNING]- "GET /media/DeviceLNV/Device/1297.jpg HTTP/1.1" 404 1803
[2026-08-25 14:17:26,571] [log.py:228] [log:log_response] [WARNING]- Not Found: /media/DeviceLNV/Device/1302.jpg
[2026-08-25 14:17:26,571] [basehttp.py:154] [basehttp:log_message] [WARNING]- "GET /media/DeviceLNV/Device/1302.jpg HTTP/1.1" 404 1803
[2026-08-25 14:17:26,580] [log.py:228] [log:log_response] [WARNING]- Not Found: /media/DeviceLNV/Device/223.jpg
[2026-08-25 14:17:26,587] [basehttp.py:154] [basehttp:log_message] [WARNING]- "GET /media/DeviceLNV/Device/223.jpg HTTP/1.1" 404 1800
[2026-08-25 14:17:26,663] [log.py:228] [log:log_response] [WARNING]- Not Found: /media/DeviceLNV/Device/1934.jpg
[2026-08-25 14:17:26,667] [basehttp.py:154] [basehttp:log_message] [WARNING]- "GET /media/DeviceLNV/Device/1934.jpg HTTP/1.1" 404 1803
[2026-08-25 14:17:26,735] [log.py:228] [log:log_response] [WARNING]- Not Found: /media/DeviceLNV/Device/2220.jpg
[2026-08-25 14:17:26,736] [basehttp.py:154] [basehttp:log_message] [WARNING]- "GET /media/DeviceLNV/Device/2220.jpg HTTP/1.1" 404 1803
[2026-08-25 14:17:26,796] [log.py:228] [log:log_response] [WARNING]- Not Found: /media/DeviceLNV/Device/1460.jpg
[2026-08-25 14:17:26,798] [basehttp.py:154] [basehttp:log_message] [WARNING]- "GET /media/DeviceLNV/Device/1460.jpg HTTP/1.1" 404 1803
[2026-08-25 14:17:26,876] [log.py:228] [log:log_response] [WARNING]- Not Found: /media/DeviceLNV/Device/246.jpg
[2026-08-25 14:17:26,877] [basehttp.py:154] [basehttp:log_message] [WARNING]- "GET /media/DeviceLNV/Device/246.jpg HTTP/1.1" 404 1800
[2026-08-25 14:17:26,972] [log.py:228] [log:log_response] [WARNING]- Not Found: /media/DeviceLNV/Device/242.jpg
[2026-08-25 14:17:26,973] [basehttp.py:154] [basehttp:log_message] [WARNING]- "GET /media/DeviceLNV/Device/242.jpg HTTP/1.1" 404 1800
[2026-08-25 14:17:27,055] [log.py:228] [log:log_response] [WARNING]- Not Found: /media/DeviceLNV/Device/248.jpg
[2026-08-25 14:17:27,056] [basehttp.py:154] [basehttp:log_message] [WARNING]- "GET /media/DeviceLNV/Device/248.jpg HTTP/1.1" 404 1800
[2026-08-25 14:17:27,161] [log.py:228] [log:log_response] [WARNING]- Not Found: /media/DeviceLNV/Device/251.jpg
[2026-08-25 14:17:27,163] [basehttp.py:154] [basehttp:log_message] [WARNING]- "GET /media/DeviceLNV/Device/251.jpg HTTP/1.1" 404 1800
[2026-08-25 14:17:27,236] [log.py:228] [log:log_response] [WARNING]- Not Found: /media/DeviceLNV/Device/252.jpg
[2026-08-25 14:17:27,238] [basehttp.py:154] [basehttp:log_message] [WARNING]- "GET /media/DeviceLNV/Device/252.jpg HTTP/1.1" 404 1800
[2026-08-25 14:17:27,352] [log.py:228] [log:log_response] [WARNING]- Not Found: /media/DeviceLNV/Device/243.jpg
[2026-08-25 14:17:27,354] [basehttp.py:154] [basehttp:log_message] [WARNING]- "GET /media/DeviceLNV/Device/243.jpg HTTP/1.1" 404 1800
[2026-08-25 14:17:27,399] [log.py:228] [log:log_response] [WARNING]- Not Found: /media/DeviceLNV/Device/250.jpg
[2026-08-25 14:17:27,402] [basehttp.py:154] [basehttp:log_message] [WARNING]- "GET /media/DeviceLNV/Device/250.jpg HTTP/1.1" 404 1800
[2026-08-25 14:17:27,476] [log.py:228] [log:log_response] [WARNING]- Not Found: /media/DeviceLNV/Device/254.jpg
[2026-08-25 14:17:27,478] [basehttp.py:154] [basehttp:log_message] [WARNING]- "GET /media/DeviceLNV/Device/254.jpg HTTP/1.1" 404 1800
[2026-08-25 14:17:27,579] [log.py:228] [log:log_response] [WARNING]- Not Found: /media/DeviceLNV/Device/1065.jpg
[2026-08-25 14:17:27,581] [basehttp.py:154] [basehttp:log_message] [WARNING]- "GET /media/DeviceLNV/Device/1065.jpg HTTP/1.1" 404 1803
[2026-08-25 14:17:27,670] [log.py:228] [log:log_response] [WARNING]- Not Found: /media/DeviceLNV/Device/334.jpg
[2026-08-25 14:17:27,677] [basehttp.py:154] [basehttp:log_message] [WARNING]- "GET /media/DeviceLNV/Device/334.jpg HTTP/1.1" 404 1800
[2026-08-25 14:17:27,741] [log.py:228] [log:log_response] [WARNING]- Not Found: /media/DeviceLNV/Device/316.jpg
[2026-08-25 14:17:27,744] [basehttp.py:154] [basehttp:log_message] [WARNING]- "GET /media/DeviceLNV/Device/316.jpg HTTP/1.1" 404 1800
[2026-08-25 14:17:27,882] [log.py:228] [log:log_response] [WARNING]- Not Found: /media/DeviceLNV/Device/331.jpg
[2026-08-25 14:17:27,883] [basehttp.py:154] [basehttp:log_message] [WARNING]- "GET /media/DeviceLNV/Device/331.jpg HTTP/1.1" 404 1800
[2026-08-25 14:17:27,919] [log.py:228] [log:log_response] [WARNING]- Not Found: /media/DeviceLNV/Device/1046.jpg
[2026-08-25 14:17:27,920] [basehttp.py:154] [basehttp:log_message] [WARNING]- "GET /media/DeviceLNV/Device/1046.jpg HTTP/1.1" 404 1803
[2026-08-25 14:17:28,039] [log.py:228] [log:log_response] [WARNING]- Not Found: /media/DeviceLNV/Device/1492.jpg
[2026-08-25 14:17:28,040] [basehttp.py:154] [basehttp:log_message] [WARNING]- "GET /media/DeviceLNV/Device/1492.jpg HTTP/1.1" 404 1803
[2026-08-25 14:17:28,091] [log.py:228] [log:log_response] [WARNING]- Not Found: /media/DeviceLNV/Device/317.jpg
[2026-08-25 14:17:28,093] [basehttp.py:154] [basehttp:log_message] [WARNING]- "GET /media/DeviceLNV/Device/317.jpg HTTP/1.1" 404 1800
[2026-08-25 14:17:28,138] [log.py:228] [log:log_response] [WARNING]- Not Found: /media/DeviceLNV/Device/344.jpg
[2026-08-25 14:17:28,139] [basehttp.py:154] [basehttp:log_message] [WARNING]- "GET /media/DeviceLNV/Device/344.jpg HTTP/1.1" 404 1800
[2026-08-25 14:17:28,156] [log.py:228] [log:log_response] [WARNING]- Not Found: /media/DeviceLNV/Device/319.jpg
[2026-08-25 14:17:28,157] [basehttp.py:154] [basehttp:log_message] [WARNING]- "GET /media/DeviceLNV/Device/319.jpg HTTP/1.1" 404 1800
[2026-08-25 14:17:28,227] [log.py:228] [log:log_response] [WARNING]- Not Found: /media/DeviceLNV/Device/322.jpg
[2026-08-25 14:17:28,228] [basehttp.py:154] [basehttp:log_message] [WARNING]- "GET /media/DeviceLNV/Device/322.jpg HTTP/1.1" 404 1800
[2026-08-25 14:17:28,238] [log.py:228] [log:log_response] [WARNING]- Not Found: /media/DeviceLNV/Device/1066.jpg
[2026-08-25 14:17:28,249] [basehttp.py:154] [basehttp:log_message] [WARNING]- "GET /media/DeviceLNV/Device/1066.jpg HTTP/1.1" 404 1803
[2026-08-25 14:17:28,265] [log.py:228] [log:log_response] [WARNING]- Not Found: /media/DeviceLNV/Device/345.jpg
[2026-08-25 14:17:28,269] [basehttp.py:154] [basehttp:log_message] [WARNING]- "GET /media/DeviceLNV/Device/345.jpg HTTP/1.1" 404 1800
[2026-08-25 14:17:28,322] [log.py:228] [log:log_response] [WARNING]- Not Found: /media/DeviceLNV/Device/341.jpg
[2026-08-25 14:17:28,326] [basehttp.py:154] [basehttp:log_message] [WARNING]- "GET /media/DeviceLNV/Device/341.jpg HTTP/1.1" 404 1800
[2026-08-25 14:17:28,372] [log.py:228] [log:log_response] [WARNING]- Not Found: /media/DeviceLNV/Device/337.jpg
[2026-08-25 14:17:28,374] [basehttp.py:154] [basehttp:log_message] [WARNING]- "GET /media/DeviceLNV/Device/337.jpg HTTP/1.1" 404 1800
[2026-08-25 14:17:28,411] [log.py:228] [log:log_response] [WARNING]- Not Found: /media/DeviceLNV/Device/332.jpg
[2026-08-25 14:17:28,412] [basehttp.py:154] [basehttp:log_message] [WARNING]- "GET /media/DeviceLNV/Device/332.jpg HTTP/1.1" 404 1800
[2026-08-25 14:17:28,456] [log.py:228] [log:log_response] [WARNING]- Not Found: /media/DeviceLNV/Device/1178.jpg
[2026-08-25 14:17:28,459] [basehttp.py:154] [basehttp:log_message] [WARNING]- "GET /media/DeviceLNV/Device/1178.jpg HTTP/1.1" 404 1803
[2026-08-25 14:17:28,538] [log.py:228] [log:log_response] [WARNING]- Not Found: /media/DeviceLNV/Device/326.jpg
[2026-08-25 14:17:28,539] [basehttp.py:154] [basehttp:log_message] [WARNING]- "GET /media/DeviceLNV/Device/326.jpg HTTP/1.1" 404 1800
[2026-08-25 14:17:28,601] [log.py:228] [log:log_response] [WARNING]- Not Found: /media/DeviceLNV/Device/327.jpg
[2026-08-25 14:17:28,602] [basehttp.py:154] [basehttp:log_message] [WARNING]- "GET /media/DeviceLNV/Device/327.jpg HTTP/1.1" 404 1800
[2026-08-25 14:17:28,608] [log.py:228] [log:log_response] [WARNING]- Not Found: /media/DeviceLNV/Device/324.jpg
[2026-08-25 14:17:28,609] [basehttp.py:154] [basehttp:log_message] [WARNING]- "GET /media/DeviceLNV/Device/324.jpg HTTP/1.1" 404 1800
[2026-08-25 14:17:28,647] [log.py:228] [log:log_response] [WARNING]- Not Found: /media/DeviceLNV/Device/1179.jpg
[2026-08-25 14:17:28,652] [basehttp.py:154] [basehttp:log_message] [WARNING]- "GET /media/DeviceLNV/Device/1179.jpg HTTP/1.1" 404 1803
[2026-08-25 14:17:28,684] [log.py:228] [log:log_response] [WARNING]- Not Found: /media/DeviceLNV/Device/283.jpg
[2026-08-25 14:17:28,690] [basehttp.py:154] [basehttp:log_message] [WARNING]- "GET /media/DeviceLNV/Device/283.jpg HTTP/1.1" 404 1800
[2026-08-25 14:17:28,700] [log.py:228] [log:log_response] [WARNING]- Not Found: /media/DeviceLNV/Device/321.jpg
[2026-08-25 14:17:28,705] [basehttp.py:154] [basehttp:log_message] [WARNING]- "GET /media/DeviceLNV/Device/321.jpg HTTP/1.1" 404 1800
[2026-08-25 14:17:28,710] [log.py:228] [log:log_response] [WARNING]- Not Found: /media/DeviceLNV/Device/292.jpg
[2026-08-25 14:17:28,714] [basehttp.py:154] [basehttp:log_message] [WARNING]- "GET /media/DeviceLNV/Device/292.jpg HTTP/1.1" 404 1800
[2026-08-25 14:17:28,742] [log.py:228] [log:log_response] [WARNING]- Not Found: /media/DeviceLNV/Device/294.jpg
[2026-08-25 14:17:28,743] [basehttp.py:154] [basehttp:log_message] [WARNING]- "GET /media/DeviceLNV/Device/294.jpg HTTP/1.1" 404 1800
[2026-08-25 14:17:28,749] [log.py:228] [log:log_response] [WARNING]- Not Found: /media/DeviceLNV/Device/286.jpg
[2026-08-25 14:17:28,751] [basehttp.py:154] [basehttp:log_message] [WARNING]- "GET /media/DeviceLNV/Device/286.jpg HTTP/1.1" 404 1800
[2026-08-25 14:17:28,757] [log.py:228] [log:log_response] [WARNING]- Not Found: /media/DeviceLNV/Device/1550.jpg
[2026-08-25 14:17:28,766] [basehttp.py:154] [basehttp:log_message] [WARNING]- "GET /media/DeviceLNV/Device/1550.jpg HTTP/1.1" 404 1803
[2026-08-25 14:17:28,770] [log.py:228] [log:log_response] [WARNING]- Not Found: /media/DeviceLNV/Device/1551.jpg
[2026-08-25 14:17:28,775] [basehttp.py:154] [basehttp:log_message] [WARNING]- "GET /media/DeviceLNV/Device/1551.jpg HTTP/1.1" 404 1803
[2026-08-25 14:17:28,804] [log.py:228] [log:log_response] [WARNING]- Not Found: /media/DeviceLNV/Device/375.jpg
[2026-08-25 14:17:28,805] [basehttp.py:154] [basehttp:log_message] [WARNING]- "GET /media/DeviceLNV/Device/375.jpg HTTP/1.1" 404 1800
[2026-08-25 14:17:28,825] [log.py:228] [log:log_response] [WARNING]- Not Found: /media/DeviceLNV/Device/1553.jpg
[2026-08-25 14:17:28,826] [basehttp.py:154] [basehttp:log_message] [WARNING]- "GET /media/DeviceLNV/Device/1553.jpg HTTP/1.1" 404 1803
[2026-08-25 14:17:28,848] [log.py:228] [log:log_response] [WARNING]- Not Found: /media/DeviceLNV/Device/374.jpg
[2026-08-25 14:17:28,851] [basehttp.py:154] [basehttp:log_message] [WARNING]- "GET /media/DeviceLNV/Device/374.jpg HTTP/1.1" 404 1800
[2026-08-25 14:17:28,860] [log.py:228] [log:log_response] [WARNING]- Not Found: /media/DeviceLNV/Device/281.jpg
[2026-08-25 14:17:28,869] [basehttp.py:154] [basehttp:log_message] [WARNING]- "GET /media/DeviceLNV/Device/281.jpg HTTP/1.1" 404 1800
[2026-08-25 14:17:28,878] [log.py:228] [log:log_response] [WARNING]- Not Found: /media/DeviceLNV/Device/289.jpg
[2026-08-25 14:17:28,885] [basehttp.py:154] [basehttp:log_message] [WARNING]- "GET /media/DeviceLNV/Device/289.jpg HTTP/1.1" 404 1800
[2026-08-25 14:17:28,900] [log.py:228] [log:log_response] [WARNING]- Not Found: /media/DeviceLNV/Device/1044.jpg
[2026-08-25 14:17:28,906] [basehttp.py:154] [basehttp:log_message] [WARNING]- "GET /media/DeviceLNV/Device/1044.jpg HTTP/1.1" 404 1803
[2026-08-25 14:17:28,912] [log.py:228] [log:log_response] [WARNING]- Not Found: /media/DeviceLNV/Device/373.jpg
[2026-08-25 14:17:28,916] [basehttp.py:154] [basehttp:log_message] [WARNING]- "GET /media/DeviceLNV/Device/373.jpg HTTP/1.1" 404 1800
[2026-08-25 14:17:28,925] [log.py:228] [log:log_response] [WARNING]- Not Found: /media/DeviceLNV/Device/1512.jpg
[2026-08-25 14:17:28,928] [basehttp.py:154] [basehttp:log_message] [WARNING]- "GET /media/DeviceLNV/Device/1512.jpg HTTP/1.1" 404 1803
[2026-08-25 14:17:28,967] [log.py:228] [log:log_response] [WARNING]- Not Found: /media/DeviceLNV/Device/2047.jpg
[2026-08-25 14:17:28,968] [basehttp.py:154] [basehttp:log_message] [WARNING]- "GET /media/DeviceLNV/Device/2047.jpg HTTP/1.1" 404 1803
[2026-08-25 14:17:29,006] [log.py:228] [log:log_response] [WARNING]- Not Found: /media/DeviceLNV/Device/1461.jpg
[2026-08-25 14:17:29,011] [basehttp.py:154] [basehttp:log_message] [WARNING]- "GET /media/DeviceLNV/Device/1461.jpg HTTP/1.1" 404 1803
[2026-08-25 14:17:29,033] [log.py:228] [log:log_response] [WARNING]- Not Found: /media/DeviceLNV/Device/338.jpg
[2026-08-25 14:17:29,035] [basehttp.py:154] [basehttp:log_message] [WARNING]- "GET /media/DeviceLNV/Device/338.jpg HTTP/1.1" 404 1800
[2026-08-25 14:17:29,050] [log.py:228] [log:log_response] [WARNING]- Not Found: /media/DeviceLNV/Device/339.jpg
[2026-08-25 14:17:29,058] [basehttp.py:154] [basehttp:log_message] [WARNING]- "GET /media/DeviceLNV/Device/339.jpg HTTP/1.1" 404 1800
[2026-08-25 14:17:29,076] [log.py:228] [log:log_response] [WARNING]- Not Found: /media/DeviceLNV/Device/340.jpg
[2026-08-25 14:17:29,078] [basehttp.py:154] [basehttp:log_message] [WARNING]- "GET /media/DeviceLNV/Device/340.jpg HTTP/1.1" 404 1800
[2026-08-25 14:17:29,095] [log.py:228] [log:log_response] [WARNING]- Not Found: /media/DeviceLNV/Device/1552.jpg
[2026-08-25 14:17:29,100] [basehttp.py:154] [basehttp:log_message] [WARNING]- "GET /media/DeviceLNV/Device/1552.jpg HTTP/1.1" 404 1803
[2026-08-25 14:17:29,115] [log.py:228] [log:log_response] [WARNING]- Not Found: /media/DeviceLNV/Device/282.jpg
[2026-08-25 14:17:29,120] [basehttp.py:154] [basehttp:log_message] [WARNING]- "GET /media/DeviceLNV/Device/282.jpg HTTP/1.1" 404 1800
[2026-08-25 14:17:29,125] [log.py:228] [log:log_response] [WARNING]- Not Found: /media/DeviceLNV/Device/304.jpg
[2026-08-25 14:17:29,131] [basehttp.py:154] [basehttp:log_message] [WARNING]- "GET /media/DeviceLNV/Device/304.jpg HTTP/1.1" 404 1800
[2026-08-25 14:17:29,143] [log.py:228] [log:log_response] [WARNING]- Not Found: /media/DeviceLNV/Device/307.jpg
[2026-08-25 14:17:29,144] [basehttp.py:154] [basehttp:log_message] [WARNING]- "GET /media/DeviceLNV/Device/307.jpg HTTP/1.1" 404 1800
[2026-08-25 14:17:29,166] [log.py:228] [log:log_response] [WARNING]- Not Found: /media/DeviceLNV/Device/299.jpg
[2026-08-25 14:17:29,168] [basehttp.py:154] [basehttp:log_message] [WARNING]- "GET /media/DeviceLNV/Device/299.jpg HTTP/1.1" 404 1800
[2026-08-25 14:17:29,176] [log.py:228] [log:log_response] [WARNING]- Not Found: /media/DeviceLNV/Device/290.jpg
[2026-08-25 14:17:29,177] [log.py:228] [log:log_response] [WARNING]- Not Found: /media/DeviceLNV/Device/370.jpg
[2026-08-25 14:17:29,179] [basehttp.py:154] [basehttp:log_message] [WARNING]- "GET /media/DeviceLNV/Device/290.jpg HTTP/1.1" 404 1800
[2026-08-25 14:17:29,181] [basehttp.py:154] [basehttp:log_message] [WARNING]- "GET /media/DeviceLNV/Device/370.jpg HTTP/1.1" 404 1800
[2026-08-25 14:17:29,217] [log.py:228] [log:log_response] [WARNING]- Not Found: /media/DeviceLNV/Device/291.jpg
[2026-08-25 14:17:29,218] [basehttp.py:154] [basehttp:log_message] [WARNING]- "GET /media/DeviceLNV/Device/291.jpg HTTP/1.1" 404 1800
[2026-08-25 14:17:29,224] [log.py:228] [log:log_response] [WARNING]- Not Found: /media/DeviceLNV/Device/1177.jpg
[2026-08-25 14:17:29,229] [basehttp.py:154] [basehttp:log_message] [WARNING]- "GET /media/DeviceLNV/Device/1177.jpg HTTP/1.1" 404 1803
[2026-08-25 14:17:29,232] [log.py:228] [log:log_response] [WARNING]- Not Found: /media/DeviceLNV/Device/296.jpg
[2026-08-25 14:17:29,237] [basehttp.py:154] [basehttp:log_message] [WARNING]- "GET /media/DeviceLNV/Device/296.jpg HTTP/1.1" 404 1800
[2026-08-25 14:17:29,251] [log.py:228] [log:log_response] [WARNING]- Not Found: /media/DeviceLNV/Device/305.jpg
[2026-08-25 14:17:29,252] [basehttp.py:154] [basehttp:log_message] [WARNING]- "GET /media/DeviceLNV/Device/305.jpg HTTP/1.1" 404 1800
[2026-08-25 14:17:29,278] [log.py:228] [log:log_response] [WARNING]- Not Found: /media/DeviceLNV/Device/288.jpg
[2026-08-25 14:17:29,278] [basehttp.py:154] [basehttp:log_message] [WARNING]- "GET /media/DeviceLNV/Device/288.jpg HTTP/1.1" 404 1800
[2026-08-25 14:17:29,281] [log.py:228] [log:log_response] [WARNING]- Not Found: /media/DeviceLNV/Device/2128.jpg
[2026-08-25 14:17:29,285] [basehttp.py:154] [basehttp:log_message] [WARNING]- "GET /media/DeviceLNV/Device/2128.jpg HTTP/1.1" 404 1803
[2026-08-25 14:17:29,299] [log.py:228] [log:log_response] [WARNING]- Not Found: /media/DeviceLNV/Device/2129.jpg
[2026-08-25 14:17:29,301] [basehttp.py:154] [basehttp:log_message] [WARNING]- "GET /media/DeviceLNV/Device/2129.jpg HTTP/1.1" 404 1803
[2026-08-25 14:17:29,313] [log.py:228] [log:log_response] [WARNING]- Not Found: /media/DeviceLNV/Device/287.jpg
[2026-08-25 14:17:29,314] [basehttp.py:154] [basehttp:log_message] [WARNING]- "GET /media/DeviceLNV/Device/287.jpg HTTP/1.1" 404 1800
[2026-08-25 14:17:29,318] [log.py:228] [log:log_response] [WARNING]- Not Found: /media/DeviceLNV/Device/295.jpg
[2026-08-25 14:17:29,320] [basehttp.py:154] [basehttp:log_message] [WARNING]- "GET /media/DeviceLNV/Device/295.jpg HTTP/1.1" 404 1800
